id,timestamp,headline,source,corridor,risk_score,severity,summary,url
EVT_0001,2026-08-20T08:00:00Z,Modi and trump hold phone call as india seeks relief from us tariffs over russian oil trade,LLaMA Ground Truth / India-Russia Trade,Other,2.0,LOW,Talks seeking tariff relief on Russian oil - de-escalatory diplomacy,https://krude.energy/intelligence
EVT_0002,2026-08-20T08:00:00Z,Germany wont take part in us strait of hormuz initiative fm,LLaMA Ground Truth / Hormuz,Hormuz,4.0,MEDIUM,"Germany declines Hormuz naval coalition - weakens chokepoint protection, no incident",https://krude.energy/intelligence
EVT_0003,2026-08-20T08:00:00Z,Houthis continue red sea attacks amid trade traffic surge,LLaMA Ground Truth / Red Sea,Bab-el-Mandeb,8.0,CRITICAL,Ongoing confirmed Houthi attacks on Red Sea shipping,https://krude.energy/intelligence
EVT_0004,2026-08-20T08:00:00Z,Us gov narrative blaming iran for oil tanker attacks falls apart in hours,LLaMA Ground Truth / Tanker Incident,Other,7.0,HIGH,Disputed attribution of confirmed Gulf tanker attacks,https://krude.energy/intelligence
EVT_0005,2026-08-20T08:00:00Z,Jaishankar iran visit red sea attacks agenda houthis gaza israel,LLaMA Ground Truth / Red Sea,Bab-el-Mandeb,5.0,HIGH,India-Iran diplomacy with Red Sea attacks on agenda,https://krude.energy/intelligence
EVT_0006,2026-08-20T08:00:00Z,2 oil tankers reportedly attacked near strait hormuz japan tries defuse usiran tensions,LLaMA Ground Truth / Hormuz,Hormuz,9.0,CRITICAL,Multiple tankers attacked at Strait of Hormuz - top-tier chokepoint event,https://krude.energy/intelligence
EVT_0007,2026-08-20T08:00:00Z,Saudi crown prince calls for decisive stand on tanker attacks,LLaMA Ground Truth / Tanker Incident,Other,6.0,HIGH,Saudi escalatory rhetoric after tanker attacks,https://krude.energy/intelligence
EVT_0008,2026-08-20T08:00:00Z,Iran is responsible for tanker attacks in gulf of oman,LLaMA Ground Truth / Tanker Incident,Other,7.0,HIGH,State attribution of Gulf of Oman attacks to Iran,https://krude.energy/intelligence
EVT_0009,2026-08-20T08:00:00Z,Vessel will go to us port legal process will be followed for possession of oil white house on oil tanker seized off venezuelas coast,LLaMA Ground Truth / Tanker Incident,Other,6.0,HIGH,Confirmed tanker seizure off Venezuela - non-India corridor,https://krude.energy/intelligence
EVT_0010,2026-08-20T08:00:00Z,Pentagon releases new photos as proof iran was behind tanker attacks abcid,LLaMA Ground Truth / Tanker Incident,Other,7.0,HIGH,US publishes evidence attributing tanker attacks to Iran,https://krude.energy/intelligence
EVT_0011,2026-08-20T08:00:00Z,Sanctions waiver eases pressure on cape of good hope route,LLaMA Ground Truth / Other Maritime Route,Cape of Good Hope,2.0,LOW,Sanctions waiver eases pressure on Cape route,https://krude.energy/intelligence
EVT_0012,2026-08-20T08:00:00Z,Indias crude oil imports drop to five month low in june,LLaMA Ground Truth / Other,Other,3.0,MEDIUM,Routine crude import statistic,https://krude.energy/intelligence
EVT_0013,2026-08-20T08:00:00Z,Maersk s net profit sinks amid red sea attacks,LLaMA Ground Truth / Red Sea,Bab-el-Mandeb,6.0,HIGH,Carrier earnings hit confirms sustained Red Sea disruption,https://krude.energy/intelligence
EVT_0014,2026-08-20T08:00:00Z,Asia container demand grows chinese new year approach red sea attacks,LLaMA Ground Truth / Red Sea,Bab-el-Mandeb,5.0,HIGH,Container demand shifts under Red Sea disruption,https://krude.energy/intelligence
EVT_0015,2026-08-20T08:00:00Z,Will keep massive tariffs on india until russian oil import stops trump,LLaMA Ground Truth / India-Russia Trade,Other,5.0,HIGH,Tariff coercion tied directly to Russian oil imports,https://krude.energy/intelligence
EVT_0016,2026-08-20T08:00:00Z,Us urges g7 eu to impose tariffs on china india over russian oil purchases,LLaMA Ground Truth / India-Russia Trade,Other,5.0,HIGH,US pushing G7/EU tariffs over Russian oil purchases,https://krude.energy/intelligence
EVT_0017,2026-08-20T08:00:00Z,India not buying oil from iran after us waivers expired envoy,LLaMA Ground Truth / Other,Other,4.0,MEDIUM,Confirms India ended Iranian crude after waiver expiry,https://krude.energy/intelligence
EVT_0018,2026-08-20T08:00:00Z,Egyptian navy takes seized suezmax into terminal,LLaMA Ground Truth / Suez,Suez,6.0,HIGH,Egyptian navy takes seized suezmax under control - enforcement near Suez,https://krude.energy/intelligence
EVT_0019,2026-08-20T08:00:00Z,The suez canal a vital shipping artery blocked by lodged ship,LLaMA Ground Truth / Suez,Suez,9.0,CRITICAL,Suez Canal physically blocked - corridor closure,https://krude.energy/intelligence
EVT_0020,2026-08-20T08:00:00Z,Companies suspend transit through red sea as yemens ansarallah attack two more ships,LLaMA Ground Truth / Red Sea,Bab-el-Mandeb,9.0,CRITICAL,Carriers suspending Red Sea transit plus fresh attacks on two ships,https://krude.energy/intelligence
EVT_0021,2026-08-20T08:00:00Z,British military warns of possible vessel being boarded near strait of hormuz,LLaMA Ground Truth / Hormuz,Hormuz,7.0,HIGH,UK military warns of imminent boarding near Hormuz,https://krude.energy/intelligence
EVT_0022,2026-08-20T08:00:00Z,India s russian oil imports rise in february ship tracking data,LLaMA Ground Truth / India-Russia Trade,Other,3.0,MEDIUM,Ship-tracking import statistic,https://krude.energy/intelligence
EVT_0023,2026-08-20T08:00:00Z,Indias imports of russian oil could jump by 50 if west imposes price cap expert says,LLaMA Ground Truth / Sanctions Policy,Other,4.0,MEDIUM,Analyst view on price-cap effect on Indian imports,https://krude.energy/intelligence
EVT_0024,2026-08-20T08:00:00Z,Breaking oman oil tanker attack,LLaMA Ground Truth / Tanker Incident,Hormuz,8.0,CRITICAL,"Confirmed tanker attack, Gulf of Oman",https://krude.energy/intelligence
EVT_0025,2026-08-20T08:00:00Z,Indian oil bpcl hpcl to take a hit due to soaring crude prices moodys,LLaMA Ground Truth / Other,Other,4.0,MEDIUM,Crude price pass-through to Indian refiners,https://krude.energy/intelligence
EVT_0026,2026-08-20T08:00:00Z,Russia top supplier of oil in india makes 40 of indian oil imports,LLaMA Ground Truth / India-Russia Trade,Other,3.0,MEDIUM,Supplier-share statistic (concentration context),https://krude.energy/intelligence
EVT_0027,2026-08-20T08:00:00Z,Israel linked tanker seized off yemen in third such assault,LLaMA Ground Truth / Tanker Incident,Bab-el-Mandeb,8.0,CRITICAL,Third tanker seizure off Yemen - confirmed corridor incident,https://krude.energy/intelligence
EVT_0028,2026-08-20T08:00:00Z,India us trump russia oil intl hnk,LLaMA Ground Truth / India-Russia Trade,Other,3.0,MEDIUM,"Fragmentary India-US-Russia oil tag, no clear signal",https://krude.energy/intelligence
EVT_0029,2026-08-20T08:00:00Z,.uk part international coalition protect red sea ships attack,LLaMA Ground Truth / Red Sea,Bab-el-Mandeb,7.0,HIGH,International naval coalition formed to protect Red Sea shipping,https://krude.energy/intelligence
EVT_0030,2026-08-20T08:00:00Z,Indias top refiner hastens to replace russian crude,LLaMA Ground Truth / Other,Other,5.0,HIGH,Top Indian refiner scrambling to replace Russian crude,https://krude.energy/intelligence
EVT_0031,2026-08-20T08:00:00Z,Red sea attacks msc ships are latest to spurn key route amid houthi threats,LLaMA Ground Truth / Red Sea,Bab-el-Mandeb,8.0,CRITICAL,MSC avoiding Red Sea - major carrier rerouting under threat,https://krude.energy/intelligence
EVT_0032,2026-08-20T08:00:00Z,Indian refiners continue to buy russian oil sources refute pause report amid trumps tirade,LLaMA Ground Truth / India-Russia Trade,Other,4.0,MEDIUM,Refiners deny pause in Russian crude buying,https://krude.energy/intelligence
EVT_0033,2026-08-20T08:00:00Z,Israel makes big statement on attacking iran tehran orders material required to make missiles from enough to build united states nuclear deal china houthis yemen hezbollah hamas gaza,LLaMA Ground Truth / Red Sea,Bab-el-Mandeb,7.0,HIGH,Israel-Iran escalation threat spanning Houthi/Hezbollah theatres,https://krude.energy/intelligence
EVT_0034,2026-08-20T08:00:00Z,Opec weighs extension of output cuts amid slackening demand,LLaMA Ground Truth / OPEC/Production,Other,5.0,HIGH,OPEC weighing extension of output cuts,https://krude.energy/intelligence
EVT_0035,2026-08-20T08:00:00Z,If us has right to buy russian fuel why shouldnt india putin on trump tariffs sanctions,LLaMA Ground Truth / Sanctions Policy,Other,4.0,MEDIUM,Putin rhetoric on sanctions double standards,https://krude.energy/intelligence
EVT_0036,2026-08-20T08:00:00Z,U s forces shoot down ballistic missiles in red sea kill gunmen in attack by yemens houthi rebels 39e,LLaMA Ground Truth / Red Sea,Bab-el-Mandeb,8.0,CRITICAL,US forces engaging Houthi missiles and gunmen in Red Sea,https://krude.energy/intelligence
EVT_0037,2026-08-20T08:00:00Z,Iran news oil tanker grace 1 gibraltar syria eu sanctions mohammad javad zarif,LLaMA Ground Truth / Sanctions Policy,Other,7.0,HIGH,Grace 1 tanker seizure and EU sanctions standoff,https://krude.energy/intelligence
EVT_0038,2026-08-20T08:00:00Z,Saudi arabia says us bound oil tankers significantly damaged in gulf attacks,LLaMA Ground Truth / Other,Hormuz,8.0,CRITICAL,Multiple US-bound tankers significantly damaged in Gulf sabotage,https://krude.energy/intelligence
EVT_0039,2026-08-20T08:00:00Z,India invests 370 million in 10 year deal to operate irans chabahar port,LLaMA Ground Truth / Other,Other,2.0,LOW,"Chabahar investment - alternative route, resilience-positive",https://krude.energy/intelligence
EVT_0040,2026-08-20T08:00:00Z,Red sea crisis markets spike following houthi missile attacks as concerns grow over impact on global supply chains,LLaMA Ground Truth / Red Sea,Bab-el-Mandeb,8.0,CRITICAL,Houthi missile attacks with confirmed market and supply-chain impact,https://krude.energy/intelligence
EVT_0041,2026-08-20T08:00:00Z,Inept african ports miss chance as red sea attacks reroute ships,LLaMA Ground Truth / Red Sea,Bab-el-Mandeb,6.0,HIGH,Confirmed rerouting of ships away from Red Sea,https://krude.energy/intelligence
EVT_0042,2026-08-20T08:00:00Z,Us uk launch new round of joint strikes against multiple houthi sites in yemen allies retalitory strikes iranian backed missile storage sites drones launchers red sea ships attacked,LLaMA Ground Truth / Red Sea,Bab-el-Mandeb,9.0,CRITICAL,US/UK strikes on Houthi sites - state kinetic escalation over the corridor,https://krude.energy/intelligence
EVT_0043,2026-08-20T08:00:00Z,Oil and gas demand to peak by iea,LLaMA Ground Truth / Other,Other,3.0,MEDIUM,Long-run IEA demand outlook,https://krude.energy/intelligence
EVT_0044,2026-08-20T08:00:00Z,India exporter stocks fall as iran attack sparks cost concerns,LLaMA Ground Truth / Other,Other,6.0,HIGH,Indian exporter stocks fall on Iran attack cost concerns,https://krude.energy/intelligence
EVT_0045,2026-08-20T08:00:00Z,India turns to saudi as purchases of russian crude oil fall in december,LLaMA Ground Truth / India-Russia Trade,Other,3.0,MEDIUM,Sourcing shift from Russia toward Saudi,https://krude.energy/intelligence
EVT_0046,2026-08-20T08:00:00Z,Qatar cautiously following recent developments in strait of hormuz,LLaMA Ground Truth / Hormuz,Hormuz,5.0,HIGH,Qatar monitoring Hormuz developments,https://krude.energy/intelligence
EVT_0047,2026-08-20T08:00:00Z,Saudi arabia says its oil pipeline was attacked by drones,LLaMA Ground Truth / Other,Hormuz,8.0,CRITICAL,Drone attack on Saudi pipeline - the main Hormuz bypass,https://krude.energy/intelligence
EVT_0048,2026-08-20T08:00:00Z,Kpa expects slight interruption in operations after suez canal blockage,LLaMA Ground Truth / Suez,Suez,6.0,HIGH,Port operations disrupted downstream of Suez blockage,https://krude.energy/intelligence
EVT_0049,2026-08-20T08:00:00Z,Iran oil exports rise september data un sanctions,LLaMA Ground Truth / Sanctions Policy,Other,4.0,MEDIUM,Iranian exports rising despite sanctions,https://krude.energy/intelligence
EVT_0050,2026-08-20T08:00:00Z,Uae say welcomes participation of other countries in tankers attack probe,LLaMA Ground Truth / Other,Other,6.0,HIGH,Multinational probe into tanker attacks,https://krude.energy/intelligence
EVT_0051,2026-08-20T08:00:00Z,Goal of june opec meeting to extend output cuts oman energy minister,LLaMA Ground Truth / OPEC/Production,Other,5.0,HIGH,OPEC meeting aimed at extending cuts,https://krude.energy/intelligence
EVT_0052,2026-08-20T08:00:00Z,India in trump s crosshairs will new delhi back down on russian oil,LLaMA Ground Truth / India-Russia Trade,Other,4.0,MEDIUM,Analysis of US pressure on India over Russian crude,https://krude.energy/intelligence
EVT_0053,2026-08-20T08:00:00Z,India has ended iranian oil imports ambassador says,LLaMA Ground Truth / Other,Other,4.0,MEDIUM,Confirms end of Iranian crude imports,https://krude.energy/intelligence
EVT_0054,2026-08-20T08:00:00Z,Indian refiners signalling reduction of russian oil imports claims us congressman after visit to india pakistan,LLaMA Ground Truth / India-Russia Trade,Other,4.0,MEDIUM,Claimed reduction in Indian purchases of Russian crude,https://krude.energy/intelligence
EVT_0055,2026-08-20T08:00:00Z,India an oil money laundromat for kremlin white house trade advisor peter navarro backs trump 50 tariff on india,LLaMA Ground Truth / Other,Other,5.0,HIGH,US official backing 50% tariff on India over Russian oil,https://krude.energy/intelligence
EVT_0056,2026-08-20T08:00:00Z,.government looking series options tanker seized iran,LLaMA Ground Truth / Tanker Incident,Hormuz,7.0,HIGH,Government weighing response options after tanker seizure,https://krude.energy/intelligence
EVT_0057,2026-08-20T08:00:00Z,Shipping firm maersk says its preparing for resumption of red sea voyages after attacks from yemen,LLaMA Ground Truth / Red Sea,Bab-el-Mandeb,2.0,LOW,Maersk preparing to resume Red Sea voyages - de-escalatory,https://krude.energy/intelligence
EVT_0058,2026-08-20T08:00:00Z,Two oil tankers attacked in gulf of oman us blames iran,LLaMA Ground Truth / Other,Hormuz,8.0,CRITICAL,Two tankers attacked in Gulf of Oman,https://krude.energy/intelligence
EVT_0059,2026-08-20T08:00:00Z,Putin says opec output cuts likely to continue into,LLaMA Ground Truth / OPEC/Production,Other,4.0,MEDIUM,Putin signals OPEC cuts continuing,https://krude.energy/intelligence
EVT_0060,2026-08-20T08:00:00Z,Iran says british tanker seized because of collision,LLaMA Ground Truth / Tanker Incident,Hormuz,8.0,CRITICAL,Iran confirms seizure of British tanker at Hormuz,https://krude.energy/intelligence
EVT_0061,2026-08-20T08:00:00Z,French fm red sea shipping attacks cannot go unanswered,LLaMA Ground Truth / Red Sea,Bab-el-Mandeb,7.0,HIGH,French escalatory statement on Red Sea attacks,https://krude.energy/intelligence
EVT_0062,2026-08-20T08:00:00Z,Us seeks insecurity in persian gulf strait of hormuz iran vp,LLaMA Ground Truth / Hormuz,Hormuz,5.0,HIGH,Iranian rhetoric accusing US of destabilising Hormuz,https://krude.energy/intelligence
EVT_0063,2026-08-20T08:00:00Z,Iran seizes british liberian tankers in strait of hormuz,LLaMA Ground Truth / Hormuz,Hormuz,9.0,CRITICAL,Multiple tankers seized by Iran inside Strait of Hormuz,https://krude.energy/intelligence
EVT_0064,2026-08-20T08:00:00Z,India tells iran decision on buying oil after elections,LLaMA Ground Truth / Other,Other,3.0,MEDIUM,India deferring decision on Iranian crude,https://krude.energy/intelligence
EVT_0065,2026-08-20T08:00:00Z,India cuts windfall tax on petroleum crude,LLaMA Ground Truth / Other,Other,3.0,MEDIUM,Domestic windfall tax change on crude,https://krude.energy/intelligence
EVT_0066,2026-08-20T08:00:00Z,India to drive global oil demand growth till as iea revises forecast upward,LLaMA Ground Truth / Other,Other,3.0,MEDIUM,IEA demand growth forecast,https://krude.energy/intelligence
EVT_0067,2026-08-20T08:00:00Z,Two oil tankers in the gulf of oman go up in flames driving oil prices up by 2 us blames iran for attack,LLaMA Ground Truth / Other,Hormuz,8.0,CRITICAL,"Two tankers ablaze in Gulf of Oman, prices up 2%",https://krude.energy/intelligence
EVT_0068,2026-08-20T08:00:00Z,India may witness longer slowdown as oil imports consumption decline,LLaMA Ground Truth / Other,Other,3.0,MEDIUM,Demand slowdown indicator,https://krude.energy/intelligence
EVT_0069,2026-08-20T08:00:00Z,Oil surges opec indicates maintain output cuts finance,LLaMA Ground Truth / OPEC/Production,Other,5.0,HIGH,"OPEC signals maintaining cuts, prices surge",https://krude.energy/intelligence
EVT_0070,2026-08-20T08:00:00Z,Us sanctions 6 indian companies over iran oil trade,LLaMA Ground Truth / Sanctions Policy,Other,6.0,HIGH,US sanctions directly on Indian firms over Iran oil trade,https://krude.energy/intelligence
EVT_0071,2026-08-20T08:00:00Z,India says it will keep buying russian crude despite us threats,LLaMA Ground Truth / Other,Other,4.0,MEDIUM,India states it will keep buying Russian crude,https://krude.energy/intelligence
EVT_0072,2026-08-20T08:00:00Z,Iran says its revolutionary guard seized foreign oil tanker strait hormuz,LLaMA Ground Truth / Hormuz,Hormuz,8.0,CRITICAL,IRGC seizes a foreign oil tanker at Hormuz,https://krude.energy/intelligence
EVT_0073,2026-08-20T08:00:00Z,Iran almost certainly behind oil tanker attacks uae coast us,LLaMA Ground Truth / Tanker Incident,Hormuz,7.0,HIGH,US attribution of UAE-coast tanker attacks to Iran,https://krude.energy/intelligence
EVT_0074,2026-08-20T08:00:00Z,India purchases of russian oil skyrocket reuters,LLaMA Ground Truth / India-Russia Trade,Other,3.0,MEDIUM,Import volume statistic,https://krude.energy/intelligence
EVT_0075,2026-08-20T08:00:00Z,Moscow warns against baseless accusations over tanker attacks,LLaMA Ground Truth / Tanker Incident,Other,5.0,HIGH,Russian diplomatic pushback over tanker attack accusations,https://krude.energy/intelligence
EVT_0076,2026-08-20T08:00:00Z,Oil tankers attacked near strait of hormuz oil prices soar,LLaMA Ground Truth / Hormuz,Hormuz,9.0,CRITICAL,"Multiple tankers attacked near Hormuz, prices soar",https://krude.energy/intelligence
EVT_0077,2026-08-20T08:00:00Z,The latest south korea firm confirms rescue of oil tanker crew after reportedattack,LLaMA Ground Truth / Other,Other,7.0,HIGH,Crew rescued after confirmed tanker attack,https://krude.energy/intelligence
EVT_0078,2026-08-20T08:00:00Z,India iran sign pact to develop chabahar port,LLaMA Ground Truth / Other,Other,2.0,LOW,Chabahar development pact - alternative route,https://krude.energy/intelligence
EVT_0079,2026-08-20T08:00:00Z,What bidens oil ban means for you at the gas pump,LLaMA Ground Truth / Other,Other,4.0,MEDIUM,Consumer impact of Russian oil import ban,https://krude.energy/intelligence
EVT_0080,2026-08-20T08:00:00Z,Oil falls on hopes that suez canal blockage might end soon,LLaMA Ground Truth / Suez,Suez,2.0,LOW,Prices fall on hopes Suez blockage clears soon,https://krude.energy/intelligence
EVT_0081,2026-08-20T08:00:00Z,Us sanctions maduros nephews six venezuelan oil shipping firms a day after oil tanker seizure,LLaMA Ground Truth / Sanctions Policy,Other,5.0,HIGH,US sanctions on Venezuelan oil shipping firms,https://krude.energy/intelligence
EVT_0082,2026-08-20T08:00:00Z,Indian oil not in active negotiations with russia on crude term deal amid geopolitical uncertainties cmd,LLaMA Ground Truth / Other,Other,4.0,MEDIUM,IOC not in term-deal talks with Russia amid geopolitical uncertainty,https://krude.energy/intelligence
EVT_0083,2026-08-20T08:00:00Z,Iran rebuilding missile sites pezeshkian will never build nuclear bomb,LLaMA Ground Truth / Other,Other,5.0,HIGH,Iran rebuilding missile sites - the primary Hormuz threat vector,https://krude.energy/intelligence
EVT_0084,2026-08-20T08:00:00Z,Ap us national security adviser says stopping houthi red sea attacks is an all hands on deck problem,LLaMA Ground Truth / Red Sea,Bab-el-Mandeb,7.0,HIGH,US NSA frames Red Sea attacks as urgent multinational problem,https://krude.energy/intelligence
EVT_0085,2026-08-20T08:00:00Z,Oil slips higher opec supply saudi price cuts offset mideast worries,LLaMA Ground Truth / OPEC/Production,Other,4.0,MEDIUM,Price move on OPEC supply and Saudi price cuts,https://krude.energy/intelligence
EVT_0086,2026-08-20T08:00:00Z,Iran oil exports cbi figures us sanctions,LLaMA Ground Truth / Sanctions Policy,Other,4.0,MEDIUM,Iranian export figures under sanctions,https://krude.energy/intelligence
EVT_0087,2026-08-20T08:00:00Z,India importing crude from 40 countries argentina is new supplier hardeep puri,LLaMA Ground Truth / Other,Other,2.0,LOW,Supplier diversification to 40 countries - resilience-positive,https://krude.energy/intelligence
EVT_0088,2026-08-20T08:00:00Z,Iran india reach final agreement on chabahar port,LLaMA Ground Truth / Other,Other,2.0,LOW,Chabahar final agreement - alternative route,https://krude.energy/intelligence
EVT_0089,2026-08-20T08:00:00Z,Iran summons british envoy over tanker attacks claim foreign ministry,LLaMA Ground Truth / Tanker Incident,Other,6.0,HIGH,Iran summons UK envoy over tanker attack accusations,https://krude.energy/intelligence
EVT_0090,2026-08-20T08:00:00Z,German foreign minister rules out joining u s led hormuz mission,LLaMA Ground Truth / Hormuz,Hormuz,4.0,MEDIUM,Germany rules out joining Hormuz mission,https://krude.energy/intelligence
EVT_0091,2026-08-20T08:00:00Z,India s oil diplomacy,LLaMA Ground Truth / Other,Other,3.0,MEDIUM,General oil diplomacy commentary,https://krude.energy/intelligence
EVT_0092,2026-08-20T08:00:00Z,Oil prices gain edges up as suez canal blockage may take weeks to free,LLaMA Ground Truth / Suez,Suez,8.0,CRITICAL,Suez blockage may last weeks - prolonged corridor closure,https://krude.energy/intelligence
EVT_0093,2026-08-20T08:00:00Z,Oil prices surge after suspected tanker attack near iran,LLaMA Ground Truth / Tanker Incident,Hormuz,8.0,CRITICAL,Prices surge after suspected tanker attack near Iran,https://krude.energy/intelligence
EVT_0094,2026-08-20T08:00:00Z,Crude oil indian refiner seeking spot crude,LLaMA Ground Truth / Other,Other,3.0,MEDIUM,Routine spot crude procurement,https://krude.energy/intelligence
EVT_0095,2026-08-20T08:00:00Z,Venezuela oil sanctions,LLaMA Ground Truth / Sanctions Policy,Other,5.0,HIGH,Venezuela oil sanctions,https://krude.energy/intelligence
EVT_0096,2026-08-20T08:00:00Z,Us seeks germany s help to secure strait of hormuz,LLaMA Ground Truth / Hormuz,Hormuz,5.0,HIGH,US seeking German help to secure Hormuz,https://krude.energy/intelligence
EVT_0097,2026-08-20T08:00:00Z,India fears oil spill as cargo ship sinks in arabian sea,LLaMA Ground Truth / Other,Other,4.0,MEDIUM,Cargo ship sinking and spill risk off Indian coast,https://krude.energy/intelligence
EVT_0098,2026-08-20T08:00:00Z,India russia explore collaboration on shipbuilding maritime cooperation,LLaMA Ground Truth / Other,Other,3.0,MEDIUM,India-Russia shipbuilding cooperation - tanker capacity relevance,https://krude.energy/intelligence
EVT_0099,2026-08-20T08:00:00Z,How india plans to continue buying russian oil despite sanctions,LLaMA Ground Truth / Sanctions Policy,Other,4.0,MEDIUM,How India keeps buying Russian crude under sanctions,https://krude.energy/intelligence
EVT_0100,2026-08-20T08:00:00Z,Two more oil tankers attacked in gulf iran rescues crews,LLaMA Ground Truth / Other,Hormuz,8.0,CRITICAL,Two more tankers attacked in the Gulf,https://krude.energy/intelligence
EVT_0101,2026-08-20T08:00:00Z,Trump claims modi assured him india wont buy russian oil calls it big step toward ending ukraine war,LLaMA Ground Truth / India-Russia Trade,Other,4.0,MEDIUM,Claim that India will stop buying Russian oil,https://krude.energy/intelligence
EVT_0102,2026-08-20T08:00:00Z,Report oil firms freight costs spike as war clouds gather in gulf,LLaMA Ground Truth / Other,Hormuz,6.0,HIGH,Freight and insurance costs spiking - classic pre-disruption signal,https://krude.energy/intelligence
EVT_0103,2026-08-20T08:00:00Z,Trump imposed sanctions on india to end russiaukraine war wh w,LLaMA Ground Truth / Sanctions Policy,Other,5.0,HIGH,Sanctions on India tied to Russia-Ukraine war,https://krude.energy/intelligence
EVT_0104,2026-08-20T08:00:00Z,India will do what is in its national interest s jaishankar mike pompeo meeting s 400 deal iran russia,LLaMA Ground Truth / Other,Other,3.0,MEDIUM,Jaishankar on national interest across Iran/Russia files,https://krude.energy/intelligence
EVT_0105,2026-08-20T08:00:00Z,Reuters america update 12 u s blames iran for tanker attacks in gulf of oman iran rejects assertion,LLaMA Ground Truth / Tanker Incident,Hormuz,7.0,HIGH,"US blames Iran for Gulf of Oman attacks, Iran denies",https://krude.energy/intelligence
EVT_0106,2026-08-20T08:00:00Z,How suez canal blockage is leading to a temporary boom for african ports,LLaMA Ground Truth / Suez,Suez,6.0,HIGH,African ports absorbing Suez-blockage rerouting,https://krude.energy/intelligence
EVT_0107,2026-08-20T08:00:00Z,.oil tankers crew land in dubai after gulf of oman attack,LLaMA Ground Truth / Other,Hormuz,6.0,HIGH,Crew safe after Gulf of Oman attack - aftermath,https://krude.energy/intelligence
EVT_0108,2026-08-20T08:00:00Z,India prioritizes energy security over us sanctions keeps russian oil flow,LLaMA Ground Truth / Sanctions Policy,Other,4.0,MEDIUM,India prioritising Russian flows over sanctions pressure,https://krude.energy/intelligence
EVT_0109,2026-08-20T08:00:00Z,India buys russian oil derailing bidens sanctions war,LLaMA Ground Truth / Sanctions Policy,Other,4.0,MEDIUM,Indian purchases undercutting sanctions regime,https://krude.energy/intelligence
EVT_0110,2026-08-20T08:00:00Z,Iranian boat fired missile at us drone prior to tanker attack us official says,LLaMA Ground Truth / Tanker Incident,Hormuz,7.0,HIGH,Iranian missile fired at US drone before tanker attack,https://krude.energy/intelligence
EVT_0111,2026-08-20T08:00:00Z,The west mulls stricter sanctions as russia circumvents the oil price cap,LLaMA Ground Truth / Sanctions Policy,Other,5.0,HIGH,West weighing tighter sanctions as price cap is circumvented,https://krude.energy/intelligence
EVT_0112,2026-08-20T08:00:00Z,Venezuela criminalizes acts affecting trade navigation after us oil tanker seizures president trump blockade pressure campaign maduro economic sanctions,LLaMA Ground Truth / Sanctions Policy,Other,6.0,HIGH,Venezuela criminalises acts affecting navigation after tanker seizures,https://krude.energy/intelligence
EVT_0113,2026-08-20T08:00:00Z,Will the new india iran agreement on chabahar be a game changer for the region,LLaMA Ground Truth / Other,Other,2.0,LOW,Chabahar analysis - alternative route,https://krude.energy/intelligence
EVT_0114,2026-08-20T08:00:00Z,India and china cannot rely on us oil as iran troubles heat up,LLaMA Ground Truth / Other,Other,5.0,HIGH,Analysis of India/China exposure as Iran tensions rise,https://krude.energy/intelligence
EVT_0115,2026-08-20T08:00:00Z,Tankers fire gulf oman after suspected attack,LLaMA Ground Truth / Other,Hormuz,8.0,CRITICAL,Tankers on fire in Gulf of Oman after suspected attack,https://krude.energy/intelligence
EVT_0116,2026-08-20T08:00:00Z,Modi and putin affirm special relationship as india faces steep us tariffs over russian oil imports,LLaMA Ground Truth / India-Russia Trade,Other,4.0,MEDIUM,Modi-Putin ties amid US tariffs over Russian crude,https://krude.energy/intelligence
EVT_0117,2026-08-20T08:00:00Z,.uk considering air strikes houthi rebels stop red sea attacks reports,LLaMA Ground Truth / Red Sea,Bab-el-Mandeb,8.0,CRITICAL,UK considering airstrikes to stop Red Sea attacks,https://krude.energy/intelligence
EVT_0118,2026-08-20T08:00:00Z,Pompeo said to have seen evidence of iran complicity in tanker attacks,LLaMA Ground Truth / Tanker Incident,Other,7.0,HIGH,Evidence of Iranian complicity in tanker attacks,https://krude.energy/intelligence
EVT_0119,2026-08-20T08:00:00Z,Red sea shipping crisis set persist and fuel inflation fears after latest houthi attack,LLaMA Ground Truth / Red Sea,Bab-el-Mandeb,8.0,CRITICAL,Red Sea crisis persisting with inflation impact after latest attack,https://krude.energy/intelligence
EVT_0120,2026-08-20T08:00:00Z,Factbox how are the red sea attacks impacting shipping in the suez canal,LLaMA Ground Truth / Red Sea,Bab-el-Mandeb,7.0,HIGH,Factbox on Red Sea attack impact on Suez traffic,https://krude.energy/intelligence
EVT_0121,2026-08-20T08:00:00Z,India expands crude purchase from nigeria,LLaMA Ground Truth / Other,Cape of Good Hope,2.0,LOW,Crude sourcing expanded to Nigeria - diversification,https://krude.energy/intelligence
EVT_0122,2026-08-20T08:00:00Z,Article pompeo tries rallying foreign leaders over alleged oil tanker attacks,LLaMA Ground Truth / Tanker Incident,Other,7.0,HIGH,US rallying allies over alleged tanker attacks,https://krude.energy/intelligence
EVT_0123,2026-08-20T08:00:00Z,Exclusive u s commander says he could send carrier into strait of hormuz despite iran tensions,LLaMA Ground Truth / Hormuz,Hormuz,6.0,HIGH,US carrier deployment considered for Hormuz - military posturing,https://krude.energy/intelligence
EVT_0124,2026-08-20T08:00:00Z,Report hard to believe iran shot down us drone intentionally trump,LLaMA Ground Truth / Other,Other,5.0,HIGH,Trump downplaying Iranian drone shootdown - de-escalatory framing,https://krude.energy/intelligence
EVT_0125,2026-08-20T08:00:00Z,India news govt hikes windfall tax on crude petroleum cuts levy on diesel,LLaMA Ground Truth / Other,Other,3.0,MEDIUM,Windfall tax change on crude,https://krude.energy/intelligence
EVT_0126,2026-08-20T08:00:00Z,Indian captain reveals uk soldiers brute force when they seized iranian ship,LLaMA Ground Truth / Other,Other,6.0,HIGH,Account of UK seizure of Iranian tanker,https://krude.energy/intelligence
EVT_0127,2026-08-20T08:00:00Z,Kerala woman among 17 indians on board ship seized by iran returns home,LLaMA Ground Truth / Other,Other,4.0,MEDIUM,Indian crew from Iran-seized ship returns home - partial resolution,https://krude.energy/intelligence
EVT_0128,2026-08-20T08:00:00Z,India urges iran to free all its crew after nine released,LLaMA Ground Truth / Other,Other,3.0,MEDIUM,India urges release of remaining crew - de-escalatory,https://krude.energy/intelligence
EVT_0129,2026-08-20T08:00:00Z,Amid red sea attack fears ships use all chinese crew tactic to avoid houthi rebels,LLaMA Ground Truth / Red Sea,Bab-el-Mandeb,6.0,HIGH,Ships using crew-nationality tactics to avoid Houthi attacks,https://krude.energy/intelligence
EVT_0130,2026-08-20T08:00:00Z,India will be worlds biggest driver oil demand growth through iea,LLaMA Ground Truth / Other,Other,3.0,MEDIUM,IEA demand growth projection,https://krude.energy/intelligence
EVT_0131,2026-08-20T08:00:00Z,Sanctions against russia will not work because they will not hurt or harm russian oligarchs,LLaMA Ground Truth / Sanctions Policy,Other,3.0,MEDIUM,Commentary questioning sanctions effectiveness,https://krude.energy/intelligence
EVT_0132,2026-08-20T08:00:00Z,Trump threatens tariffs sanctions russia war ukraine,LLaMA Ground Truth / Sanctions Policy,Other,5.0,HIGH,Threatened tariffs and sanctions on Russia,https://krude.energy/intelligence
EVT_0133,2026-08-20T08:00:00Z,Who said what us china india break silence on iran pak airstrikes,LLaMA Ground Truth / Other,Other,5.0,HIGH,Iran-Pakistan airstrikes - regional escalation near the Gulf,https://krude.energy/intelligence
EVT_0134,2026-08-20T08:00:00Z,Trump japans abe discuss gulf of oman tanker attacks,LLaMA Ground Truth / Tanker Incident,Other,6.0,HIGH,US-Japan leaders discuss Gulf of Oman tanker attacks,https://krude.energy/intelligence
EVT_0135,2026-08-20T08:00:00Z,S jaishankar russia economic ties india interests crude oil ukraine war vladimir putin,LLaMA Ground Truth / India-Russia Trade,Other,3.0,MEDIUM,Jaishankar on India-Russia crude ties,https://krude.energy/intelligence
EVT_0136,2026-08-20T08:00:00Z,Global trade disrupted by red sea attacks and low water in panama canal un says,LLaMA Ground Truth / Red Sea,Bab-el-Mandeb,9.0,CRITICAL,UN confirms global trade disruption across Red Sea and Panama,https://krude.energy/intelligence
EVT_0137,2026-08-20T08:00:00Z,Indias oil imports from iran down 57 yy in april trade,LLaMA Ground Truth / Other,Other,4.0,MEDIUM,Sharp fall in Iranian crude imports,https://krude.energy/intelligence
EVT_0138,2026-08-20T08:00:00Z,Houthis limit red sea attacks to israeli vessels amid gaza ceasefire,LLaMA Ground Truth / Red Sea,Bab-el-Mandeb,5.0,HIGH,Houthis narrowing target set amid ceasefire - partial de-escalation,https://krude.energy/intelligence
EVT_0139,2026-08-20T08:00:00Z,India preps to face price shock as it stops buying iran oil tomorrow,LLaMA Ground Truth / Other,Other,5.0,HIGH,India crude sourcing or supplier development,https://krude.energy/intelligence
EVT_0140,2026-08-20T08:00:00Z,Iraq remains indias top oil supplier in fy19 imports from us up 4 folds,LLaMA Ground Truth / Other,Other,3.0,MEDIUM,"Routine trade, import or production statistic",https://krude.energy/intelligence
EVT_0141,2026-08-20T08:00:00Z,An india china maneouvre could soon leave worlds oil powers toothless,LLaMA Ground Truth / Other,Other,3.0,MEDIUM,India crude sourcing or supplier development,https://krude.energy/intelligence
EVT_0142,2026-08-20T08:00:00Z,India ready to deal with impact of us sanctions on iran govt spokesperson,LLaMA Ground Truth / Sanctions Policy,Other,4.0,MEDIUM,Sanctions policy development affecting oil trade,https://krude.energy/intelligence
EVT_0143,2026-08-20T08:00:00Z,Iran dismisses bahrain s comments on hormuz strait,LLaMA Ground Truth / Hormuz,Hormuz,5.0,HIGH,"Tension or rhetoric around Hormuz, no incident",https://krude.energy/intelligence
EVT_0144,2026-08-20T08:00:00Z,Iran bahrain strait hormuz zarif threat,LLaMA Ground Truth / Hormuz,Hormuz,5.0,HIGH,"Tension or rhetoric around Hormuz, no incident",https://krude.energy/intelligence
EVT_0145,2026-08-20T08:00:00Z,Iran bahrain oil hormuz strait threat tension,LLaMA Ground Truth / Hormuz,Hormuz,5.0,HIGH,"Tension or rhetoric around Hormuz, no incident",https://krude.energy/intelligence
EVT_0146,2026-08-20T08:00:00Z,Us ends waiver on indias iran oil imports,LLaMA Ground Truth / Sanctions Policy,Other,6.0,HIGH,"Sanctions tightened, extended or threatened",https://krude.energy/intelligence
EVT_0147,2026-08-20T08:00:00Z,Know your place iran schools bahrain over strait of hormuz threat,LLaMA Ground Truth / Hormuz,Hormuz,5.0,HIGH,"Tension or rhetoric around Hormuz, no incident",https://krude.energy/intelligence
EVT_0148,2026-08-20T08:00:00Z,India s oil import dependence jumps to 84 pc,LLaMA Ground Truth / Other,Other,3.0,MEDIUM,"Routine trade, import or production statistic",https://krude.energy/intelligence
EVT_0149,2026-08-20T08:00:00Z,Rfe rl european deal signatories criticize us move on iran nuclear oil sanctions,LLaMA Ground Truth / Sanctions Policy,Other,4.0,MEDIUM,Sanctions policy development affecting oil trade,https://krude.energy/intelligence
EVT_0150,2026-08-20T08:00:00Z,Oil prices firm amid us sanctions on crude exporters iran venezuela,LLaMA Ground Truth / Sanctions Policy,Other,5.0,HIGH,Sanctions policy development affecting oil trade,https://krude.energy/intelligence
EVT_0151,2026-08-20T08:00:00Z,India and us to hold their position on oil trade issues till the formation of new indian government,LLaMA Ground Truth / Other,Other,3.0,MEDIUM,India crude sourcing or supplier development,https://krude.energy/intelligence
EVT_0152,2026-08-20T08:00:00Z,Report iran suspends nuclear deal curbs in push for relief from us sanctions,LLaMA Ground Truth / Other,Other,5.0,HIGH,"Iran nuclear file, tied to the sanctions regime",https://krude.energy/intelligence
EVT_0153,2026-08-20T08:00:00Z,World iran partially withdraws from nuclear deal,LLaMA Ground Truth / Other,Other,5.0,HIGH,"Iran nuclear file, tied to the sanctions regime",https://krude.energy/intelligence
EVT_0154,2026-08-20T08:00:00Z,Saudi aramco offers increase oil supply india,LLaMA Ground Truth / Other,Other,2.0,LOW,India crude sourcing or supplier development,https://krude.energy/intelligence
EVT_0155,2026-08-20T08:00:00Z,China and india seen as europes last hope to save iran deal,LLaMA Ground Truth / Other,Other,4.0,MEDIUM,"Iran nuclear file, tied to the sanctions regime",https://krude.energy/intelligence
EVT_0156,2026-08-20T08:00:00Z,Sinopec cnpc skip iran oil buys for may as us sanctions waivers end,LLaMA Ground Truth / Sanctions Policy,Other,5.0,HIGH,Sanctions policy development affecting oil trade,https://krude.energy/intelligence
EVT_0157,2026-08-20T08:00:00Z,Saudi arabia says 2 oil tankers damaged by sabotage attacks,LLaMA Ground Truth / Tanker Incident,Hormuz,8.0,CRITICAL,Confirmed attack on tanker or tankers,https://krude.energy/intelligence
EVT_0158,2026-08-20T08:00:00Z,Two saudi tankers damaged in sabotage attack off uae,LLaMA Ground Truth / Tanker Incident,Hormuz,8.0,CRITICAL,Confirmed attack on tanker or tankers,https://krude.energy/intelligence
EVT_0159,2026-08-20T08:00:00Z,Saudi arabia says two saudi oil tankers attacked near uae waters,LLaMA Ground Truth / Tanker Incident,Hormuz,8.0,CRITICAL,Confirmed attack on tanker or tankers,https://krude.energy/intelligence
EVT_0160,2026-08-20T08:00:00Z,Oil price fundamental daily forecast bullish as middle east tanker attacks offset concerns over trade deal,LLaMA Ground Truth / Other,Other,6.0,HIGH,Oil price move driven by supply risk,https://krude.energy/intelligence
EVT_0161,2026-08-20T08:00:00Z,Why is strait of hormuz the worlds most important oil artery,LLaMA Ground Truth / Hormuz,Hormuz,4.0,MEDIUM,"Tension or rhetoric around Hormuz, no incident",https://krude.energy/intelligence
EVT_0162,2026-08-20T08:00:00Z,Saudi oil tankers hit by sabotage attacks as gulf tensions soar,LLaMA Ground Truth / Tanker Incident,Hormuz,8.0,CRITICAL,Confirmed attack on tanker or tankers,https://krude.energy/intelligence
EVT_0163,2026-08-20T08:00:00Z,Oil prices seesaw rise on tanker attacks retrace gains on trade worry,LLaMA Ground Truth / Other,Other,6.0,HIGH,Oil price move driven by supply risk,https://krude.energy/intelligence
EVT_0164,2026-08-20T08:00:00Z,Oil prices rise after saudi arabia reports tanker attacks,LLaMA Ground Truth / Other,Other,6.0,HIGH,Oil price move driven by supply risk,https://krude.energy/intelligence
EVT_0165,2026-08-20T08:00:00Z,Only 1 indian client of iran takes up extra saudi oil for june sources,LLaMA Ground Truth / Other,Other,3.0,MEDIUM,India crude sourcing or supplier development,https://krude.energy/intelligence
EVT_0166,2026-08-20T08:00:00Z,Oil prices surge after saudi tankers attacked,LLaMA Ground Truth / Other,Other,6.0,HIGH,Oil price move driven by supply risk,https://krude.energy/intelligence
EVT_0167,2026-08-20T08:00:00Z,Oil tanker attacks,LLaMA Ground Truth / Tanker Incident,Hormuz,8.0,CRITICAL,Confirmed attack on tanker or tankers,https://krude.energy/intelligence
EVT_0168,2026-08-20T08:00:00Z,Us assessment blames iran for saudi tankers attack,LLaMA Ground Truth / Tanker Incident,Hormuz,7.0,HIGH,"Attribution, evidence or denial over tanker attacks",https://krude.energy/intelligence
EVT_0169,2026-08-20T08:00:00Z,As us iran tensions flare over sanctions sabotage of saudi ships tehran sends foreign minister to new delhi,LLaMA Ground Truth / Other,Other,5.0,HIGH,Geopolitical escalation bearing on oil corridors,https://krude.energy/intelligence
EVT_0170,2026-08-20T08:00:00Z,Chabahar port exempted from us sanctions,LLaMA Ground Truth / Sanctions Policy,Other,2.0,LOW,"Sanctions relief, waiver or exemption",https://krude.energy/intelligence
EVT_0171,2026-08-20T08:00:00Z,Us envoy urges response short of war to gulf tankers attack,LLaMA Ground Truth / Tanker Incident,Other,7.0,HIGH,Diplomatic or industry reaction to tanker attacks,https://krude.energy/intelligence
EVT_0172,2026-08-20T08:00:00Z,Us re sanctions waivers for iran chabahar port,LLaMA Ground Truth / Sanctions Policy,Other,2.0,LOW,"Sanctions relief, waiver or exemption",https://krude.energy/intelligence
EVT_0173,2026-08-20T08:00:00Z,Iran foreign minister visits india amid falling oil revenue,LLaMA Ground Truth / Other,Other,4.0,MEDIUM,Geopolitical escalation bearing on oil corridors,https://krude.energy/intelligence
EVT_0174,2026-08-20T08:00:00Z,Military probes oil tanker sabotage attacks uae coast,LLaMA Ground Truth / Tanker Incident,Hormuz,6.0,HIGH,"Attribution, evidence or denial over tanker attacks",https://krude.energy/intelligence
EVT_0175,2026-08-20T08:00:00Z,Maximum pressure in the strait of hormuz the us iran standoff,LLaMA Ground Truth / Hormuz,Hormuz,5.0,HIGH,"Tension or rhetoric around Hormuz, no incident",https://krude.energy/intelligence
EVT_0176,2026-08-20T08:00:00Z,Saudi arabia shuts down key pipeline after alleged drone attacks yemen houthi rebels,LLaMA Ground Truth / Infrastructure,Hormuz,8.0,CRITICAL,"Energy infrastructure incident, outage or attack",https://krude.energy/intelligence
EVT_0177,2026-08-20T08:00:00Z,The drilldown major saudi pipeline shuts down after drone attack,LLaMA Ground Truth / Infrastructure,Hormuz,8.0,CRITICAL,"Energy infrastructure incident, outage or attack",https://krude.energy/intelligence
EVT_0178,2026-08-20T08:00:00Z,Report namaste india iran tries hard to protect oil ties,LLaMA Ground Truth / Other,Other,3.0,MEDIUM,India crude sourcing or supplier development,https://krude.energy/intelligence
EVT_0179,2026-08-20T08:00:00Z,Opec oil output sees small dip in april despite deep cuts,LLaMA Ground Truth / OPEC/Production,Other,4.0,MEDIUM,OPEC or producer output policy,https://krude.energy/intelligence
EVT_0180,2026-08-20T08:00:00Z,Decision on oil imports after lok sabha elections india tells iran,LLaMA Ground Truth / Other,Other,3.0,MEDIUM,India crude sourcing or supplier development,https://krude.energy/intelligence
EVT_0181,2026-08-20T08:00:00Z,India to decide on oil imports after polls sushma swaraj,LLaMA Ground Truth / Other,Other,3.0,MEDIUM,India crude sourcing or supplier development,https://krude.energy/intelligence
EVT_0182,2026-08-20T08:00:00Z,Tanker attacks near uae expose weaknesses in gulf arab security,LLaMA Ground Truth / Tanker Incident,Hormuz,7.0,HIGH,Diplomatic or industry reaction to tanker attacks,https://krude.energy/intelligence
EVT_0183,2026-08-20T08:00:00Z,Oman condemns tanker attacks off uae urges efforts towards stability,LLaMA Ground Truth / Tanker Incident,Other,6.0,HIGH,Diplomatic or industry reaction to tanker attacks,https://krude.energy/intelligence
EVT_0184,2026-08-20T08:00:00Z,Saudis restart oil pipeline after iranbacked rebel attack,LLaMA Ground Truth / Infrastructure,Hormuz,3.0,MEDIUM,"Energy infrastructure capacity, repair or development",https://krude.energy/intelligence
EVT_0185,2026-08-20T08:00:00Z,Reuters america uae says to show restraint after tanker attacks iran must change behavior,LLaMA Ground Truth / Tanker Incident,Other,6.0,HIGH,Diplomatic or industry reaction to tanker attacks,https://krude.energy/intelligence
EVT_0186,2026-08-20T08:00:00Z,Us pulls staff from iraq says iran gave blessing for tanker attacks,LLaMA Ground Truth / Other,Other,7.0,HIGH,Geopolitical escalation bearing on oil corridors,https://krude.energy/intelligence
EVT_0187,2026-08-20T08:00:00Z,Saudi accuses iran of ordering houthi pipeline attack,LLaMA Ground Truth / Tanker Incident,Other,7.0,HIGH,"Attribution, evidence or denial over tanker attacks",https://krude.energy/intelligence
EVT_0188,2026-08-20T08:00:00Z,Iran committed to nuclear agreement foreign minister,LLaMA Ground Truth / Other,Other,2.0,LOW,De-escalatory diplomacy on oil-related tension,https://krude.energy/intelligence
EVT_0189,2026-08-20T08:00:00Z,Saudi led warplanes pound yemen rebels after pipeline attack,LLaMA Ground Truth / Other,Other,7.0,HIGH,Geopolitical escalation bearing on oil corridors,https://krude.energy/intelligence
EVT_0190,2026-08-20T08:00:00Z,Saudi arabia blames iran for ordering pipeline attack as coalition strikes sanaa,LLaMA Ground Truth / Other,Other,7.0,HIGH,Geopolitical escalation bearing on oil corridors,https://krude.energy/intelligence
EVT_0191,2026-08-20T08:00:00Z,China continues buy iran oil spite us sanctions reports,LLaMA Ground Truth / Sanctions Policy,Other,4.0,MEDIUM,Sanctions policy development affecting oil trade,https://krude.energy/intelligence
EVT_0192,2026-08-20T08:00:00Z,Saudi to supply an extra 2 mln barrels month to indian oil corp from july,LLaMA Ground Truth / Other,Other,2.0,LOW,India crude sourcing or supplier development,https://krude.energy/intelligence
EVT_0193,2026-08-20T08:00:00Z,Indian oil aramco to supply extra 2 million barrels a month to indian oil,LLaMA Ground Truth / Other,Other,2.0,LOW,India crude sourcing or supplier development,https://krude.energy/intelligence
EVT_0194,2026-08-20T08:00:00Z,There will be no war says iran foreign minister,LLaMA Ground Truth / Other,Other,2.0,LOW,De-escalatory diplomacy on oil-related tension,https://krude.energy/intelligence
EVT_0195,2026-08-20T08:00:00Z,Despite mideast tensions opec inches closer to maintaining production cuts through,LLaMA Ground Truth / OPEC/Production,Other,5.0,HIGH,OPEC or producer output policy,https://krude.energy/intelligence
EVT_0196,2026-08-20T08:00:00Z,Indian oil to examine us sanctions impact on chennai petroleum corp expansion,LLaMA Ground Truth / Sanctions Policy,Other,4.0,MEDIUM,Sanctions policy development affecting oil trade,https://krude.energy/intelligence
EVT_0197,2026-08-20T08:00:00Z,Oil jumps as saudi arabia suggests opec to keep production cut plan,LLaMA Ground Truth / OPEC/Production,Other,5.0,HIGH,OPEC or producer output policy,https://krude.energy/intelligence
EVT_0198,2026-08-20T08:00:00Z,Attacking gulf oil routes exposes alternatives hormuz,LLaMA Ground Truth / Hormuz,Hormuz,5.0,HIGH,"Tension or rhetoric around Hormuz, no incident",https://krude.energy/intelligence
EVT_0199,2026-08-20T08:00:00Z,Guterres concerned about rising rhetoric between iran us,LLaMA Ground Truth / Other,Other,5.0,HIGH,Geopolitical escalation bearing on oil corridors,https://krude.energy/intelligence
EVT_0200,2026-08-20T08:00:00Z,Oil price rises on signs opec production cuts to extend beyond june,LLaMA Ground Truth / OPEC/Production,Other,4.0,MEDIUM,OPEC or producer output policy,https://krude.energy/intelligence
EVT_0201,2026-08-20T08:00:00Z,Despite rhetoric turkey complies with u s oil sanctions on iran,LLaMA Ground Truth / Sanctions Policy,Other,4.0,MEDIUM,Sanctions policy development affecting oil trade,https://krude.energy/intelligence
EVT_0202,2026-08-20T08:00:00Z,India stopped purchasing iranian oil after us waivers expired envoy,LLaMA Ground Truth / Other,Other,4.0,MEDIUM,India crude sourcing or supplier development,https://krude.energy/intelligence
EVT_0203,2026-08-20T08:00:00Z,Trump willing to iran talks hints at japan mediation,LLaMA Ground Truth / Other,Other,2.0,LOW,De-escalatory diplomacy on oil-related tension,https://krude.energy/intelligence
EVT_0204,2026-08-20T08:00:00Z,Rajasthan after 5 hour long battle firefighters successfully douse bikaner oil refinery blaze,LLaMA Ground Truth / Infrastructure,Other,6.0,HIGH,"Energy infrastructure incident, outage or attack",https://krude.energy/intelligence
EVT_0205,2026-08-20T08:00:00Z,Russia to consider extension of oil output cut deal with opec deputy pm,LLaMA Ground Truth / OPEC/Production,Other,4.0,MEDIUM,OPEC or producer output policy,https://krude.energy/intelligence
EVT_0206,2026-08-20T08:00:00Z,Iran dismisses us remarks that its naval mines likely used in uae tanker attacks fars,LLaMA Ground Truth / Tanker Incident,Hormuz,7.0,HIGH,"Attribution, evidence or denial over tanker attacks",https://krude.energy/intelligence
EVT_0207,2026-08-20T08:00:00Z,Bolton says iranian naval mines likely used in tanker attacks,LLaMA Ground Truth / Tanker Incident,Hormuz,7.0,HIGH,"Attribution, evidence or denial over tanker attacks",https://krude.energy/intelligence
EVT_0208,2026-08-20T08:00:00Z,Uss abraham lincoln staying out of the strait of hormuz for now,LLaMA Ground Truth / Hormuz,Hormuz,5.0,HIGH,Naval deployment or escort operation at Hormuz,https://krude.energy/intelligence
EVT_0209,2026-08-20T08:00:00Z,Shah chairs meeting senior ministers oil purchase,LLaMA Ground Truth / Other,Other,4.0,MEDIUM,India crude sourcing or supplier development,https://krude.energy/intelligence
EVT_0210,2026-08-20T08:00:00Z,Report amit shah holds top ministers meet discuss life sans iran oil,LLaMA Ground Truth / Other,Other,4.0,MEDIUM,India crude sourcing or supplier development,https://krude.energy/intelligence
EVT_0211,2026-08-20T08:00:00Z,Uae to present findings of tanker attacks probe to un,LLaMA Ground Truth / Tanker Incident,Other,6.0,HIGH,"Attribution, evidence or denial over tanker attacks",https://krude.energy/intelligence
EVT_0212,2026-08-20T08:00:00Z,Uae to present tanker attack report to un security council members,LLaMA Ground Truth / Tanker Incident,Other,6.0,HIGH,"Attribution, evidence or denial over tanker attacks",https://krude.energy/intelligence
EVT_0213,2026-08-20T08:00:00Z,U s tightens venezuela oil sanctions indicates more actions to come,LLaMA Ground Truth / Sanctions Policy,Other,5.0,HIGH,"Sanctions tightened, extended or threatened",https://krude.energy/intelligence
EVT_0214,2026-08-20T08:00:00Z,Uae says sophisticated tanker attacks,LLaMA Ground Truth / Tanker Incident,Other,7.0,HIGH,"Attribution, evidence or denial over tanker attacks",https://krude.energy/intelligence
EVT_0215,2026-08-20T08:00:00Z,U a e led investigation of oil tanker attacks puts blame on unnamed state actors,LLaMA Ground Truth / Tanker Incident,Other,7.0,HIGH,"Attribution, evidence or denial over tanker attacks",https://krude.energy/intelligence
EVT_0216,2026-08-20T08:00:00Z,Ongc vedanta set win 9 oil gas blocks,LLaMA Ground Truth / Infrastructure,Other,3.0,MEDIUM,"Energy infrastructure capacity, repair or development",https://krude.energy/intelligence
EVT_0217,2026-08-20T08:00:00Z,Reliance to shut crude unit at jamnagar refinery,LLaMA Ground Truth / Infrastructure,Other,6.0,HIGH,"Energy infrastructure incident, outage or attack",https://krude.energy/intelligence
EVT_0218,2026-08-20T08:00:00Z,India eyes better deal with us in energy sector with iranian oil in sight,LLaMA Ground Truth / Other,Other,3.0,MEDIUM,India crude sourcing or supplier development,https://krude.energy/intelligence
EVT_0219,2026-08-20T08:00:00Z,Article iran to ask japan to mediate with us over damaging oil sanctions,LLaMA Ground Truth / Other,Other,3.0,MEDIUM,De-escalatory diplomacy on oil-related tension,https://krude.energy/intelligence
EVT_0220,2026-08-20T08:00:00Z,Us navy aids tankers after reported attack in gulf of oman,LLaMA Ground Truth / Tanker Incident,Hormuz,8.0,CRITICAL,Confirmed attack on tanker or tankers,https://krude.energy/intelligence
EVT_0221,2026-08-20T08:00:00Z,Tankers targeted near strait of hormuz amid iran u s tensions,LLaMA Ground Truth / Hormuz,Hormuz,9.0,CRITICAL,Vessel attacked or seized at the Strait of Hormuz,https://krude.energy/intelligence
EVT_0222,2026-08-20T08:00:00Z,Crew jumps to safety after two oil tankers attacked in gulf of oman,LLaMA Ground Truth / Tanker Incident,Hormuz,8.0,CRITICAL,Confirmed attack on tanker or tankers,https://krude.energy/intelligence
EVT_0223,2026-08-20T08:00:00Z,2 oil tankers hit in gulf of oman all crew evacuated,LLaMA Ground Truth / Tanker Incident,Hormuz,8.0,CRITICAL,Confirmed attack on tanker or tankers,https://krude.energy/intelligence
EVT_0224,2026-08-20T08:00:00Z,Two oil tankers evacuated after reported attack in gulf of oman,LLaMA Ground Truth / Tanker Incident,Hormuz,8.0,CRITICAL,Confirmed attack on tanker or tankers,https://krude.energy/intelligence
EVT_0225,2026-08-20T08:00:00Z,Taiwans naphtha tanker hit by suspected attack,LLaMA Ground Truth / Tanker Incident,Hormuz,8.0,CRITICAL,Confirmed attack on tanker or tankers,https://krude.energy/intelligence
EVT_0226,2026-08-20T08:00:00Z,Tankers struck near strait of hormuz amid iran us tensions,LLaMA Ground Truth / Hormuz,Hormuz,9.0,CRITICAL,Vessel attacked or seized at the Strait of Hormuz,https://krude.energy/intelligence
EVT_0227,2026-08-20T08:00:00Z,Attacks on oil tankers near iran coast did not use torpedoes source,LLaMA Ground Truth / Tanker Incident,Hormuz,7.0,HIGH,"Attribution, evidence or denial over tanker attacks",https://krude.energy/intelligence
EVT_0228,2026-08-20T08:00:00Z,The latest arab league wants action on oil tanker attacks,LLaMA Ground Truth / Tanker Incident,Other,6.0,HIGH,Diplomatic or industry reaction to tanker attacks,https://krude.energy/intelligence
EVT_0229,2026-08-20T08:00:00Z,Oil tankers likely attacked in gulf of oman u s,LLaMA Ground Truth / Tanker Incident,Hormuz,8.0,CRITICAL,Confirmed attack on tanker or tankers,https://krude.energy/intelligence
EVT_0230,2026-08-20T08:00:00Z,Tanker crews rescued safely after reported attacks in gulf of oman,LLaMA Ground Truth / Tanker Incident,Hormuz,7.0,HIGH,"Aftermath of vessel incident, crew or release status",https://krude.energy/intelligence
EVT_0231,2026-08-20T08:00:00Z,Two oil tankers damaged attacks strait of hormuz,LLaMA Ground Truth / Hormuz,Hormuz,9.0,CRITICAL,Vessel attacked or seized at the Strait of Hormuz,https://krude.energy/intelligence
EVT_0232,2026-08-20T08:00:00Z,Security council meet tanker attacks,LLaMA Ground Truth / Tanker Incident,Other,6.0,HIGH,Diplomatic or industry reaction to tanker attacks,https://krude.energy/intelligence
EVT_0233,2026-08-20T08:00:00Z,Suspected oil tanker attack,LLaMA Ground Truth / Tanker Incident,Hormuz,8.0,CRITICAL,Confirmed attack on tanker or tankers,https://krude.energy/intelligence
EVT_0234,2026-08-20T08:00:00Z,2 oil tankers attacked gulf oman,LLaMA Ground Truth / Tanker Incident,Hormuz,8.0,CRITICAL,Confirmed attack on tanker or tankers,https://krude.energy/intelligence
EVT_0235,2026-08-20T08:00:00Z,Two tankers attacked in gulf of oman us not ruling out iran is responsible,LLaMA Ground Truth / Tanker Incident,Hormuz,8.0,CRITICAL,Confirmed attack on tanker or tankers,https://krude.energy/intelligence
EVT_0236,2026-08-20T08:00:00Z,Wall street stocks jump as tanker attack sends oil higher p51xn5,LLaMA Ground Truth / Other,Other,6.0,HIGH,Oil price move driven by supply risk,https://krude.energy/intelligence
EVT_0237,2026-08-20T08:00:00Z,Us warns un of clear threat from iran after oil tanker attacks,LLaMA Ground Truth / Tanker Incident,Other,7.0,HIGH,Diplomatic or industry reaction to tanker attacks,https://krude.energy/intelligence
EVT_0238,2026-08-20T08:00:00Z,U s blames iran for tanker attacks in gulf of oman iran rejects assertion,LLaMA Ground Truth / Tanker Incident,Hormuz,7.0,HIGH,"Attribution, evidence or denial over tanker attacks",https://krude.energy/intelligence
EVT_0239,2026-08-20T08:00:00Z,Middle east tanker attack lifts oil prices and north american stock markets,LLaMA Ground Truth / Other,Other,6.0,HIGH,Oil price move driven by supply risk,https://krude.energy/intelligence
EVT_0240,2026-08-20T08:00:00Z,Tanker attacks cause crude price jump but experts shrug off their significance,LLaMA Ground Truth / Other,Other,5.0,HIGH,Oil price move driven by supply risk,https://krude.energy/intelligence
EVT_0241,2026-08-20T08:00:00Z,Tanker crews rescued after unacceptable attacks in gulf of oman,LLaMA Ground Truth / Tanker Incident,Hormuz,7.0,HIGH,"Aftermath of vessel incident, crew or release status",https://krude.energy/intelligence
EVT_0242,2026-08-20T08:00:00Z,Wall st climbs as oil jumps after gulf tanker attacks,LLaMA Ground Truth / Other,Other,6.0,HIGH,Oil price move driven by supply risk,https://krude.energy/intelligence
EVT_0243,2026-08-20T08:00:00Z,Us seizes on tanker attacks to up the stakes with iran,LLaMA Ground Truth / Other,Other,7.0,HIGH,Geopolitical escalation bearing on oil corridors,https://krude.energy/intelligence
EVT_0244,2026-08-20T08:00:00Z,Oman oil tanker attacks iran,LLaMA Ground Truth / Tanker Incident,Hormuz,8.0,CRITICAL,Confirmed attack on tanker or tankers,https://krude.energy/intelligence
EVT_0245,2026-08-20T08:00:00Z,China eu call restraint after oil tanker attacks gulf,LLaMA Ground Truth / Tanker Incident,Other,6.0,HIGH,Diplomatic or industry reaction to tanker attacks,https://krude.energy/intelligence
EVT_0246,2026-08-20T08:00:00Z,China says nobody wants war after tanker attacks in gulf of oman,LLaMA Ground Truth / Other,Other,5.0,HIGH,De-escalatory diplomacy on oil-related tension,https://krude.energy/intelligence
EVT_0247,2026-08-20T08:00:00Z,Tanker attacks gulf oman highlight,LLaMA Ground Truth / Tanker Incident,Hormuz,8.0,CRITICAL,Confirmed attack on tanker or tankers,https://krude.energy/intelligence
EVT_0248,2026-08-20T08:00:00Z,Tanker attack oman issues statement,LLaMA Ground Truth / Tanker Incident,Hormuz,6.0,HIGH,Diplomatic or industry reaction to tanker attacks,https://krude.energy/intelligence
EVT_0249,2026-08-20T08:00:00Z,Latest tanker attacks south strait,LLaMA Ground Truth / Tanker Incident,Hormuz,8.0,CRITICAL,Confirmed attack on tanker or tankers,https://krude.energy/intelligence
EVT_0250,2026-08-20T08:00:00Z,Britain backs in blaming iran for tanker attacks,LLaMA Ground Truth / Tanker Incident,Other,7.0,HIGH,"Attribution, evidence or denial over tanker attacks",https://krude.energy/intelligence
EVT_0251,2026-08-20T08:00:00Z,Another tanker attack,LLaMA Ground Truth / Tanker Incident,Hormuz,8.0,CRITICAL,Confirmed attack on tanker or tankers,https://krude.energy/intelligence
EVT_0252,2026-08-20T08:00:00Z,Know gulf tanker attacks,LLaMA Ground Truth / Tanker Incident,Hormuz,7.0,HIGH,Confirmed attack on tanker or tankers,https://krude.energy/intelligence
EVT_0253,2026-08-20T08:00:00Z,No problem with supplies after tanker attacks japan,LLaMA Ground Truth / Tanker Incident,Other,4.0,MEDIUM,"Aftermath of vessel incident, crew or release status",https://krude.energy/intelligence
EVT_0254,2026-08-20T08:00:00Z,Us accuses iran of detaining crew after oil tanker attack,LLaMA Ground Truth / Tanker Incident,Hormuz,7.0,HIGH,"Attribution, evidence or denial over tanker attacks",https://krude.energy/intelligence
EVT_0255,2026-08-20T08:00:00Z,Trump blames iran for tanker attacks fears of confrontation rise,LLaMA Ground Truth / Tanker Incident,Other,7.0,HIGH,"Attribution, evidence or denial over tanker attacks",https://krude.energy/intelligence
EVT_0256,2026-08-20T08:00:00Z,.nation of terror iran was behind tanker attacks says trump,LLaMA Ground Truth / Tanker Incident,Other,7.0,HIGH,"Attribution, evidence or denial over tanker attacks",https://krude.energy/intelligence
EVT_0257,2026-08-20T08:00:00Z,Iran denies involvement with tanker attacks in gulf of oman,LLaMA Ground Truth / Tanker Incident,Other,6.0,HIGH,"Attribution, evidence or denial over tanker attacks",https://krude.energy/intelligence
EVT_0258,2026-08-20T08:00:00Z,Crude oil reverses on tanker attack,LLaMA Ground Truth / Other,Other,6.0,HIGH,Oil price move driven by supply risk,https://krude.energy/intelligence
EVT_0259,2026-08-20T08:00:00Z,Trump says strait of hormuz won039t stay closed for long,LLaMA Ground Truth / Hormuz,Hormuz,6.0,HIGH,Threat to close or restrict passage through Hormuz,https://krude.energy/intelligence
EVT_0260,2026-08-20T08:00:00Z,U n chief calls for independent probe into gulf tanker attacks,LLaMA Ground Truth / Tanker Incident,Other,6.0,HIGH,Diplomatic or industry reaction to tanker attacks,https://krude.energy/intelligence
EVT_0261,2026-08-20T08:00:00Z,Industry minister says tanker attacks will be discussed at g20 meeting,LLaMA Ground Truth / Tanker Incident,Other,5.0,HIGH,Diplomatic or industry reaction to tanker attacks,https://krude.energy/intelligence
EVT_0262,2026-08-20T08:00:00Z,Trump says iran behind gulf tankers attack,LLaMA Ground Truth / Tanker Incident,Other,7.0,HIGH,"Attribution, evidence or denial over tanker attacks",https://krude.energy/intelligence
EVT_0263,2026-08-20T08:00:00Z,.corbyn urges government to ease gulf tensions after oil tanker attack claims,LLaMA Ground Truth / Tanker Incident,Other,5.0,HIGH,Diplomatic or industry reaction to tanker attacks,https://krude.energy/intelligence
EVT_0264,2026-08-20T08:00:00Z,Trump blames iran for tanker attacks but calls for talks,LLaMA Ground Truth / Tanker Incident,Other,6.0,HIGH,"Attribution, evidence or denial over tanker attacks",https://krude.energy/intelligence
EVT_0265,2026-08-20T08:00:00Z,Trump administration steps efforts show iran carried out tanker attacks,LLaMA Ground Truth / Tanker Incident,Other,7.0,HIGH,"Attribution, evidence or denial over tanker attacks",https://krude.energy/intelligence
EVT_0266,2026-08-20T08:00:00Z,Trump blames iran tanker attacks calls talks,LLaMA Ground Truth / Tanker Incident,Other,6.0,HIGH,"Attribution, evidence or denial over tanker attacks",https://krude.energy/intelligence
EVT_0267,2026-08-20T08:00:00Z,Un chief wants independent probe into gulf tanker attacks .vov,LLaMA Ground Truth / Tanker Incident,Other,6.0,HIGH,Diplomatic or industry reaction to tanker attacks,https://krude.energy/intelligence
EVT_0268,2026-08-20T08:00:00Z,Why dump iran,LLaMA Ground Truth / Other,Other,3.0,MEDIUM,India crude sourcing or supplier development,https://krude.energy/intelligence
EVT_0269,2026-08-20T08:00:00Z,Saudi arabia iran oil tanker attacks,LLaMA Ground Truth / Tanker Incident,Hormuz,8.0,CRITICAL,Confirmed attack on tanker or tankers,https://krude.energy/intelligence
EVT_0270,2026-08-20T08:00:00Z,Iran attempted to shoot down us drone over tanker attack site in gulf of oman abcid,LLaMA Ground Truth / Other,Hormuz,7.0,HIGH,Geopolitical escalation bearing on oil corridors,https://krude.energy/intelligence
EVT_0271,2026-08-20T08:00:00Z,Saudi crown prince accuses iran of twin oil tanker attacks,LLaMA Ground Truth / Tanker Incident,Hormuz,7.0,HIGH,"Attribution, evidence or denial over tanker attacks",https://krude.energy/intelligence
EVT_0272,2026-08-20T08:00:00Z,Saudi energy minister hopes opec agrees to extend production cut early july,LLaMA Ground Truth / OPEC/Production,Other,5.0,HIGH,OPEC or producer output policy,https://krude.energy/intelligence
EVT_0273,2026-08-20T08:00:00Z,Britain almost certain iran was behind tanker attacks foreign minister hunt,LLaMA Ground Truth / Tanker Incident,Other,7.0,HIGH,"Attribution, evidence or denial over tanker attacks",https://krude.energy/intelligence
EVT_0274,2026-08-20T08:00:00Z,Schiff agrees with trump admin no question that iran is behind oil tanker attacks,LLaMA Ground Truth / Tanker Incident,Other,7.0,HIGH,"Attribution, evidence or denial over tanker attacks",https://krude.energy/intelligence
EVT_0275,2026-08-20T08:00:00Z,Pompeo vows us will guarantee passage through strait of hormuz,LLaMA Ground Truth / Hormuz,Hormuz,6.0,HIGH,Naval deployment or escort operation at Hormuz,https://krude.energy/intelligence
EVT_0276,2026-08-20T08:00:00Z,Us considering military response pompeo on iran,LLaMA Ground Truth / Other,Other,7.0,HIGH,Geopolitical escalation bearing on oil corridors,https://krude.energy/intelligence
EVT_0277,2026-08-20T08:00:00Z,Who is really behind the gulf tanker attacks,LLaMA Ground Truth / Tanker Incident,Other,6.0,HIGH,"Attribution, evidence or denial over tanker attacks",https://krude.energy/intelligence
EVT_0278,2026-08-20T08:00:00Z,Iran reminds world of us history of false flag ops questions tanker attacks is it diplomacy mr pompeo,LLaMA Ground Truth / Tanker Incident,Other,6.0,HIGH,"Attribution, evidence or denial over tanker attacks",https://krude.energy/intelligence
EVT_0279,2026-08-20T08:00:00Z,Trump national security team expected to discuss sending more us military force to middle east in wake of tanker attacks,LLaMA Ground Truth / Other,Other,7.0,HIGH,Geopolitical escalation bearing on oil corridors,https://krude.energy/intelligence
EVT_0280,2026-08-20T08:00:00Z,U s debates military action after oil tanker attack in gulf of oman,LLaMA Ground Truth / Other,Other,7.0,HIGH,Geopolitical escalation bearing on oil corridors,https://krude.energy/intelligence
EVT_0281,2026-08-20T08:00:00Z,Eu states cool on us blaming iran for gulf tanker attacks,LLaMA Ground Truth / Tanker Incident,Other,5.0,HIGH,"Attribution, evidence or denial over tanker attacks",https://krude.energy/intelligence
EVT_0282,2026-08-20T08:00:00Z,Tanker attacks calibrated but risky iran response,LLaMA Ground Truth / Tanker Incident,Other,6.0,HIGH,"Attribution, evidence or denial over tanker attacks",https://krude.energy/intelligence
EVT_0283,2026-08-20T08:00:00Z,Ocean rate report tanker earnings jump after attacks,LLaMA Ground Truth / Other Maritime Route,Other,6.0,HIGH,Freight or war-risk insurance cost moving on corridor risk,https://krude.energy/intelligence
EVT_0284,2026-08-20T08:00:00Z,Iran responsible for oil tanker attack pompeo says,LLaMA Ground Truth / Tanker Incident,Other,7.0,HIGH,"Attribution, evidence or denial over tanker attacks",https://krude.energy/intelligence
EVT_0285,2026-08-20T08:00:00Z,Pentagon published new images of gulf of oman false flag tanker attacks this time in full color,LLaMA Ground Truth / Tanker Incident,Other,7.0,HIGH,"Attribution, evidence or denial over tanker attacks",https://krude.energy/intelligence
EVT_0286,2026-08-20T08:00:00Z,Tanker attacks convenient pretext for conflict with iran,LLaMA Ground Truth / Tanker Incident,Other,6.0,HIGH,"Attribution, evidence or denial over tanker attacks",https://krude.energy/intelligence
EVT_0287,2026-08-20T08:00:00Z,Us navy tanker attack mine similar ones used iran,LLaMA Ground Truth / Tanker Incident,Other,7.0,HIGH,"Attribution, evidence or denial over tanker attacks",https://krude.energy/intelligence
EVT_0288,2026-08-20T08:00:00Z,Limpet mines used in tanker attacks strikingly like irans us says,LLaMA Ground Truth / Tanker Incident,Other,7.0,HIGH,"Attribution, evidence or denial over tanker attacks",https://krude.energy/intelligence
EVT_0289,2026-08-20T08:00:00Z,Iran tanker attack mine gulf oman japan oil us evidence uk a,LLaMA Ground Truth / Tanker Incident,Other,7.0,HIGH,"Attribution, evidence or denial over tanker attacks",https://krude.energy/intelligence
EVT_0290,2026-08-20T08:00:00Z,Germany admits strong evidence of iran s involvement in tanker attacks,LLaMA Ground Truth / Tanker Incident,Other,7.0,HIGH,"Attribution, evidence or denial over tanker attacks",https://krude.energy/intelligence
EVT_0291,2026-08-20T08:00:00Z,From b 52 bombers to metoo at the dire straits of hormuz e900ebf,LLaMA Ground Truth / Hormuz,Hormuz,5.0,HIGH,"Tension or rhetoric around Hormuz, no incident",https://krude.energy/intelligence
EVT_0292,2026-08-20T08:00:00Z,U s navy says mine fragments suggest iran behind gulf tanker attack,LLaMA Ground Truth / Tanker Incident,Other,7.0,HIGH,"Attribution, evidence or denial over tanker attacks",https://krude.energy/intelligence
EVT_0293,2026-08-20T08:00:00Z,Us president donald trump orders military strikes on iran withdraws later nyt,LLaMA Ground Truth / Other,Other,8.0,CRITICAL,Geopolitical escalation bearing on oil corridors,https://krude.energy/intelligence
EVT_0294,2026-08-20T08:00:00Z,The latest some asia airlines avoid strait of hormuz area,LLaMA Ground Truth / Hormuz,Hormuz,6.0,HIGH,Airspace or route avoidance signalling Gulf conflict risk,https://krude.energy/intelligence
EVT_0295,2026-08-20T08:00:00Z,India expresses concern over rising oil prices,LLaMA Ground Truth / Other,Other,4.0,MEDIUM,Oil price move driven by supply risk,https://krude.energy/intelligence
EVT_0296,2026-08-20T08:00:00Z,Tanker attacks point to only one suspect despite denials,LLaMA Ground Truth / Tanker Incident,Other,7.0,HIGH,"Attribution, evidence or denial over tanker attacks",https://krude.energy/intelligence
EVT_0297,2026-08-20T08:00:00Z,Us iran conflict donald trump drone attack hassan rouhani,LLaMA Ground Truth / Other,Other,7.0,HIGH,Geopolitical escalation bearing on oil corridors,https://krude.energy/intelligence
EVT_0298,2026-08-20T08:00:00Z,Etihad airways says suspends operations through irans hormuz gulf of oman airspace,LLaMA Ground Truth / Hormuz,Hormuz,6.0,HIGH,Airspace or route avoidance signalling Gulf conflict risk,https://krude.energy/intelligence
EVT_0299,2026-08-20T08:00:00Z,Us iran conflict indian airlines decide to avoid flying over affected part of iranian airspace,LLaMA Ground Truth / Hormuz,Hormuz,6.0,HIGH,Airspace or route avoidance signalling Gulf conflict risk,https://krude.energy/intelligence
EVT_0300,2026-08-20T08:00:00Z,Indian carriers to avoid iranian airspace amid us iran tensions,LLaMA Ground Truth / Hormuz,Hormuz,6.0,HIGH,Airspace or route avoidance signalling Gulf conflict risk,https://krude.energy/intelligence
EVT_0301,2026-08-20T08:00:00Z,World iran row us denies evacution personnel from iraq,LLaMA Ground Truth / Other,Other,5.0,HIGH,Geopolitical escalation bearing on oil corridors,https://krude.energy/intelligence
EVT_0302,2026-08-20T08:00:00Z,Report iran tensions to be focus of mike pompeo s india visit,LLaMA Ground Truth / Other,Other,4.0,MEDIUM,Geopolitical escalation bearing on oil corridors,https://krude.energy/intelligence
EVT_0303,2026-08-20T08:00:00Z,The big news indian flights to avoid iranian airspace amid us iran tension and 9 other top stories,LLaMA Ground Truth / Hormuz,Hormuz,5.0,HIGH,Airspace or route avoidance signalling Gulf conflict risk,https://krude.energy/intelligence
EVT_0304,2026-08-20T08:00:00Z,World donald trump says he could be iran s best friend amid tough talk,LLaMA Ground Truth / Other,Other,3.0,MEDIUM,De-escalatory diplomacy on oil-related tension,https://krude.energy/intelligence
EVT_0305,2026-08-20T08:00:00Z,Things to come iran and strait of hormuz,LLaMA Ground Truth / Hormuz,Hormuz,5.0,HIGH,"Tension or rhetoric around Hormuz, no incident",https://krude.energy/intelligence
EVT_0306,2026-08-20T08:00:00Z,Syrias mediterranean oil pipelines mysteriously come under attack,LLaMA Ground Truth / Infrastructure,Other,7.0,HIGH,"Energy infrastructure incident, outage or attack",https://krude.energy/intelligence
EVT_0307,2026-08-20T08:00:00Z,Filling iran oil gap in india u s supplies outshine middle east crude,LLaMA Ground Truth / Other,Other,2.0,LOW,India crude sourcing or supplier development,https://krude.energy/intelligence
EVT_0308,2026-08-20T08:00:00Z,India calls for de escalation of tensions between us iran,LLaMA Ground Truth / Other,Other,3.0,MEDIUM,De-escalatory diplomacy on oil-related tension,https://krude.energy/intelligence
EVT_0309,2026-08-20T08:00:00Z,India keen on reduction of tensions between us iran,LLaMA Ground Truth / Other,Other,3.0,MEDIUM,De-escalatory diplomacy on oil-related tension,https://krude.energy/intelligence
EVT_0310,2026-08-20T08:00:00Z,India us to hold talks on iran oil today,LLaMA Ground Truth / Other,Other,4.0,MEDIUM,India crude sourcing or supplier development,https://krude.energy/intelligence
EVT_0311,2026-08-20T08:00:00Z,Us iran conflict brewing indias emergency oil reserve can last 9 days ?pfrom=commodity profit,LLaMA Ground Truth / Infrastructure,Other,6.0,HIGH,"Energy infrastructure incident, outage or attack",https://krude.energy/intelligence
EVT_0312,2026-08-20T08:00:00Z,Mike pompeo understands indias energy interests contribution of gulf to global crude exports s jaishankar on us iran ties,LLaMA Ground Truth / Other,Other,4.0,MEDIUM,Geopolitical escalation bearing on oil corridors,https://krude.energy/intelligence
EVT_0313,2026-08-20T08:00:00Z,Not enough uae rejects us proof irans role prior tanker attacks,LLaMA Ground Truth / Tanker Incident,Other,6.0,HIGH,"Attribution, evidence or denial over tanker attacks",https://krude.energy/intelligence
EVT_0314,2026-08-20T08:00:00Z,Us india working together amid iran crisis despite trade tensions,LLaMA Ground Truth / Other,Other,3.0,MEDIUM,Geopolitical escalation bearing on oil corridors,https://krude.energy/intelligence
EVT_0315,2026-08-20T08:00:00Z,From diplomatic silence to recognising differences in opinions great friends india and us discuss china iran trade,LLaMA Ground Truth / Other,Other,3.0,MEDIUM,Geopolitical escalation bearing on oil corridors,https://krude.energy/intelligence
EVT_0316,2026-08-20T08:00:00Z,Report iran to breach nuclear pact limit within days of stockpiling enriched uranium diplomats,LLaMA Ground Truth / Other,Other,5.0,HIGH,"Iran nuclear file, tied to the sanctions regime",https://krude.energy/intelligence
EVT_0317,2026-08-20T08:00:00Z,Us escalates pressure on un allies to blame iran for tanker attacks,LLaMA Ground Truth / Tanker Incident,Other,6.0,HIGH,"Attribution, evidence or denial over tanker attacks",https://krude.energy/intelligence
EVT_0318,2026-08-20T08:00:00Z,U s says saudi pipeline attacks originated in iraq wall street journal,LLaMA Ground Truth / Infrastructure,Other,7.0,HIGH,"Energy infrastructure incident, outage or attack",https://krude.energy/intelligence
EVT_0319,2026-08-20T08:00:00Z,Ny iran senate war trump udall schumer tanker attacks story,LLaMA Ground Truth / Tanker Incident,Other,5.0,HIGH,Diplomatic or industry reaction to tanker attacks,https://krude.energy/intelligence
EVT_0320,2026-08-20T08:00:00Z,Roundtable about us response to tanker attack,LLaMA Ground Truth / Tanker Incident,Other,5.0,HIGH,Diplomatic or industry reaction to tanker attacks,https://krude.energy/intelligence
EVT_0321,2026-08-20T08:00:00Z,Us sends f 22 raptor fighter jets to qatar amid tension with iran,LLaMA Ground Truth / Other,Other,7.0,HIGH,Geopolitical escalation bearing on oil corridors,https://krude.energy/intelligence
EVT_0322,2026-08-20T08:00:00Z,Despite iran sanctions gulf tensions opec agree to extend oil production cuts,LLaMA Ground Truth / OPEC/Production,Other,5.0,HIGH,OPEC or producer output policy,https://krude.energy/intelligence
EVT_0323,2026-08-20T08:00:00Z,Opec set to prolong oil output cuts after moscow riyadh deal,LLaMA Ground Truth / OPEC/Production,Other,5.0,HIGH,OPEC or producer output policy,https://krude.energy/intelligence
EVT_0324,2026-08-20T08:00:00Z,Iran oil min has no problem with output cut slams unilateralism,LLaMA Ground Truth / OPEC/Production,Other,4.0,MEDIUM,OPEC or producer output policy,https://krude.energy/intelligence
EVT_0325,2026-08-20T08:00:00Z,Opec prepares to extend oil production cuts to keep oil prices higher,LLaMA Ground Truth / OPEC/Production,Other,5.0,HIGH,OPEC or producer output policy,https://krude.energy/intelligence
EVT_0326,2026-08-20T08:00:00Z,Iran amasses more enriched uranium than allowed by nuclear deal,LLaMA Ground Truth / Other,Other,5.0,HIGH,"Iran nuclear file, tied to the sanctions regime",https://krude.energy/intelligence
EVT_0327,2026-08-20T08:00:00Z,Npr opec extends production cuts for 9 months to shore up oil prices,LLaMA Ground Truth / OPEC/Production,Other,5.0,HIGH,OPEC or producer output policy,https://krude.energy/intelligence
EVT_0328,2026-08-20T08:00:00Z,Opec set to extend output cuts into as demand falters,LLaMA Ground Truth / OPEC/Production,Other,5.0,HIGH,OPEC or producer output policy,https://krude.energy/intelligence
EVT_0329,2026-08-20T08:00:00Z,Opec extends production cuts 9 months shore oil prices,LLaMA Ground Truth / OPEC/Production,Other,5.0,HIGH,OPEC or producer output policy,https://krude.energy/intelligence
EVT_0330,2026-08-20T08:00:00Z,Apc opec considers extending output cuts as oil cartel faces slackening demand,LLaMA Ground Truth / OPEC/Production,Other,5.0,HIGH,OPEC or producer output policy,https://krude.energy/intelligence
EVT_0331,2026-08-20T08:00:00Z,Opec extends oil production cuts to prop up prices,LLaMA Ground Truth / OPEC/Production,Other,5.0,HIGH,OPEC or producer output policy,https://krude.energy/intelligence
EVT_0332,2026-08-20T08:00:00Z,Report trump says iran playing with fire with uranium enrichment,LLaMA Ground Truth / Other,Other,6.0,HIGH,"Iran nuclear file, tied to the sanctions regime",https://krude.energy/intelligence
EVT_0333,2026-08-20T08:00:00Z,Opec russia agree to extend oil output cuts into,LLaMA Ground Truth / OPEC/Production,Other,5.0,HIGH,OPEC or producer output policy,https://krude.energy/intelligence
EVT_0334,2026-08-20T08:00:00Z,Hopeful india will act in its national interest iran on oil imports,LLaMA Ground Truth / Other,Other,3.0,MEDIUM,India crude sourcing or supplier development,https://krude.energy/intelligence
EVT_0335,2026-08-20T08:00:00Z,No exemptions on iranian oil sanctions us,LLaMA Ground Truth / Sanctions Policy,Other,6.0,HIGH,"Sanctions tightened, extended or threatened",https://krude.energy/intelligence
EVT_0336,2026-08-20T08:00:00Z,Tehran fumes as britain seizes iranian oil tanker over syria sanctions,LLaMA Ground Truth / Tanker Incident,Other,8.0,CRITICAL,Confirmed vessel seizure or detention,https://krude.energy/intelligence
EVT_0337,2026-08-20T08:00:00Z,Oil prices rise on iran tensions opec output cuts,LLaMA Ground Truth / Other,Other,5.0,HIGH,Oil price move driven by supply risk,https://krude.energy/intelligence
EVT_0338,2026-08-20T08:00:00Z,Iran to lift uranium enrichment to 5 above level in deal official,LLaMA Ground Truth / Other,Other,5.0,HIGH,"Iran nuclear file, tied to the sanctions regime",https://krude.energy/intelligence
EVT_0339,2026-08-20T08:00:00Z,Oil tanker seized off gibraltar not destined for syria says iran,LLaMA Ground Truth / Tanker Incident,Other,7.0,HIGH,Confirmed vessel seizure or detention,https://krude.energy/intelligence
EVT_0340,2026-08-20T08:00:00Z,Iran ratchets up tensions with higher enrichment draws warnings,LLaMA Ground Truth / Other,Other,5.0,HIGH,"Iran nuclear file, tied to the sanctions regime",https://krude.energy/intelligence
EVT_0341,2026-08-20T08:00:00Z,Iran accuses us using oil sanctions gain market clout,LLaMA Ground Truth / Sanctions Policy,Other,4.0,MEDIUM,Sanctions policy development affecting oil trade,https://krude.energy/intelligence
EVT_0342,2026-08-20T08:00:00Z,Iran breaches key uranium enrichment limit in nuclear deal united states donald trump,LLaMA Ground Truth / Other,Other,5.0,HIGH,"Iran nuclear file, tied to the sanctions regime",https://krude.energy/intelligence
EVT_0343,2026-08-20T08:00:00Z,Oil insurance rates have soared since tanker attacks near iran,LLaMA Ground Truth / Other Maritime Route,Other,7.0,HIGH,Freight or war-risk insurance cost moving on corridor risk,https://krude.energy/intelligence
EVT_0344,2026-08-20T08:00:00Z,Under threat of u s sanctions india is reevaluating its ties with iran,LLaMA Ground Truth / Sanctions Policy,Other,4.0,MEDIUM,Sanctions policy development affecting oil trade,https://krude.energy/intelligence
EVT_0345,2026-08-20T08:00:00Z,Iranian boats unsuccessfully try to seize british tanker in the gulf u s official,LLaMA Ground Truth / Hormuz,Hormuz,7.0,HIGH,Vessel attacked or seized at the Strait of Hormuz,https://krude.energy/intelligence
EVT_0346,2026-08-20T08:00:00Z,.iran attempted impede passage british vessel strait hormuz,LLaMA Ground Truth / Hormuz,Hormuz,7.0,HIGH,Vessel attacked or seized at the Strait of Hormuz,https://krude.energy/intelligence
EVT_0347,2026-08-20T08:00:00Z,Uk says iran tried intercept tanker strait hormuz tehran denies it,LLaMA Ground Truth / Hormuz,Hormuz,7.0,HIGH,Vessel attacked or seized at the Strait of Hormuz,https://krude.energy/intelligence
EVT_0348,2026-08-20T08:00:00Z,Britain accuses iran of trying to block oil tanker in gulf,LLaMA Ground Truth / Hormuz,Hormuz,7.0,HIGH,Vessel attacked or seized at the Strait of Hormuz,https://krude.energy/intelligence
EVT_0349,2026-08-20T08:00:00Z,Iran calls on britain to immediately release its seized supertanker irna,LLaMA Ground Truth / Tanker Incident,Other,6.0,HIGH,Confirmed vessel seizure or detention,https://krude.energy/intelligence
EVT_0350,2026-08-20T08:00:00Z,Iran demands britain release oil tanker seized off gibraltar,LLaMA Ground Truth / Tanker Incident,Other,6.0,HIGH,Confirmed vessel seizure or detention,https://krude.energy/intelligence
EVT_0351,2026-08-20T08:00:00Z,U.s. officials push for sanctions on china over oil purchases from iran,LLaMA Ground Truth / Sanctions Policy,Other,5.0,HIGH,"Sanctions tightened, extended or threatened",https://krude.energy/intelligence
EVT_0352,2026-08-20T08:00:00Z,Royal navy sends second warship to gulf iran britain threat oil tanker seizure,LLaMA Ground Truth / Hormuz,Hormuz,7.0,HIGH,Naval deployment or escort operation at Hormuz,https://krude.energy/intelligence
EVT_0353,2026-08-20T08:00:00Z,Donald trump scrapped iran nuclear deal to spite obama new memo leak claims,LLaMA Ground Truth / Other,Other,3.0,MEDIUM,"Iran nuclear file, tied to the sanctions regime",https://krude.energy/intelligence
EVT_0354,2026-08-20T08:00:00Z,Iran threatens to return to pre nuclear deal conditions,LLaMA Ground Truth / Other,Other,5.0,HIGH,"Iran nuclear file, tied to the sanctions regime",https://krude.energy/intelligence
EVT_0355,2026-08-20T08:00:00Z,Khamenei vows iran will respond to uk piracy over tanker seizure,LLaMA Ground Truth / Tanker Incident,Other,7.0,HIGH,Confirmed vessel seizure or detention,https://krude.energy/intelligence
EVT_0356,2026-08-20T08:00:00Z,Concern grows over uae based oil tanker in strait of hormuz,LLaMA Ground Truth / Hormuz,Hormuz,7.0,HIGH,Vessel attacked or seized at the Strait of Hormuz,https://krude.energy/intelligence
EVT_0357,2026-08-20T08:00:00Z,Us fears iran seized uae based tanker in strait of hormuz,LLaMA Ground Truth / Hormuz,Hormuz,8.0,CRITICAL,Vessel attacked or seized at the Strait of Hormuz,https://krude.energy/intelligence
EVT_0358,2026-08-20T08:00:00Z,Iran says it could close strait of hormuz but doesnt want to,LLaMA Ground Truth / Hormuz,Hormuz,7.0,HIGH,Threat to close or restrict passage through Hormuz,https://krude.energy/intelligence
EVT_0359,2026-08-20T08:00:00Z,Zarif iran doesn t want to slose strait of hormuz but,LLaMA Ground Truth / Hormuz,Hormuz,7.0,HIGH,Threat to close or restrict passage through Hormuz,https://krude.energy/intelligence
EVT_0360,2026-08-20T08:00:00Z,Iran oil tanker seized,LLaMA Ground Truth / Tanker Incident,Other,8.0,CRITICAL,Confirmed vessel seizure or detention,https://krude.energy/intelligence
EVT_0361,2026-08-20T08:00:00Z,Iran foreign oil tanker seizure strait of hormuz a7e2,LLaMA Ground Truth / Hormuz,Hormuz,8.0,CRITICAL,Vessel attacked or seized at the Strait of Hormuz,https://krude.energy/intelligence
EVT_0362,2026-08-20T08:00:00Z,07 18 us navy shoots down drone in strait of hormuz,LLaMA Ground Truth / Hormuz,Hormuz,7.0,HIGH,Naval deployment or escort operation at Hormuz,https://krude.energy/intelligence
EVT_0363,2026-08-20T08:00:00Z,American warship destroys iranian drone in strait of hormuz,LLaMA Ground Truth / Hormuz,Hormuz,7.0,HIGH,Naval deployment or escort operation at Hormuz,https://krude.energy/intelligence
EVT_0364,2026-08-20T08:00:00Z,Trump says us navy ship destroys iranian drone in strait of hormuz,LLaMA Ground Truth / Hormuz,Hormuz,7.0,HIGH,Naval deployment or escort operation at Hormuz,https://krude.energy/intelligence
EVT_0365,2026-08-20T08:00:00Z,Us warship shoots down iranian drone in strategic strait of hormuz,LLaMA Ground Truth / Hormuz,Hormuz,7.0,HIGH,Naval deployment or escort operation at Hormuz,https://krude.energy/intelligence
EVT_0366,2026-08-20T08:00:00Z,Iran denies us downed one of its drones in strait of hormuz,LLaMA Ground Truth / Hormuz,Hormuz,5.0,HIGH,Naval deployment or escort operation at Hormuz,https://krude.energy/intelligence
EVT_0367,2026-08-20T08:00:00Z,Iran says it seized british oil tanker in strait of hormuz,LLaMA Ground Truth / Hormuz,Hormuz,8.0,CRITICAL,Vessel attacked or seized at the Strait of Hormuz,https://krude.energy/intelligence
EVT_0368,2026-08-20T08:00:00Z,07 19 iranian forces seize british oil tanker in the strait of hormuz,LLaMA Ground Truth / Hormuz,Hormuz,8.0,CRITICAL,Vessel attacked or seized at the Strait of Hormuz,https://krude.energy/intelligence
EVT_0369,2026-08-20T08:00:00Z,Gulf crisis tanker retaliation iran hormuz,LLaMA Ground Truth / Hormuz,Hormuz,7.0,HIGH,Vessel attacked or seized at the Strait of Hormuz,https://krude.energy/intelligence
EVT_0370,2026-08-20T08:00:00Z,Tensions soar over tanker seizures as trump again signals interest in talks with iran,LLaMA Ground Truth / Tanker Incident,Other,6.0,HIGH,Confirmed vessel seizure or detention,https://krude.energy/intelligence
EVT_0371,2026-08-20T08:00:00Z,Indians among 23 crew members on british tanker seized by iran,LLaMA Ground Truth / Tanker Incident,Other,7.0,HIGH,"Aftermath of vessel incident, crew or release status",https://krude.energy/intelligence
EVT_0372,2026-08-20T08:00:00Z,Western allies back uk over tanker seizure,LLaMA Ground Truth / Tanker Incident,Other,6.0,HIGH,Confirmed vessel seizure or detention,https://krude.energy/intelligence
EVT_0373,2026-08-20T08:00:00Z,Iran claims british tanker seized,LLaMA Ground Truth / Tanker Incident,Other,8.0,CRITICAL,Confirmed vessel seizure or detention,https://krude.energy/intelligence
EVT_0374,2026-08-20T08:00:00Z,Filipinos among 23 crew of oil tanker seized by iran,LLaMA Ground Truth / Tanker Incident,Other,6.0,HIGH,"Aftermath of vessel incident, crew or release status",https://krude.energy/intelligence
EVT_0375,2026-08-20T08:00:00Z,Uk rejects iranian position on tanker seizure,LLaMA Ground Truth / Tanker Incident,Other,6.0,HIGH,Confirmed vessel seizure or detention,https://krude.energy/intelligence
EVT_0376,2026-08-20T08:00:00Z,.oil tanker seizure raises serious questions shipping security says hunt,LLaMA Ground Truth / Tanker Incident,Other,7.0,HIGH,Confirmed vessel seizure or detention,https://krude.energy/intelligence
EVT_0377,2026-08-20T08:00:00Z,Iran tanker seizure linked earlier act by uk,LLaMA Ground Truth / Tanker Incident,Other,6.0,HIGH,Confirmed vessel seizure or detention,https://krude.energy/intelligence
EVT_0378,2026-08-20T08:00:00Z,Weekly rundown iran tanker seizure brexit boris johnson japan ukraine election turkey interest rates ramaphosa south africa corruption south china sea,LLaMA Ground Truth / Tanker Incident,Other,5.0,HIGH,Confirmed vessel seizure or detention,https://krude.energy/intelligence
EVT_0379,2026-08-20T08:00:00Z,Iran tanker seizure raises serious questions for international shipping hunt,LLaMA Ground Truth / Tanker Incident,Other,7.0,HIGH,Confirmed vessel seizure or detention,https://krude.energy/intelligence
EVT_0380,2026-08-20T08:00:00Z,Uk threatens iran with serious consequences after tanker seized by iran,LLaMA Ground Truth / Tanker Incident,Other,7.0,HIGH,Confirmed vessel seizure or detention,https://krude.energy/intelligence
EVT_0381,2026-08-20T08:00:00Z,Stena bulk has asked to visit crew of seized tanker,LLaMA Ground Truth / Tanker Incident,Other,5.0,HIGH,"Aftermath of vessel incident, crew or release status",https://krude.energy/intelligence
EVT_0382,2026-08-20T08:00:00Z,World crew of captured british oil tanker safe iranian official,LLaMA Ground Truth / Tanker Incident,Other,5.0,HIGH,"Aftermath of vessel incident, crew or release status",https://krude.energy/intelligence
EVT_0383,2026-08-20T08:00:00Z,Iran eyes toll on all ships passing through strait of hormuz,LLaMA Ground Truth / Hormuz,Hormuz,7.0,HIGH,Threat to close or restrict passage through Hormuz,https://krude.energy/intelligence
EVT_0384,2026-08-20T08:00:00Z,Seizure of british flagged tanker clear violation of international law uk chamber of shipping,LLaMA Ground Truth / Tanker Incident,Other,7.0,HIGH,Confirmed vessel seizure or detention,https://krude.energy/intelligence
EVT_0385,2026-08-20T08:00:00Z,.theresa may chair cobra meeting british flagged oil tanker seizure,LLaMA Ground Truth / Tanker Incident,Other,7.0,HIGH,Confirmed vessel seizure or detention,https://krude.energy/intelligence
EVT_0386,2026-08-20T08:00:00Z,Stena impero crew seen in first picture from inside uk flagged oil tanker seized by iran,LLaMA Ground Truth / Tanker Incident,Other,6.0,HIGH,"Aftermath of vessel incident, crew or release status",https://krude.energy/intelligence
EVT_0387,2026-08-20T08:00:00Z,All crew including indians on uk flagged tanker in iran safe iranian embassy in india,LLaMA Ground Truth / Tanker Incident,Other,5.0,HIGH,"Aftermath of vessel incident, crew or release status",https://krude.energy/intelligence
EVT_0388,2026-08-20T08:00:00Z,Spain isnt happy iran tanker seizure uk,LLaMA Ground Truth / Tanker Incident,Other,5.0,HIGH,Confirmed vessel seizure or detention,https://krude.energy/intelligence
EVT_0389,2026-08-20T08:00:00Z,Strait of hormuz iran tanker,LLaMA Ground Truth / Hormuz,Hormuz,7.0,HIGH,Vessel attacked or seized at the Strait of Hormuz,https://krude.energy/intelligence
EVT_0390,2026-08-20T08:00:00Z,Indias june crude oil imports,LLaMA Ground Truth / Other,Other,3.0,MEDIUM,"Routine trade, import or production statistic",https://krude.energy/intelligence
EVT_0391,2026-08-20T08:00:00Z,Britain wins early european support for hormuz naval mission,LLaMA Ground Truth / Hormuz,Hormuz,5.0,HIGH,Naval deployment or escort operation at Hormuz,https://krude.energy/intelligence
EVT_0392,2026-08-20T08:00:00Z,Us says may have downed 2 iran drones last week not,LLaMA Ground Truth / Hormuz,Hormuz,6.0,HIGH,Naval deployment or escort operation at Hormuz,https://krude.energy/intelligence
EVT_0393,2026-08-20T08:00:00Z,Iran persian gulf strait of hormuz security rouhani,LLaMA Ground Truth / Hormuz,Hormuz,5.0,HIGH,"Tension or rhetoric around Hormuz, no incident",https://krude.energy/intelligence
EVT_0394,2026-08-20T08:00:00Z,Jazeera cites iran official warning of confrontation if hormuz status changed,LLaMA Ground Truth / Hormuz,Hormuz,7.0,HIGH,Threat to close or restrict passage through Hormuz,https://krude.energy/intelligence
EVT_0395,2026-08-20T08:00:00Z,Iran vows to secure strait of hormuz urges diplomacy,LLaMA Ground Truth / Hormuz,Hormuz,4.0,MEDIUM,"Tension or rhetoric around Hormuz, no incident",https://krude.energy/intelligence
EVT_0396,2026-08-20T08:00:00Z,Swedish owner tanker seized iran says crew safe,LLaMA Ground Truth / Tanker Incident,Other,5.0,HIGH,"Aftermath of vessel incident, crew or release status",https://krude.energy/intelligence
EVT_0397,2026-08-20T08:00:00Z,British navy accompany british vessels strait hormuz,LLaMA Ground Truth / Hormuz,Hormuz,6.0,HIGH,Naval deployment or escort operation at Hormuz,https://krude.energy/intelligence
EVT_0398,2026-08-20T08:00:00Z,Navy to guard uk ships in strait of hormuz mod iran,LLaMA Ground Truth / Hormuz,Hormuz,6.0,HIGH,Naval deployment or escort operation at Hormuz,https://krude.energy/intelligence
EVT_0399,2026-08-20T08:00:00Z,Royal navy will protect uk flagged vessels through the strait of hormuz,LLaMA Ground Truth / Hormuz,Hormuz,6.0,HIGH,Naval deployment or escort operation at Hormuz,https://krude.energy/intelligence
EVT_0400,2026-08-20T08:00:00Z,Britain begins escorting all uk vessels through hormuz strait,LLaMA Ground Truth / Hormuz,Hormuz,6.0,HIGH,Naval deployment or escort operation at Hormuz,https://krude.energy/intelligence
EVT_0401,2026-08-20T08:00:00Z,British navy warships to escort all uk vessels through hormuz strait news international,LLaMA Ground Truth / Hormuz,Hormuz,6.0,HIGH,Naval deployment or escort operation at Hormuz,https://krude.energy/intelligence
EVT_0402,2026-08-20T08:00:00Z,Denmark backs britains proposed hormuz naval mission,LLaMA Ground Truth / Hormuz,Hormuz,5.0,HIGH,Naval deployment or escort operation at Hormuz,https://krude.energy/intelligence
EVT_0403,2026-08-20T08:00:00Z,Report iran releases 9 of 12 detained indian sailors mea,LLaMA Ground Truth / Tanker Incident,Other,3.0,MEDIUM,"Aftermath of vessel incident, crew or release status",https://krude.energy/intelligence
EVT_0404,2026-08-20T08:00:00Z,Oil up on u s economic data strait of hormuz tanker dispute,LLaMA Ground Truth / Other,Other,5.0,HIGH,Oil price move driven by supply risk,https://krude.energy/intelligence
EVT_0405,2026-08-20T08:00:00Z,Oil tanker seized uk released,LLaMA Ground Truth / Tanker Incident,Other,2.0,LOW,"Aftermath of vessel incident, crew or release status",https://krude.energy/intelligence
EVT_0406,2026-08-20T08:00:00Z,Lawmakers moscow slam ukraines new president after russian tanker seized,LLaMA Ground Truth / Tanker Incident,Other,4.0,MEDIUM,Confirmed vessel seizure or detention,https://krude.energy/intelligence
EVT_0407,2026-08-20T08:00:00Z,Crew of oil tanker seized by iran in good health owners,LLaMA Ground Truth / Tanker Incident,Other,5.0,HIGH,"Aftermath of vessel incident, crew or release status",https://krude.energy/intelligence
EVT_0408,2026-08-20T08:00:00Z,Omani minister in iran amid strait of hormuz tanker crisis,LLaMA Ground Truth / Other,Other,5.0,HIGH,De-escalatory diplomacy on oil-related tension,https://krude.energy/intelligence
EVT_0409,2026-08-20T08:00:00Z,Chinas iran oil imports plunge as us sanctions bite,LLaMA Ground Truth / Sanctions Policy,Other,4.0,MEDIUM,Sanctions policy development affecting oil trade,https://krude.energy/intelligence
EVT_0410,2026-08-20T08:00:00Z,.hms duncan arrives gulf suppor british ships strait hormuz,LLaMA Ground Truth / Hormuz,Hormuz,6.0,HIGH,Naval deployment or escort operation at Hormuz,https://krude.energy/intelligence
EVT_0411,2026-08-20T08:00:00Z,India says iran frees 9 crew from seized panama flagged tanker,LLaMA Ground Truth / Tanker Incident,Other,3.0,MEDIUM,"Aftermath of vessel incident, crew or release status",https://krude.energy/intelligence
EVT_0412,2026-08-20T08:00:00Z,South korea to deploy navy to strait of hormuz,LLaMA Ground Truth / Hormuz,Hormuz,5.0,HIGH,Naval deployment or escort operation at Hormuz,https://krude.energy/intelligence
EVT_0413,2026-08-20T08:00:00Z,Niger delta militants bomb pipeline in sophisticated under water attack,LLaMA Ground Truth / Infrastructure,Cape of Good Hope,7.0,HIGH,"Energy infrastructure incident, outage or attack",https://krude.energy/intelligence
EVT_0414,2026-08-20T08:00:00Z,Iran warns europe of further drop of nuclear commitments,LLaMA Ground Truth / Other,Other,5.0,HIGH,"Iran nuclear file, tied to the sanctions regime",https://krude.energy/intelligence
EVT_0415,2026-08-20T08:00:00Z,South korea to send naval unit to strait of hormuz newspaper,LLaMA Ground Truth / Hormuz,Hormuz,5.0,HIGH,Naval deployment or escort operation at Hormuz,https://krude.energy/intelligence
EVT_0416,2026-08-20T08:00:00Z,Iran news us eu germany france uk strait of hormuz latest,LLaMA Ground Truth / Hormuz,Hormuz,5.0,HIGH,"Tension or rhetoric around Hormuz, no incident",https://krude.energy/intelligence
EVT_0417,2026-08-20T08:00:00Z,Indias venezuelan june oil imports highest in 7 quarters trade,LLaMA Ground Truth / Other,Other,3.0,MEDIUM,"Routine trade, import or production statistic",https://krude.energy/intelligence
EVT_0418,2026-08-20T08:00:00Z,Article bp has no plans to move oil tankers through strait of hormuz amid iran,LLaMA Ground Truth / Hormuz,Hormuz,7.0,HIGH,"Tension or rhetoric around Hormuz, no incident",https://krude.energy/intelligence
EVT_0419,2026-08-20T08:00:00Z,U k warship arrives to protect hormuz as seoul mulls deployment,LLaMA Ground Truth / Hormuz,Hormuz,6.0,HIGH,Naval deployment or escort operation at Hormuz,https://krude.energy/intelligence
EVT_0420,2026-08-20T08:00:00Z,Germany european naval mission in strait of hormuz worth considering,LLaMA Ground Truth / Hormuz,Hormuz,5.0,HIGH,Naval deployment or escort operation at Hormuz,https://krude.energy/intelligence
EVT_0421,2026-08-20T08:00:00Z,Uk not responsible for indian sailors from seized iranian vessel says diplomat,LLaMA Ground Truth / Tanker Incident,Other,4.0,MEDIUM,"Aftermath of vessel incident, crew or release status",https://krude.energy/intelligence
EVT_0422,2026-08-20T08:00:00Z,Germany not to join us led mission for strait of hormuz,LLaMA Ground Truth / Hormuz,Hormuz,4.0,MEDIUM,Naval deployment or escort operation at Hormuz,https://krude.energy/intelligence
EVT_0423,2026-08-20T08:00:00Z,U s envoy slams germany after reluctance on hormuz mission,LLaMA Ground Truth / Hormuz,Hormuz,4.0,MEDIUM,Naval deployment or escort operation at Hormuz,https://krude.energy/intelligence
EVT_0424,2026-08-20T08:00:00Z,Shell not taking british flagged tankers through hormuz,LLaMA Ground Truth / Hormuz,Hormuz,7.0,HIGH,"Tension or rhetoric around Hormuz, no incident",https://krude.energy/intelligence
EVT_0425,2026-08-20T08:00:00Z,World iran president us sanctions on foreign minister childish,LLaMA Ground Truth / Sanctions Policy,Other,4.0,MEDIUM,Sanctions policy development affecting oil trade,https://krude.energy/intelligence
EVT_0426,2026-08-20T08:00:00Z,Ongc partners likely exit oil blocks sudan,LLaMA Ground Truth / Other,Other,3.0,MEDIUM,India crude sourcing or supplier development,https://krude.energy/intelligence
EVT_0427,2026-08-20T08:00:00Z,China among countries still buying iranian oil despite us sanctions report,LLaMA Ground Truth / Sanctions Policy,Other,4.0,MEDIUM,Sanctions policy development affecting oil trade,https://krude.energy/intelligence
EVT_0428,2026-08-20T08:00:00Z,Britain u s to protect shipping through strait of hormuz from iranian threats,LLaMA Ground Truth / Hormuz,Hormuz,6.0,HIGH,Naval deployment or escort operation at Hormuz,https://krude.energy/intelligence
EVT_0429,2026-08-20T08:00:00Z,Uk joins us strait hormuz naval security mission,LLaMA Ground Truth / Hormuz,Hormuz,6.0,HIGH,Naval deployment or escort operation at Hormuz,https://krude.energy/intelligence
EVT_0430,2026-08-20T08:00:00Z,Uk joins us strait of hormuz mission iran slams sanctions,LLaMA Ground Truth / Hormuz,Hormuz,6.0,HIGH,Naval deployment or escort operation at Hormuz,https://krude.energy/intelligence
EVT_0431,2026-08-20T08:00:00Z,Iran and russia getting ready hold joint naval drills strait hormuz,LLaMA Ground Truth / Hormuz,Hormuz,6.0,HIGH,Naval deployment or escort operation at Hormuz,https://krude.energy/intelligence
EVT_0432,2026-08-20T08:00:00Z,Iran calls for freedom of navigation in strait of hormuz,LLaMA Ground Truth / Hormuz,Hormuz,3.0,MEDIUM,"Tension or rhetoric around Hormuz, no incident",https://krude.energy/intelligence
EVT_0433,2026-08-20T08:00:00Z,Iran warns israel against aiding us mission in strait of hormuz,LLaMA Ground Truth / Hormuz,Hormuz,6.0,HIGH,"Tension or rhetoric around Hormuz, no incident",https://krude.energy/intelligence
EVT_0434,2026-08-20T08:00:00Z,Owner of ship seized by iran writes to pm modi to intervene save crew,LLaMA Ground Truth / Tanker Incident,Other,5.0,HIGH,"Aftermath of vessel incident, crew or release status",https://krude.energy/intelligence
EVT_0435,2026-08-20T08:00:00Z,New batch of s korean troops to deploy to somali waters amid speculation over hormuz strait mission,LLaMA Ground Truth / Hormuz,Hormuz,5.0,HIGH,Naval deployment or escort operation at Hormuz,https://krude.energy/intelligence
EVT_0436,2026-08-20T08:00:00Z,Iranian reports claim tanker seized british marines released today,LLaMA Ground Truth / Tanker Incident,Other,2.0,LOW,"Aftermath of vessel incident, crew or release status",https://krude.energy/intelligence
EVT_0437,2026-08-20T08:00:00Z,Iran says tanker seized in gibraltar may be released soon,LLaMA Ground Truth / Tanker Incident,Other,2.0,LOW,"Aftermath of vessel incident, crew or release status",https://krude.energy/intelligence
EVT_0438,2026-08-20T08:00:00Z,Reuters america update 2 continental resources ceo urges opec shale oil output cuts,LLaMA Ground Truth / OPEC/Production,Other,3.0,MEDIUM,OPEC or producer output policy,https://krude.energy/intelligence
EVT_0439,2026-08-20T08:00:00Z,Indian oil corp seeking lng cargo,LLaMA Ground Truth / Other,Other,3.0,MEDIUM,India crude sourcing or supplier development,https://krude.energy/intelligence
EVT_0440,2026-08-20T08:00:00Z,Israel us coalition persian gulf hormuz strait iran,LLaMA Ground Truth / Hormuz,Hormuz,6.0,HIGH,Naval deployment or escort operation at Hormuz,https://krude.energy/intelligence
EVT_0441,2026-08-20T08:00:00Z,Suez canal remains blocked stiff freight rate hikes expected,LLaMA Ground Truth / Suez,Suez,9.0,CRITICAL,Suez Canal blocked or navigation suspended,https://krude.energy/intelligence
EVT_0442,2026-08-20T08:00:00Z,Nigeria may benefit as india plans to buy more crude oil from africa,LLaMA Ground Truth / Other,Cape of Good Hope,2.0,LOW,India crude sourcing or supplier development,https://krude.energy/intelligence
EVT_0443,2026-08-20T08:00:00Z,Article oil prices fall as demand concerns trump suez canal disruptions,LLaMA Ground Truth / Other,Other,4.0,MEDIUM,Oil price move driven by supply risk,https://krude.energy/intelligence
EVT_0444,2026-08-20T08:00:00Z,Egypt temporarily suspends navigation through suez canal blocked by cargo ship,LLaMA Ground Truth / Suez,Suez,9.0,CRITICAL,Suez Canal blocked or navigation suspended,https://krude.energy/intelligence
EVT_0445,2026-08-20T08:00:00Z,Rising oil and food prices could delay indias economic recovery,LLaMA Ground Truth / Other,Other,4.0,MEDIUM,Oil price move driven by supply risk,https://krude.energy/intelligence
EVT_0446,2026-08-20T08:00:00Z,Pollak suez blockage confirms importance of u s energy independence,LLaMA Ground Truth / Suez,Suez,5.0,HIGH,Suez Canal blocked or navigation suspended,https://krude.energy/intelligence
EVT_0447,2026-08-20T08:00:00Z,Explainer suez canal block could hit product supply chains,LLaMA Ground Truth / Suez,Suez,7.0,HIGH,Suez Canal blocked or navigation suspended,https://krude.energy/intelligence
EVT_0448,2026-08-20T08:00:00Z,Dark clouds of a consumer apocalypse gather over the suez canal blockage,LLaMA Ground Truth / Suez,Suez,7.0,HIGH,Suez Canal blocked or navigation suspended,https://krude.energy/intelligence
EVT_0449,2026-08-20T08:00:00Z,Oil drops in volatile week amid suez canal blockage,LLaMA Ground Truth / Other,Other,5.0,HIGH,Oil price move driven by supply risk,https://krude.energy/intelligence
EVT_0450,2026-08-20T08:00:00Z,Suez blockage sets shipping rates racing oil and gas tankers diverted away,LLaMA Ground Truth / Suez,Suez,8.0,CRITICAL,Suez Canal blocked or navigation suspended,https://krude.energy/intelligence
EVT_0451,2026-08-20T08:00:00Z,Oil prices rebound on fears suez canal blockage may last weeks,LLaMA Ground Truth / Suez,Suez,8.0,CRITICAL,Suez Canal blocked or navigation suspended,https://krude.energy/intelligence
EVT_0452,2026-08-20T08:00:00Z,Suez canal shipping rates surge with blockage likely to remain for weeks,LLaMA Ground Truth / Suez,Suez,8.0,CRITICAL,Suez Canal blocked or navigation suspended,https://krude.energy/intelligence
EVT_0453,2026-08-20T08:00:00Z,Suez canal blockage delaying estimated 400 million hour goods n,LLaMA Ground Truth / Suez,Suez,8.0,CRITICAL,Suez Canal blocked or navigation suspended,https://krude.energy/intelligence
EVT_0454,2026-08-20T08:00:00Z,Suez canal blockage mean period,LLaMA Ground Truth / Suez,Suez,7.0,HIGH,Suez Canal blocked or navigation suspended,https://krude.energy/intelligence
EVT_0455,2026-08-20T08:00:00Z,Why the suez canal is so important and why its blockage could be so damaging,LLaMA Ground Truth / Suez,Suez,7.0,HIGH,Suez Canal blocked or navigation suspended,https://krude.energy/intelligence
EVT_0456,2026-08-20T08:00:00Z,Global freight chaos as suez canal remains blocked by giant tanker,LLaMA Ground Truth / Suez,Suez,9.0,CRITICAL,Suez Canal blocked or navigation suspended,https://krude.energy/intelligence
EVT_0457,2026-08-20T08:00:00Z,Suez canal blockage is wake up call,LLaMA Ground Truth / Suez,Suez,6.0,HIGH,Suez Canal blocked or navigation suspended,https://krude.energy/intelligence
EVT_0458,2026-08-20T08:00:00Z,Suez canal ship stuck block evergreen,LLaMA Ground Truth / Suez,Suez,9.0,CRITICAL,Suez Canal blocked or navigation suspended,https://krude.energy/intelligence
EVT_0459,2026-08-20T08:00:00Z,Oil industry hit hard by new travel restrictions,LLaMA Ground Truth / Other,Other,3.0,MEDIUM,Oil price move driven by supply risk,https://krude.energy/intelligence
EVT_0460,2026-08-20T08:00:00Z,Now 321 ships held queue suez canal remains blocked,LLaMA Ground Truth / Suez,Suez,9.0,CRITICAL,Suez Canal blocked or navigation suspended,https://krude.energy/intelligence
EVT_0461,2026-08-20T08:00:00Z,.suez canal remains blocked amid efforts free trapped vessel,LLaMA Ground Truth / Suez,Suez,9.0,CRITICAL,Suez Canal blocked or navigation suspended,https://krude.energy/intelligence
EVT_0462,2026-08-20T08:00:00Z,Suez canal still blocked by stuck ship after five days,LLaMA Ground Truth / Suez,Suez,9.0,CRITICAL,Suez Canal blocked or navigation suspended,https://krude.energy/intelligence
EVT_0463,2026-08-20T08:00:00Z,Suez canal crisis latest ship ever given plan high tide blocked today evg,LLaMA Ground Truth / Suez,Suez,9.0,CRITICAL,Suez Canal blocked or navigation suspended,https://krude.energy/intelligence
EVT_0464,2026-08-20T08:00:00Z,Photo gallery dna explainer history significance importance of suez canal which is blocked by a huge container ship ever given egypt world trade,LLaMA Ground Truth / Suez,Suez,7.0,HIGH,Suez Canal blocked or navigation suspended,https://krude.energy/intelligence
EVT_0465,2026-08-20T08:00:00Z,Egypt loses some 14mln a day over suez canal blockage waterway administration says,LLaMA Ground Truth / Suez,Suez,8.0,CRITICAL,Suez Canal blocked or navigation suspended,https://krude.energy/intelligence
EVT_0466,2026-08-20T08:00:00Z,Suez canal crisis blocked latest ever given containers refloat,LLaMA Ground Truth / Suez,Suez,7.0,HIGH,Suez Canal blocked or navigation suspended,https://krude.energy/intelligence
EVT_0467,2026-08-20T08:00:00Z,Crude oil price double bottom suez canal blockage,LLaMA Ground Truth / Other,Other,5.0,HIGH,Oil price move driven by supply risk,https://krude.energy/intelligence
EVT_0468,2026-08-20T08:00:00Z,Suez canal blockage adds to pressure points in global trade,LLaMA Ground Truth / Suez,Suez,8.0,CRITICAL,Suez Canal blocked or navigation suspended,https://krude.energy/intelligence
EVT_0469,2026-08-20T08:00:00Z,News brief derek chauvin trial suez canal blocked,LLaMA Ground Truth / Suez,Suez,7.0,HIGH,Suez Canal blocked or navigation suspended,https://krude.energy/intelligence
EVT_0470,2026-08-20T08:00:00Z,Suez canal blockage may heighten price pressures in steel metals sources,LLaMA Ground Truth / Suez,Suez,6.0,HIGH,Suez Canal blocked or navigation suspended,https://krude.energy/intelligence
EVT_0471,2026-08-20T08:00:00Z,Lpg trade sees little impact from suez canal blockage,LLaMA Ground Truth / Suez,Suez,4.0,MEDIUM,Suez Canal blocked or navigation suspended,https://krude.energy/intelligence
EVT_0472,2026-08-20T08:00:00Z,India and saudi arabia spar over oil prices,LLaMA Ground Truth / Other,Other,5.0,HIGH,India crude sourcing or supplier development,https://krude.energy/intelligence
EVT_0473,2026-08-20T08:00:00Z,Watch live tug boats attempt to clear suez canal blockage,LLaMA Ground Truth / Suez,Suez,8.0,CRITICAL,Suez Canal blocked or navigation suspended,https://krude.energy/intelligence
EVT_0474,2026-08-20T08:00:00Z,Suez canal blockage will hit us in short term warns harvard economist,LLaMA Ground Truth / Suez,Suez,7.0,HIGH,Suez Canal blocked or navigation suspended,https://krude.energy/intelligence
EVT_0475,2026-08-20T08:00:00Z,Global reinsurers stare at massive losses from suez canal blockage fitch says,LLaMA Ground Truth / Other Maritime Route,Other,7.0,HIGH,Freight or war-risk insurance cost moving on corridor risk,https://krude.energy/intelligence
EVT_0476,2026-08-20T08:00:00Z,Timing of suez canal blockage was terrible hitting already struggling asia europe supply chain with a never ending peak season,LLaMA Ground Truth / Suez,Suez,8.0,CRITICAL,Suez Canal blocked or navigation suspended,https://krude.energy/intelligence
EVT_0477,2026-08-20T08:00:00Z,Suez canal disruption analysis of impact on tanker market by signal group,LLaMA Ground Truth / Suez,Suez,7.0,HIGH,Suez Canal blocked or navigation suspended,https://krude.energy/intelligence
EVT_0478,2026-08-20T08:00:00Z,Suez canal blockage indias 4 point plan to deal with situation,LLaMA Ground Truth / Suez,Suez,7.0,HIGH,Suez Canal blocked or navigation suspended,https://krude.energy/intelligence
EVT_0479,2026-08-20T08:00:00Z,Expensive suez canal blockage finally cleared,LLaMA Ground Truth / Suez,Suez,1.0,LOW,Suez disruption easing or cleared,https://krude.energy/intelligence
EVT_0480,2026-08-20T08:00:00Z,Suez blockade impending lessons,LLaMA Ground Truth / Suez,Suez,3.0,MEDIUM,Suez disruption easing or cleared,https://krude.energy/intelligence
EVT_0481,2026-08-20T08:00:00Z,Explained suez canal blockade is costing world trade in billions every day,LLaMA Ground Truth / Suez,Suez,8.0,CRITICAL,Suez Canal blocked or navigation suspended,https://krude.energy/intelligence
EVT_0482,2026-08-20T08:00:00Z,Suez blockage will hasten global supply chain shift says maersk boss,LLaMA Ground Truth / Suez,Suez,4.0,MEDIUM,Suez disruption easing or cleared,https://krude.energy/intelligence
EVT_0483,2026-08-20T08:00:00Z,With ship now freed a probe into suez canal blockage begins,LLaMA Ground Truth / Suez,Suez,2.0,LOW,Suez disruption easing or cleared,https://krude.energy/intelligence
EVT_0484,2026-08-20T08:00:00Z,Learningsfrom the suezcanal blockage,LLaMA Ground Truth / Suez,Suez,3.0,MEDIUM,Suez disruption easing or cleared,https://krude.energy/intelligence
EVT_0485,2026-08-20T08:00:00Z,Suez canal ship blocked stuck tugboat egypt ever given,LLaMA Ground Truth / Suez,Suez,9.0,CRITICAL,Suez Canal blocked or navigation suspended,https://krude.energy/intelligence
EVT_0486,2026-08-20T08:00:00Z,Suez blockage may lead large reinsurance,LLaMA Ground Truth / Other Maritime Route,Other,6.0,HIGH,Freight or war-risk insurance cost moving on corridor risk,https://krude.energy/intelligence
EVT_0487,2026-08-20T08:00:00Z,Traffic jam eases further in suez canal after ship unblocked,LLaMA Ground Truth / Suez,Suez,1.0,LOW,Suez disruption easing or cleared,https://krude.energy/intelligence
EVT_0488,2026-08-20T08:00:00Z,Chinese gas pipelines guards attacked pdf supporters arrested,LLaMA Ground Truth / Infrastructure,Other,6.0,HIGH,"Energy infrastructure incident, outage or attack",https://krude.energy/intelligence
EVT_0489,2026-08-20T08:00:00Z,Opec compliance with oil output cuts near 130 in january source says,LLaMA Ground Truth / OPEC/Production,Other,4.0,MEDIUM,OPEC or producer output policy,https://krude.energy/intelligence
EVT_0490,2026-08-20T08:00:00Z,Australia imposes sanctions on russia over ukraine,LLaMA Ground Truth / Sanctions Policy,Other,5.0,HIGH,"Sanctions tightened, extended or threatened",https://krude.energy/intelligence
EVT_0491,2026-08-20T08:00:00Z,India plans to set up rupee trade accounts with russia to soften sanctions blow,LLaMA Ground Truth / India-Russia Trade,Other,3.0,MEDIUM,India-Russia crude trade development,https://krude.energy/intelligence
EVT_0492,2026-08-20T08:00:00Z,Indian oil wont accept russian crude on board for free report,LLaMA Ground Truth / India-Russia Trade,Other,4.0,MEDIUM,India-Russia crude trade development,https://krude.energy/intelligence
EVT_0493,2026-08-20T08:00:00Z,Russian oil imports,LLaMA Ground Truth / India-Russia Trade,Other,3.0,MEDIUM,India-Russia crude trade development,https://krude.energy/intelligence
EVT_0494,2026-08-20T08:00:00Z,White house says no talks about lifting venezuela oil sanctions,LLaMA Ground Truth / Sanctions Policy,Other,4.0,MEDIUM,Sanctions policy development affecting oil trade,https://krude.energy/intelligence
EVT_0495,2026-08-20T08:00:00Z,Ukraine war india indicates preparedness to release oil reserves,LLaMA Ground Truth / Infrastructure,Other,6.0,HIGH,"Energy infrastructure incident, outage or attack",https://krude.energy/intelligence
EVT_0496,2026-08-20T08:00:00Z,India considers buying discounted russian oil commodities officials say,LLaMA Ground Truth / India-Russia Trade,Other,4.0,MEDIUM,India-Russia crude trade development,https://krude.energy/intelligence
EVT_0497,2026-08-20T08:00:00Z,Indian oil corporation buys 3 million barrels of russian urals at discounted rate report,LLaMA Ground Truth / India-Russia Trade,Other,3.0,MEDIUM,India-Russia crude trade development,https://krude.energy/intelligence
EVT_0498,2026-08-20T08:00:00Z,India hopes for oil from venezuela iran higher output from opec&source=24,LLaMA Ground Truth / Other,Other,3.0,MEDIUM,India crude sourcing or supplier development,https://krude.energy/intelligence
EVT_0499,2026-08-20T08:00:00Z,India is in talks with russia to buy crude oil,LLaMA Ground Truth / India-Russia Trade,Other,4.0,MEDIUM,India-Russia crude trade development,https://krude.energy/intelligence
EVT_0500,2026-08-20T08:00:00Z,Indias oil purchases from russia wont violate us sanctions bidens spokesperson&source=24,LLaMA Ground Truth / Sanctions Policy,Other,3.0,MEDIUM,Sanctions policy development affecting oil trade,https://krude.energy/intelligence
EVT_0501,2026-08-20T08:00:00Z,Will india continue to import crude oil from russia,LLaMA Ground Truth / India-Russia Trade,Other,3.0,MEDIUM,India-Russia crude trade development,https://krude.energy/intelligence
EVT_0502,2026-08-20T08:00:00Z,Putin set to be bailed out with billions as india seeks further investment to the russian oil and gas sector,LLaMA Ground Truth / India-Russia Trade,Other,3.0,MEDIUM,India-Russia crude trade development,https://krude.energy/intelligence
EVT_0503,2026-08-20T08:00:00Z,Indian refiners hike crude processing in february to meet demand rise,LLaMA Ground Truth / Other,Other,3.0,MEDIUM,"Routine trade, import or production statistic",https://krude.energy/intelligence
EVT_0504,2026-08-20T08:00:00Z,India russia sanctions,LLaMA Ground Truth / Sanctions Policy,Other,4.0,MEDIUM,Sanctions policy development affecting oil trade,https://krude.energy/intelligence
EVT_0505,2026-08-20T08:00:00Z,Indian refiners make fresh purchase of russian oil despite us warning,LLaMA Ground Truth / India-Russia Trade,Other,4.0,MEDIUM,India-Russia crude trade development,https://krude.energy/intelligence
EVT_0506,2026-08-20T08:00:00Z,It s natural india s foreign minister defends inking cheap russian oil deals p5a9x4,LLaMA Ground Truth / India-Russia Trade,Other,3.0,MEDIUM,India-Russia crude trade development,https://krude.energy/intelligence
EVT_0507,2026-08-20T08:00:00Z,Us will allow india to buy russian oil threatens sanctions if new delhi buys too much report,LLaMA Ground Truth / Sanctions Policy,Other,5.0,HIGH,"Sanctions tightened, extended or threatened",https://krude.energy/intelligence
EVT_0508,2026-08-20T08:00:00Z,India foils attempt of chinese hackers to disrupt ladakh power grid,LLaMA Ground Truth / Infrastructure,Other,6.0,HIGH,"Energy infrastructure incident, outage or attack",https://krude.energy/intelligence
EVT_0509,2026-08-20T08:00:00Z,Pm modi biden talks constructive india not violating any sanctions by importing russian oil us,LLaMA Ground Truth / Sanctions Policy,Other,3.0,MEDIUM,Sanctions policy development affecting oil trade,https://krude.energy/intelligence
EVT_0510,2026-08-20T08:00:00Z,India s total purchases of russian oil for month less than what europe does in afternoon jaishankar in us during dialogue,LLaMA Ground Truth / India-Russia Trade,Other,3.0,MEDIUM,India-Russia crude trade development,https://krude.energy/intelligence
EVT_0511,2026-08-20T08:00:00Z,India us talks india us relations india us 2 plus 2 talks anthony blinken superb sena leaders shout out to s jaishankar on russian oil retort,LLaMA Ground Truth / India-Russia Trade,Other,3.0,MEDIUM,India-Russia crude trade development,https://krude.energy/intelligence
EVT_0512,2026-08-20T08:00:00Z,Biden urges modi not to step up indian use of russian oil,LLaMA Ground Truth / India-Russia Trade,Other,4.0,MEDIUM,India-Russia crude trade development,https://krude.energy/intelligence
EVT_0513,2026-08-20T08:00:00Z,Us issues russia sanctions warning,LLaMA Ground Truth / Sanctions Policy,Other,5.0,HIGH,"Sanctions tightened, extended or threatened",https://krude.energy/intelligence
EVT_0514,2026-08-20T08:00:00Z,Indias russian dealings have left bidens geopolitical oil strategy in tatters&source=138,LLaMA Ground Truth / India-Russia Trade,Other,4.0,MEDIUM,India-Russia crude trade development,https://krude.energy/intelligence
EVT_0515,2026-08-20T08:00:00Z,Live updates greece announces russian oil tanker seized,LLaMA Ground Truth / Tanker Incident,Other,7.0,HIGH,Confirmed vessel seizure or detention,https://krude.energy/intelligence
EVT_0516,2026-08-20T08:00:00Z,Eu planning 6th package of sanctions against russia,LLaMA Ground Truth / Sanctions Policy,Other,5.0,HIGH,"Sanctions tightened, extended or threatened",https://krude.energy/intelligence
EVT_0517,2026-08-20T08:00:00Z,India finds russian oil an irresistible deal no matter the diplomatic cost,LLaMA Ground Truth / India-Russia Trade,Other,4.0,MEDIUM,India-Russia crude trade development,https://krude.energy/intelligence
EVT_0518,2026-08-20T08:00:00Z,Russia india china would benefit from eu oil embargo report,LLaMA Ground Truth / Sanctions Policy,Other,4.0,MEDIUM,Sanctions policy development affecting oil trade,https://krude.energy/intelligence
EVT_0519,2026-08-20T08:00:00Z,Irans oil sector growth proves us sanctions failure minister,LLaMA Ground Truth / Sanctions Policy,Other,4.0,MEDIUM,Sanctions policy development affecting oil trade,https://krude.energy/intelligence
EVT_0520,2026-08-20T08:00:00Z,Venezuela confirms us decision to ease oil sanctions,LLaMA Ground Truth / Sanctions Policy,Other,2.0,LOW,"Sanctions relief, waiver or exemption",https://krude.energy/intelligence
EVT_0521,2026-08-20T08:00:00Z,Indian government in talks with russia over a deal to buy oil at discounted rates hpcl,LLaMA Ground Truth / India-Russia Trade,Other,4.0,MEDIUM,India-Russia crude trade development,https://krude.energy/intelligence
EVT_0522,2026-08-20T08:00:00Z,Khamenei says two tankers were seized by irgc after greece stole iranian oil,LLaMA Ground Truth / Hormuz,Hormuz,8.0,CRITICAL,Vessel attacked or seized at the Strait of Hormuz,https://krude.energy/intelligence
EVT_0523,2026-08-20T08:00:00Z,India china growing markets for shunned russian oil,LLaMA Ground Truth / India-Russia Trade,Other,3.0,MEDIUM,India-Russia crude trade development,https://krude.energy/intelligence
EVT_0524,2026-08-20T08:00:00Z,"News::india, iran reaffirm cooperation on chabahar port, key transit hub for central asia",LLaMA Ground Truth / Other,Other,2.0,LOW,India crude sourcing or supplier development,https://krude.energy/intelligence
EVT_0525,2026-08-20T08:00:00Z,Russia becomes indias second biggest oil exporter trade sources data show.,LLaMA Ground Truth / India-Russia Trade,Other,3.0,MEDIUM,India-Russia crude trade development,https://krude.energy/intelligence
EVT_0526,2026-08-20T08:00:00Z,Russia indias 2nd largest oil,LLaMA Ground Truth / India-Russia Trade,Other,3.0,MEDIUM,India-Russia crude trade development,https://krude.energy/intelligence
EVT_0527,2026-08-20T08:00:00Z,Iranian tanker seized by greece on behalf of u s released,LLaMA Ground Truth / Tanker Incident,Other,2.0,LOW,"Aftermath of vessel incident, crew or release status",https://krude.energy/intelligence
EVT_0528,2026-08-20T08:00:00Z,Demand concerns in china overshadow tight supply pushing oil up,LLaMA Ground Truth / Other,Other,3.0,MEDIUM,Oil price move driven by supply risk,https://krude.energy/intelligence
EVT_0529,2026-08-20T08:00:00Z,Oil only few safety valves left iifl securities,LLaMA Ground Truth / Other,Other,4.0,MEDIUM,Oil price move driven by supply risk,https://krude.energy/intelligence
EVT_0530,2026-08-20T08:00:00Z,Landmark trade deal india russia iran conduct business through insts corridor,LLaMA Ground Truth / Other,Other,2.0,LOW,India crude sourcing or supplier development,https://krude.energy/intelligence
EVT_0531,2026-08-20T08:00:00Z,Us navy iran tense encounter strait hormuz,LLaMA Ground Truth / Hormuz,Hormuz,7.0,HIGH,Naval deployment or escort operation at Hormuz,https://krude.energy/intelligence
EVT_0532,2026-08-20T08:00:00Z,Brics partners may offer russia a way out of sanctions impasse,LLaMA Ground Truth / Sanctions Policy,Other,4.0,MEDIUM,Sanctions policy development affecting oil trade,https://krude.energy/intelligence
EVT_0533,2026-08-20T08:00:00Z,Sri lanka pm says economy has collapsed unable to buy oil,LLaMA Ground Truth / Other,Other,3.0,MEDIUM,India crude sourcing or supplier development,https://krude.energy/intelligence
EVT_0534,2026-08-20T08:00:00Z,Indias may crude imports rise 13 4 year on year,LLaMA Ground Truth / Other,Other,3.0,MEDIUM,"Routine trade, import or production statistic",https://krude.energy/intelligence
EVT_0535,2026-08-20T08:00:00Z,Russian foreign minister sergeilavrov arrived in tehran to discuss with the iranian side latest tweet by ians india,LLaMA Ground Truth / Other,Other,3.0,MEDIUM,Geopolitical escalation bearing on oil corridors,https://krude.energy/intelligence
EVT_0536,2026-08-20T08:00:00Z,Russian share of indian oil imports soaring data,LLaMA Ground Truth / India-Russia Trade,Other,3.0,MEDIUM,India-Russia crude trade development,https://krude.energy/intelligence
EVT_0537,2026-08-20T08:00:00Z,Puri urges opec imbue sense pragmatism balance affordability oil markets,LLaMA Ground Truth / OPEC/Production,Other,4.0,MEDIUM,OPEC or producer output policy,https://krude.energy/intelligence
EVT_0538,2026-08-20T08:00:00Z,India asks oil producers to show ‘sensitivity’,LLaMA Ground Truth / OPEC/Production,Other,4.0,MEDIUM,OPEC or producer output policy,https://krude.energy/intelligence
EVT_0539,2026-08-20T08:00:00Z,Russia not complying with western oil price cap deputy pm,LLaMA Ground Truth / Sanctions Policy,Other,5.0,HIGH,Sanctions policy development affecting oil trade,https://krude.energy/intelligence
EVT_0540,2026-08-20T08:00:00Z,Ongc videsh interested in oil and gas exploration in sri lanka md rajarshi gupta,LLaMA Ground Truth / Other,Other,3.0,MEDIUM,India crude sourcing or supplier development,https://krude.energy/intelligence
EVT_0541,2026-08-20T08:00:00Z,Report it will have strong adverse impact union minister hardeep singh puri on crude oil amid israel hamas conflict,LLaMA Ground Truth / Other,Other,6.0,HIGH,Geopolitical escalation bearing on oil corridors,https://krude.energy/intelligence
EVT_0542,2026-08-20T08:00:00Z,Us new costs on russian evasion oil price cap,LLaMA Ground Truth / Sanctions Policy,Other,5.0,HIGH,"Sanctions tightened, extended or threatened",https://krude.energy/intelligence
EVT_0543,2026-08-20T08:00:00Z,Growing tanker fleet cheaper freight challenge russian oil price cap,LLaMA Ground Truth / Sanctions Policy,Other,4.0,MEDIUM,Sanctions policy development affecting oil trade,https://krude.energy/intelligence
EVT_0544,2026-08-20T08:00:00Z,Iran envoy to india says iran played no role in hamas attack on israel says hamas an independent player,LLaMA Ground Truth / Other,Other,4.0,MEDIUM,Geopolitical escalation bearing on oil corridors,https://krude.energy/intelligence
EVT_0545,2026-08-20T08:00:00Z,Israel hamas war israel gaza invasion hostages iran hezbollah regional war,LLaMA Ground Truth / Other,Other,6.0,HIGH,Geopolitical escalation bearing on oil corridors,https://krude.energy/intelligence
EVT_0546,2026-08-20T08:00:00Z,Report israel hamas war iran trying to open second war against israel in syria says israeli official palestine gaza,LLaMA Ground Truth / Other,Other,6.0,HIGH,Geopolitical escalation bearing on oil corridors,https://krude.energy/intelligence
EVT_0547,2026-08-20T08:00:00Z,Hezbollah attacked lebanon border on iran order israel,LLaMA Ground Truth / Other,Other,6.0,HIGH,Geopolitical escalation bearing on oil corridors,https://krude.energy/intelligence
EVT_0548,2026-08-20T08:00:00Z,Russia remains indias top oil supplier ministry,LLaMA Ground Truth / India-Russia Trade,Other,3.0,MEDIUM,India-Russia crude trade development,https://krude.energy/intelligence
EVT_0549,2026-08-20T08:00:00Z,Russia makes up 40 indian oil imports dents opecs share,LLaMA Ground Truth / India-Russia Trade,Other,3.0,MEDIUM,India-Russia crude trade development,https://krude.energy/intelligence
EVT_0550,2026-08-20T08:00:00Z,Gaza oil markets on edge build more urgency shift renewables iea head,LLaMA Ground Truth / Other,Other,5.0,HIGH,Oil price move driven by supply risk,https://krude.energy/intelligence
EVT_0551,2026-08-20T08:00:00Z,Yemens houthi rebels claim attacks on israel drawing their main sponsor iran closer to hamas war,LLaMA Ground Truth / Other,Other,7.0,HIGH,Geopolitical escalation bearing on oil corridors,https://krude.energy/intelligence
EVT_0552,2026-08-20T08:00:00Z,Chevron to promote venezuelan oil chief to run latin american operations following sanctions relief,LLaMA Ground Truth / Sanctions Policy,Other,2.0,LOW,"Sanctions relief, waiver or exemption",https://krude.energy/intelligence
EVT_0553,2026-08-20T08:00:00Z,Russian oil shaves indias import costs by about 2 7 billion report,LLaMA Ground Truth / India-Russia Trade,Other,2.0,LOW,India-Russia crude trade development,https://krude.energy/intelligence
EVT_0554,2026-08-20T08:00:00Z,Ukraine did blow nord stream pipeline veteran special forces officer coordinated attack sabotage russias stranglehold europes gas supply report claims,LLaMA Ground Truth / Infrastructure,Other,7.0,HIGH,"Energy infrastructure incident, outage or attack",https://krude.energy/intelligence
EVT_0555,2026-08-20T08:00:00Z,Media investigation finds ukrainian officer played key role in nord stream pipelines attack,LLaMA Ground Truth / Infrastructure,Other,6.0,HIGH,"Energy infrastructure incident, outage or attack",https://krude.energy/intelligence
EVT_0556,2026-08-20T08:00:00Z,Im waiting for the thank you jaishankar on india softening oil markets amid russia ukraine war,LLaMA Ground Truth / India-Russia Trade,Other,3.0,MEDIUM,India-Russia crude trade development,https://krude.energy/intelligence
EVT_0557,2026-08-20T08:00:00Z,India should be thanked for russian oil purchases new delhi,LLaMA Ground Truth / India-Russia Trade,Other,3.0,MEDIUM,India-Russia crude trade development,https://krude.energy/intelligence
EVT_0558,2026-08-20T08:00:00Z,Iea expects oil market surplus even if opec extends production cuts,LLaMA Ground Truth / OPEC/Production,Other,3.0,MEDIUM,OPEC or producer output policy,https://krude.energy/intelligence
EVT_0559,2026-08-20T08:00:00Z,Irans foreign ministermeets hezbollah chief in lebanon,LLaMA Ground Truth / Other,Other,5.0,HIGH,Geopolitical escalation bearing on oil corridors,https://krude.energy/intelligence
EVT_0560,2026-08-20T08:00:00Z,Indias october crude oil imports rise after four months of declines,LLaMA Ground Truth / Other,Other,3.0,MEDIUM,"Routine trade, import or production statistic",https://krude.energy/intelligence
EVT_0561,2026-08-20T08:00:00Z,Israeli oil tanker seized yemen,LLaMA Ground Truth / Red Sea,Bab-el-Mandeb,8.0,CRITICAL,Confirmed attack on Red Sea or Gulf of Aden shipping,https://krude.energy/intelligence
EVT_0562,2026-08-20T08:00:00Z,Israel linked tanker seized off yemen filipino crew onboard,LLaMA Ground Truth / Red Sea,Bab-el-Mandeb,8.0,CRITICAL,Confirmed attack on Red Sea or Gulf of Aden shipping,https://krude.energy/intelligence
EVT_0563,2026-08-20T08:00:00Z,Israel linked tanker briefly seized off yemens coast,LLaMA Ground Truth / Red Sea,Bab-el-Mandeb,7.0,HIGH,Confirmed attack on Red Sea or Gulf of Aden shipping,https://krude.energy/intelligence
EVT_0564,2026-08-20T08:00:00Z,Economy sanctioned russian tanker in limbo shows indias oil dilemma,LLaMA Ground Truth / Sanctions Policy,Other,5.0,HIGH,Sanctions policy development affecting oil trade,https://krude.energy/intelligence
EVT_0565,2026-08-20T08:00:00Z,Red sea attacks sailors,LLaMA Ground Truth / Red Sea,Bab-el-Mandeb,8.0,CRITICAL,Confirmed attack on Red Sea or Gulf of Aden shipping,https://krude.energy/intelligence
EVT_0566,2026-08-20T08:00:00Z,Indias oil imports from russia surge in november,LLaMA Ground Truth / India-Russia Trade,Other,3.0,MEDIUM,India-Russia crude trade development,https://krude.energy/intelligence
EVT_0567,2026-08-20T08:00:00Z,Opec oil cartel agrees to expand voluntary output cuts to boost lagging prices,LLaMA Ground Truth / OPEC/Production,Other,5.0,HIGH,OPEC or producer output policy,https://krude.energy/intelligence
EVT_0568,2026-08-20T08:00:00Z,.british merchant ship struck missile red sea attack,LLaMA Ground Truth / Red Sea,Bab-el-Mandeb,8.0,CRITICAL,Confirmed attack on Red Sea or Gulf of Aden shipping,https://krude.energy/intelligence
EVT_0569,2026-08-20T08:00:00Z,Us allies in talks on naval task force to protect shipping in red sea after houthi attacks,LLaMA Ground Truth / Red Sea,Bab-el-Mandeb,7.0,HIGH,Naval or military response in the Red Sea,https://krude.energy/intelligence
EVT_0570,2026-08-20T08:00:00Z,Exclusive on edge over red sea attacks riyadh seeks to contain fall out,LLaMA Ground Truth / Red Sea,Bab-el-Mandeb,7.0,HIGH,Confirmed attack on Red Sea or Gulf of Aden shipping,https://krude.energy/intelligence
EVT_0571,2026-08-20T08:00:00Z,Russia and saudi arabia rally opec nations for unified oil cuts,LLaMA Ground Truth / OPEC/Production,Other,5.0,HIGH,OPEC or producer output policy,https://krude.energy/intelligence
EVT_0572,2026-08-20T08:00:00Z,India could boost russian crude imports as prices fall,LLaMA Ground Truth / India-Russia Trade,Other,3.0,MEDIUM,India-Russia crude trade development,https://krude.energy/intelligence
EVT_0573,2026-08-20T08:00:00Z,India arab med corridor needs iran for viability,LLaMA Ground Truth / Other,Other,4.0,MEDIUM,India crude sourcing or supplier development,https://krude.energy/intelligence
EVT_0574,2026-08-20T08:00:00Z,Missile strikes norwegian flagged tanker in red sea off yemen in apparent expansion of rebel attacks,LLaMA Ground Truth / Red Sea,Bab-el-Mandeb,8.0,CRITICAL,Confirmed attack on Red Sea or Gulf of Aden shipping,https://krude.energy/intelligence
EVT_0575,2026-08-20T08:00:00Z,India bought russian oil at 84 2 bbl in october highest since december,LLaMA Ground Truth / India-Russia Trade,Other,3.0,MEDIUM,India-Russia crude trade development,https://krude.energy/intelligence
EVT_0576,2026-08-20T08:00:00Z,Yemens houthis claim responsibility for striking norwegian tanker strand in latest attack,LLaMA Ground Truth / Red Sea,Bab-el-Mandeb,8.0,CRITICAL,Confirmed attack on Red Sea or Gulf of Aden shipping,https://krude.energy/intelligence
EVT_0577,2026-08-20T08:00:00Z,Ardmore shipping tanker attacked in red sea,LLaMA Ground Truth / Red Sea,Bab-el-Mandeb,8.0,CRITICAL,Confirmed attack on Red Sea or Gulf of Aden shipping,https://krude.energy/intelligence
EVT_0578,2026-08-20T08:00:00Z,Us is working with allies to stop red sea attacks pentagon official says,LLaMA Ground Truth / Red Sea,Bab-el-Mandeb,7.0,HIGH,Naval or military response in the Red Sea,https://krude.energy/intelligence
EVT_0579,2026-08-20T08:00:00Z,Red sea ship attacks escalating,LLaMA Ground Truth / Red Sea,Bab-el-Mandeb,8.0,CRITICAL,Confirmed attack on Red Sea or Gulf of Aden shipping,https://krude.energy/intelligence
EVT_0580,2026-08-20T08:00:00Z,Indias nov russian oil imports up 3 from oct trade,LLaMA Ground Truth / India-Russia Trade,Other,3.0,MEDIUM,India-Russia crude trade development,https://krude.energy/intelligence
EVT_0581,2026-08-20T08:00:00Z,Us officials head to europe to talk russia oil price cap enforcement,LLaMA Ground Truth / Sanctions Policy,Other,4.0,MEDIUM,Sanctions policy development affecting oil trade,https://krude.energy/intelligence
EVT_0582,2026-08-20T08:00:00Z,Top container lines reroute red sea avoid attacks,LLaMA Ground Truth / Red Sea,Bab-el-Mandeb,8.0,CRITICAL,Carriers rerouting or suspending Red Sea transits,https://krude.energy/intelligence
EVT_0583,2026-08-20T08:00:00Z,Shipments red sea attacks commercial vessels osama rabei,LLaMA Ground Truth / Red Sea,Bab-el-Mandeb,7.0,HIGH,Confirmed attack on Red Sea or Gulf of Aden shipping,https://krude.energy/intelligence
EVT_0584,2026-08-20T08:00:00Z,.red sea security bolstered bp pauses shipments attacks,LLaMA Ground Truth / Red Sea,Bab-el-Mandeb,8.0,CRITICAL,Carriers rerouting or suspending Red Sea transits,https://krude.energy/intelligence
EVT_0585,2026-08-20T08:00:00Z,Bp is the latest company to pause red sea shipments over fears of houthi attacks,LLaMA Ground Truth / Red Sea,Bab-el-Mandeb,8.0,CRITICAL,Carriers rerouting or suspending Red Sea transits,https://krude.energy/intelligence
EVT_0586,2026-08-20T08:00:00Z,Al houthi militia s red sea attacks force rerouting of vesse,LLaMA Ground Truth / Red Sea,Bab-el-Mandeb,8.0,CRITICAL,Carriers rerouting or suspending Red Sea transits,https://krude.energy/intelligence
EVT_0587,2026-08-20T08:00:00Z,Red sea security could be bolstered as bp pauses shipments after attacks b,LLaMA Ground Truth / Red Sea,Bab-el-Mandeb,8.0,CRITICAL,Carriers rerouting or suspending Red Sea transits,https://krude.energy/intelligence
EVT_0588,2026-08-20T08:00:00Z,Factbox shipping firms avoid red sea as houthi attacks increase,LLaMA Ground Truth / Red Sea,Bab-el-Mandeb,8.0,CRITICAL,Carriers rerouting or suspending Red Sea transits,https://krude.energy/intelligence
EVT_0589,2026-08-20T08:00:00Z,Oil prices jump as bp halts shipments through red sea after rebel attacks,LLaMA Ground Truth / Red Sea,Bab-el-Mandeb,8.0,CRITICAL,Carriers rerouting or suspending Red Sea transits,https://krude.energy/intelligence
EVT_0590,2026-08-20T08:00:00Z,Red sea attacks maritime trade disrupt shipping firms reroute cape good hope,LLaMA Ground Truth / Red Sea,Bab-el-Mandeb,8.0,CRITICAL,Carriers rerouting or suspending Red Sea transits,https://krude.energy/intelligence
EVT_0591,2026-08-20T08:00:00Z,Red sea attacks disrupt global trade gen,LLaMA Ground Truth / Red Sea,Bab-el-Mandeb,8.0,CRITICAL,Confirmed attack on Red Sea or Gulf of Aden shipping,https://krude.energy/intelligence
EVT_0592,2026-08-20T08:00:00Z,Global shipping delays feared due to red sea attacks,LLaMA Ground Truth / Red Sea,Bab-el-Mandeb,7.0,HIGH,Confirmed attack on Red Sea or Gulf of Aden shipping,https://krude.energy/intelligence
EVT_0593,2026-08-20T08:00:00Z,Norwegian tanker attacked in red sea from houthi controlled yemen,LLaMA Ground Truth / Red Sea,Bab-el-Mandeb,8.0,CRITICAL,Confirmed attack on Red Sea or Gulf of Aden shipping,https://krude.energy/intelligence
EVT_0594,2026-08-20T08:00:00Z,Us leads mission to protect ships in red sea from houthi attacks,LLaMA Ground Truth / Red Sea,Bab-el-Mandeb,7.0,HIGH,Naval or military response in the Red Sea,https://krude.energy/intelligence
EVT_0595,2026-08-20T08:00:00Z,Uk to be part of international coalition to protect red sea ships from attack,LLaMA Ground Truth / Red Sea,Bab-el-Mandeb,7.0,HIGH,Naval or military response in the Red Sea,https://krude.energy/intelligence
EVT_0596,2026-08-20T08:00:00Z,Red sea shipping attacks canada us operation,LLaMA Ground Truth / Red Sea,Bab-el-Mandeb,7.0,HIGH,Naval or military response in the Red Sea,https://krude.energy/intelligence
EVT_0597,2026-08-20T08:00:00Z,U s launches red sea force as ships reroute to avoid attacks,LLaMA Ground Truth / Red Sea,Bab-el-Mandeb,8.0,CRITICAL,Naval or military response in the Red Sea,https://krude.energy/intelligence
EVT_0598,2026-08-20T08:00:00Z,Bp suspends red sea shipments after series of attacks by yemen s houthi rebels,LLaMA Ground Truth / Red Sea,Bab-el-Mandeb,8.0,CRITICAL,Carriers rerouting or suspending Red Sea transits,https://krude.energy/intelligence
EVT_0599,2026-08-20T08:00:00Z,Yemen rebels will not stop red sea attacks houthi official,LLaMA Ground Truth / Red Sea,Bab-el-Mandeb,8.0,CRITICAL,Confirmed attack on Red Sea or Gulf of Aden shipping,https://krude.energy/intelligence
EVT_0600,2026-08-20T08:00:00Z,Electrolux readies alternative routes after red sea attacks,LLaMA Ground Truth / Red Sea,Bab-el-Mandeb,6.0,HIGH,Carriers rerouting or suspending Red Sea transits,https://krude.energy/intelligence
EVT_0601,2026-08-20T08:00:00Z,Shippers mask positions weigh options amid red sea attacks,LLaMA Ground Truth / Red Sea,Bab-el-Mandeb,7.0,HIGH,Carriers rerouting or suspending Red Sea transits,https://krude.energy/intelligence
EVT_0602,2026-08-20T08:00:00Z,Israel keeps pounding gaza as houthis vow more red sea attacks,LLaMA Ground Truth / Red Sea,Bab-el-Mandeb,8.0,CRITICAL,Confirmed attack on Red Sea or Gulf of Aden shipping,https://krude.energy/intelligence
EVT_0603,2026-08-20T08:00:00Z,China sinochem buys rare venezuelan oil cargo after u s suspends sanctions sources,LLaMA Ground Truth / Sanctions Policy,Other,3.0,MEDIUM,"Sanctions relief, waiver or exemption",https://krude.energy/intelligence
EVT_0604,2026-08-20T08:00:00Z,London marine insurers widen high risk zone in red sea as attacks surge,LLaMA Ground Truth / Other Maritime Route,Other,8.0,CRITICAL,Freight or war-risk insurance cost moving on corridor risk,https://krude.energy/intelligence
EVT_0605,2026-08-20T08:00:00Z,Lng carriers divert from suez canal for longer routes amid red sea attacks,LLaMA Ground Truth / Red Sea,Bab-el-Mandeb,8.0,CRITICAL,Carriers rerouting or suspending Red Sea transits,https://krude.energy/intelligence
EVT_0606,2026-08-20T08:00:00Z,Us seeks to claw back russian oil trade under the g7 price cap,LLaMA Ground Truth / Sanctions Policy,Other,5.0,HIGH,Sanctions policy development affecting oil trade,https://krude.energy/intelligence
EVT_0607,2026-08-20T08:00:00Z,Wsc says operation prosperity guardian to aid maritime security amid red sea attacks,LLaMA Ground Truth / Red Sea,Bab-el-Mandeb,6.0,HIGH,Naval or military response in the Red Sea,https://krude.energy/intelligence
EVT_0608,2026-08-20T08:00:00Z,Shipping insurance for red sea transit soars after mounting attacks,LLaMA Ground Truth / Other Maritime Route,Other,8.0,CRITICAL,Freight or war-risk insurance cost moving on corridor risk,https://krude.energy/intelligence
EVT_0609,2026-08-20T08:00:00Z,Greece advises vessels avoid yemeni waters after red sea attacks,LLaMA Ground Truth / Red Sea,Bab-el-Mandeb,8.0,CRITICAL,Carriers rerouting or suspending Red Sea transits,https://krude.energy/intelligence
EVT_0610,2026-08-20T08:00:00Z,12 20 ship insurance for red sea transit soars as attacks persist,LLaMA Ground Truth / Other Maritime Route,Other,8.0,CRITICAL,Freight or war-risk insurance cost moving on corridor risk,https://krude.energy/intelligence
EVT_0611,2026-08-20T08:00:00Z,Oil price inflation red sea attacks,LLaMA Ground Truth / Other,Other,7.0,HIGH,Oil price move driven by supply risk,https://krude.energy/intelligence
EVT_0612,2026-08-20T08:00:00Z,U s imposes more russian oil price cap sanctions,LLaMA Ground Truth / Sanctions Policy,Other,5.0,HIGH,"Sanctions tightened, extended or threatened",https://krude.energy/intelligence
EVT_0613,2026-08-20T08:00:00Z,Us imposes more russian oil price cap sanctions and issues new compliance rules for shippers,LLaMA Ground Truth / Sanctions Policy,Other,5.0,HIGH,"Sanctions tightened, extended or threatened",https://krude.energy/intelligence
EVT_0614,2026-08-20T08:00:00Z,Clean tanker freight premiums rise amid red sea attacks,LLaMA Ground Truth / Other Maritime Route,Other,7.0,HIGH,Freight or war-risk insurance cost moving on corridor risk,https://krude.energy/intelligence
EVT_0615,2026-08-20T08:00:00Z,Russia oil price cap coalition toughens shipping rules us treasury dept,LLaMA Ground Truth / Sanctions Policy,Other,5.0,HIGH,"Sanctions tightened, extended or threatened",https://krude.energy/intelligence
EVT_0616,2026-08-20T08:00:00Z,Article more ships to avoid red sea as attacks disrupt world trade,LLaMA Ground Truth / Red Sea,Bab-el-Mandeb,8.0,CRITICAL,Carriers rerouting or suspending Red Sea transits,https://krude.energy/intelligence
EVT_0617,2026-08-20T08:00:00Z,Angola leaving opec oil cartel after 16 years after dispute over production cuts,LLaMA Ground Truth / OPEC/Production,Other,4.0,MEDIUM,OPEC or producer output policy,https://krude.energy/intelligence
EVT_0618,2026-08-20T08:00:00Z,Ship red sea attacks houthi militant israel suez canal gaza iran ceasefire,LLaMA Ground Truth / Red Sea,Bab-el-Mandeb,8.0,CRITICAL,Confirmed attack on Red Sea or Gulf of Aden shipping,https://krude.energy/intelligence
EVT_0619,2026-08-20T08:00:00Z,Red sea attacks by houthis disrupt global trade 8 things to know about crisis,LLaMA Ground Truth / Red Sea,Bab-el-Mandeb,8.0,CRITICAL,Confirmed attack on Red Sea or Gulf of Aden shipping,https://krude.energy/intelligence
EVT_0620,2026-08-20T08:00:00Z,Oil price news oil set for weekly gain as red sea attacks disrupt global flows,LLaMA Ground Truth / Other,Other,7.0,HIGH,Oil price move driven by supply risk,https://krude.energy/intelligence
EVT_0621,2026-08-20T08:00:00Z,Iran dismisses u s claims it is involved in red sea ship attacks,LLaMA Ground Truth / Other,Other,6.0,HIGH,Geopolitical escalation bearing on oil corridors,https://krude.energy/intelligence
EVT_0622,2026-08-20T08:00:00Z,Pentagon says tanker ship off india hit by attack drone %5c,LLaMA Ground Truth / Tanker Incident,Other,8.0,CRITICAL,Confirmed attack on tanker or tankers,https://krude.energy/intelligence
EVT_0623,2026-08-20T08:00:00Z,Landmark moment india makes historic leap with first rupee payment for uae oil,LLaMA Ground Truth / Other,Other,2.0,LOW,India crude sourcing or supplier development,https://krude.energy/intelligence
EVT_0624,2026-08-20T08:00:00Z,India energy odyssey navigating global oil challenges and forging a sustainable future,LLaMA Ground Truth / Other,Other,3.0,MEDIUM,India crude sourcing or supplier development,https://krude.energy/intelligence
EVT_0625,2026-08-20T08:00:00Z,Red sea attacks us navy warships intl hnk ml,LLaMA Ground Truth / Red Sea,Bab-el-Mandeb,7.0,HIGH,Naval or military response in the Red Sea,https://krude.energy/intelligence
EVT_0626,2026-08-20T08:00:00Z,Yemens houthis claim responsibility for pakistan bound red sea container ship attack,LLaMA Ground Truth / Red Sea,Bab-el-Mandeb,8.0,CRITICAL,Confirmed attack on Red Sea or Gulf of Aden shipping,https://krude.energy/intelligence
EVT_0627,2026-08-20T08:00:00Z,Shipping firms split on return to red sea as houthi attacks continue,LLaMA Ground Truth / Red Sea,Bab-el-Mandeb,7.0,HIGH,Carriers rerouting or suspending Red Sea transits,https://krude.energy/intelligence
EVT_0628,2026-08-20T08:00:00Z,Red sea attacks put bidens weakness on full display,LLaMA Ground Truth / Red Sea,Bab-el-Mandeb,6.0,HIGH,Confirmed attack on Red Sea or Gulf of Aden shipping,https://krude.energy/intelligence
EVT_0629,2026-08-20T08:00:00Z,India to continue russian oil purchases – finance minister,LLaMA Ground Truth / India-Russia Trade,Other,3.0,MEDIUM,India-Russia crude trade development,https://krude.energy/intelligence
EVT_0630,2026-08-20T08:00:00Z,No sign houthis will halt red sea attacks says us,LLaMA Ground Truth / Red Sea,Bab-el-Mandeb,8.0,CRITICAL,Confirmed attack on Red Sea or Gulf of Aden shipping,https://krude.energy/intelligence
EVT_0631,2026-08-20T08:00:00Z,Uks cameron iran shares responsibility for preventing red sea attacks,LLaMA Ground Truth / Other,Other,7.0,HIGH,Geopolitical escalation bearing on oil corridors,https://krude.energy/intelligence
EVT_0632,2026-08-20T08:00:00Z,Uk warns willing to take direct action over red sea attacks by iran backed al houthis,LLaMA Ground Truth / Red Sea,Bab-el-Mandeb,7.0,HIGH,Naval or military response in the Red Sea,https://krude.energy/intelligence
EVT_0633,2026-08-20T08:00:00Z,Iranian warship enters red sea amid tensions over houthi attacks,LLaMA Ground Truth / Red Sea,Bab-el-Mandeb,7.0,HIGH,Naval or military response in the Red Sea,https://krude.energy/intelligence
EVT_0634,2026-08-20T08:00:00Z,Iranian warship enters red sea amid houthis ongoing attacks on commercial vessels,LLaMA Ground Truth / Red Sea,Bab-el-Mandeb,7.0,HIGH,Naval or military response in the Red Sea,https://krude.energy/intelligence
EVT_0635,2026-08-20T08:00:00Z,Maersk to decide on red sea route on tuesday after attack,LLaMA Ground Truth / Red Sea,Bab-el-Mandeb,7.0,HIGH,Carriers rerouting or suspending Red Sea transits,https://krude.energy/intelligence
EVT_0636,2026-08-20T08:00:00Z,73 killed 170 wounded in iran bombings near slain generals grave state media,LLaMA Ground Truth / Other,Other,6.0,HIGH,Geopolitical escalation bearing on oil corridors,https://krude.energy/intelligence
EVT_0637,2026-08-20T08:00:00Z,Maersk halts red sea shipping notice houthi militant attack rcna,LLaMA Ground Truth / Red Sea,Bab-el-Mandeb,8.0,CRITICAL,Carriers rerouting or suspending Red Sea transits,https://krude.energy/intelligence
EVT_0638,2026-08-20T08:00:00Z,73 killed 170 injured in twin blasts at ceremony honouring slain iranian commander soleimani,LLaMA Ground Truth / Other,Other,6.0,HIGH,Geopolitical escalation bearing on oil corridors,https://krude.energy/intelligence
EVT_0639,2026-08-20T08:00:00Z,Explosions in irans kerman kill over 100,LLaMA Ground Truth / Other,Other,6.0,HIGH,Geopolitical escalation bearing on oil corridors,https://krude.energy/intelligence
EVT_0640,2026-08-20T08:00:00Z,Iran bomb blasts qassem soleimani middle east,LLaMA Ground Truth / Other,Other,6.0,HIGH,Geopolitical escalation bearing on oil corridors,https://krude.energy/intelligence
EVT_0641,2026-08-20T08:00:00Z,Red sea attacks threaten supply chain cyprus shipping chamber warns,LLaMA Ground Truth / Red Sea,Bab-el-Mandeb,7.0,HIGH,Confirmed attack on Red Sea or Gulf of Aden shipping,https://krude.energy/intelligence
EVT_0642,2026-08-20T08:00:00Z,Us and allies warn houthis of consequences if red sea attacks continue,LLaMA Ground Truth / Red Sea,Bab-el-Mandeb,7.0,HIGH,Naval or military response in the Red Sea,https://krude.energy/intelligence
EVT_0643,2026-08-20T08:00:00Z,India to sign mou with guyana for buying crude oil,LLaMA Ground Truth / Other,Other,2.0,LOW,India crude sourcing or supplier development,https://krude.energy/intelligence
EVT_0644,2026-08-20T08:00:00Z,Indian oil traders dont payment,LLaMA Ground Truth / Other,Other,3.0,MEDIUM,India crude sourcing or supplier development,https://krude.energy/intelligence
EVT_0645,2026-08-20T08:00:00Z,Brics oil haggling iran demands more money china india cuts russian oil buys,LLaMA Ground Truth / India-Russia Trade,Other,4.0,MEDIUM,India-Russia crude trade development,https://krude.energy/intelligence
EVT_0646,2026-08-20T08:00:00Z,Uk finance minister red sea shipping attacks may impact british economy,LLaMA Ground Truth / Red Sea,Bab-el-Mandeb,6.0,HIGH,Confirmed attack on Red Sea or Gulf of Aden shipping,https://krude.energy/intelligence
EVT_0647,2026-08-20T08:00:00Z,Higher shipping costs fears red sea attacks will soon hit kiwis in the pocket,LLaMA Ground Truth / Other Maritime Route,Other,6.0,HIGH,Freight or war-risk insurance cost moving on corridor risk,https://krude.energy/intelligence
EVT_0648,2026-08-20T08:00:00Z,India s ongc sees oil production rise 11 after east coast block starts output,LLaMA Ground Truth / Infrastructure,Other,2.0,LOW,"Energy infrastructure capacity, repair or development",https://krude.energy/intelligence
EVT_0649,2026-08-20T08:00:00Z,Ongc starts oil production delayed usd 5 billion deep water project,LLaMA Ground Truth / Infrastructure,Other,2.0,LOW,"Energy infrastructure capacity, repair or development",https://krude.energy/intelligence
EVT_0650,2026-08-20T08:00:00Z,Red sea woes unlikely to dent russias position as indias top crude supplier,LLaMA Ground Truth / India-Russia Trade,Other,3.0,MEDIUM,India-Russia crude trade development,https://krude.energy/intelligence
EVT_0651,2026-08-20T08:00:00Z,Houthi rebels are menacing vessels in the red sea but the attacks won t stop the oil tankers p5evfe,LLaMA Ground Truth / Red Sea,Bab-el-Mandeb,6.0,HIGH,Confirmed attack on Red Sea or Gulf of Aden shipping,https://krude.energy/intelligence
EVT_0652,2026-08-20T08:00:00Z,Saudi arabia oil price cuts india russia opec crude supply,LLaMA Ground Truth / OPEC/Production,Other,4.0,MEDIUM,OPEC or producer output policy,https://krude.energy/intelligence
EVT_0653,2026-08-20T08:00:00Z,.un vote call demanding halt red sea attacks,LLaMA Ground Truth / Red Sea,Bab-el-Mandeb,7.0,HIGH,Naval or military response in the Red Sea,https://krude.energy/intelligence
EVT_0654,2026-08-20T08:00:00Z,Un to vote on call demanding halt to red sea attacks,LLaMA Ground Truth / Red Sea,Bab-el-Mandeb,7.0,HIGH,Naval or military response in the Red Sea,https://krude.energy/intelligence
EVT_0655,2026-08-20T08:00:00Z,.royal navy destroyer hms diamond shoots houthi drones red sea attack,LLaMA Ground Truth / Red Sea,Bab-el-Mandeb,8.0,CRITICAL,Naval or military response in the Red Sea,https://krude.energy/intelligence
EVT_0656,2026-08-20T08:00:00Z,Yemens iranian backed houthis launch largest red sea drone and missile attack to date,LLaMA Ground Truth / Red Sea,Bab-el-Mandeb,9.0,CRITICAL,Confirmed attack on Red Sea or Gulf of Aden shipping,https://krude.energy/intelligence
EVT_0657,2026-08-20T08:00:00Z,Us and allies weigh hitting houthis as red sea attacks escalate,LLaMA Ground Truth / Red Sea,Bab-el-Mandeb,8.0,CRITICAL,Naval or military response in the Red Sea,https://krude.energy/intelligence
EVT_0658,2026-08-20T08:00:00Z,Us needs to put up or shut up in red sea as blinken repeats consequences threat after houthis largest attack yet expert,LLaMA Ground Truth / Red Sea,Bab-el-Mandeb,7.0,HIGH,Naval or military response in the Red Sea,https://krude.energy/intelligence
EVT_0659,2026-08-20T08:00:00Z,Un security council demands immediate end houthi red sea attacks,LLaMA Ground Truth / Red Sea,Bab-el-Mandeb,7.0,HIGH,Naval or military response in the Red Sea,https://krude.energy/intelligence
EVT_0660,2026-08-20T08:00:00Z,01 11 us and uk hint at military action after largest red sea attack,LLaMA Ground Truth / Red Sea,Bab-el-Mandeb,8.0,CRITICAL,Naval or military response in the Red Sea,https://krude.energy/intelligence
EVT_0661,2026-08-20T08:00:00Z,.senior snp figures urge pm recall parliament red sea attacks speculation,LLaMA Ground Truth / Red Sea,Bab-el-Mandeb,6.0,HIGH,Naval or military response in the Red Sea,https://krude.energy/intelligence
EVT_0662,2026-08-20T08:00:00Z,.pm holds full cabinet call amid speculation strike red sea attacks,LLaMA Ground Truth / Red Sea,Bab-el-Mandeb,7.0,HIGH,Naval or military response in the Red Sea,https://krude.energy/intelligence
EVT_0663,2026-08-20T08:00:00Z,Airstrikes against yemens iranian backed houthi for red sea attacks could come at anytime,LLaMA Ground Truth / Red Sea,Bab-el-Mandeb,8.0,CRITICAL,Naval or military response in the Red Sea,https://krude.energy/intelligence
EVT_0664,2026-08-20T08:00:00Z,Tesla shutting down berlin factory for 2 weeks due to red sea shipping attacks,LLaMA Ground Truth / Red Sea,Bab-el-Mandeb,8.0,CRITICAL,Carriers rerouting or suspending Red Sea transits,https://krude.energy/intelligence
EVT_0665,2026-08-20T08:00:00Z,Global trade drops 1 3 on red sea attacks ifw kiel institute,LLaMA Ground Truth / Red Sea,Bab-el-Mandeb,8.0,CRITICAL,Confirmed attack on Red Sea or Gulf of Aden shipping,https://krude.energy/intelligence
EVT_0666,2026-08-20T08:00:00Z,.president biden says strikes show us will not tolerate red sea attacks,LLaMA Ground Truth / Red Sea,Bab-el-Mandeb,9.0,CRITICAL,Naval or military response in the Red Sea,https://krude.energy/intelligence
EVT_0667,2026-08-20T08:00:00Z,Iran captures american oil tanker st nicholas in gulf of oman white house condemns seizure,LLaMA Ground Truth / Hormuz,Hormuz,8.0,CRITICAL,Vessel attacked or seized at the Strait of Hormuz,https://krude.energy/intelligence
EVT_0668,2026-08-20T08:00:00Z,Us british militaries launch massive retaliatory strike against iranian backed houthis in yemen,LLaMA Ground Truth / Red Sea,Bab-el-Mandeb,9.0,CRITICAL,Naval or military response in the Red Sea,https://krude.energy/intelligence
EVT_0669,2026-08-20T08:00:00Z,Us uk air strikes pound yemen after weeks red sea attacks,LLaMA Ground Truth / Red Sea,Bab-el-Mandeb,9.0,CRITICAL,Naval or military response in the Red Sea,https://krude.energy/intelligence
EVT_0670,2026-08-20T08:00:00Z,Tesla puts german factory production on hold as red sea attacks disrupt supply chains,LLaMA Ground Truth / Red Sea,Bab-el-Mandeb,8.0,CRITICAL,Carriers rerouting or suspending Red Sea transits,https://krude.energy/intelligence
EVT_0671,2026-08-20T08:00:00Z,Mil osi global red sea crisis expert unpacks houthi attacks and other security threats,LLaMA Ground Truth / Red Sea,Bab-el-Mandeb,7.0,HIGH,Confirmed attack on Red Sea or Gulf of Aden shipping,https://krude.energy/intelligence
EVT_0672,2026-08-20T08:00:00Z,Jaishankar to visit iran amidst middle east crises,LLaMA Ground Truth / Other,Other,4.0,MEDIUM,Geopolitical escalation bearing on oil corridors,https://krude.energy/intelligence
EVT_0673,2026-08-20T08:00:00Z,Uk ready to strike houthis again if red sea attacks continue says david cameron,LLaMA Ground Truth / Red Sea,Bab-el-Mandeb,8.0,CRITICAL,Naval or military response in the Red Sea,https://krude.energy/intelligence
EVT_0674,2026-08-20T08:00:00Z,Biden warns of more strikes on yemens houthis if red sea attacks persist,LLaMA Ground Truth / Red Sea,Bab-el-Mandeb,8.0,CRITICAL,Naval or military response in the Red Sea,https://krude.energy/intelligence
EVT_0675,2026-08-20T08:00:00Z,India iran discuss expanding bilateral and multilateral ties,LLaMA Ground Truth / Other,Other,3.0,MEDIUM,Geopolitical escalation bearing on oil corridors,https://krude.energy/intelligence
EVT_0676,2026-08-20T08:00:00Z,Red sea attack fears disrupt global trade patterns,LLaMA Ground Truth / Red Sea,Bab-el-Mandeb,8.0,CRITICAL,Confirmed attack on Red Sea or Gulf of Aden shipping,https://krude.energy/intelligence
EVT_0677,2026-08-20T08:00:00Z,Sectors most exposed to disruption from red sea attacks,LLaMA Ground Truth / Red Sea,Bab-el-Mandeb,7.0,HIGH,Confirmed attack on Red Sea or Gulf of Aden shipping,https://krude.energy/intelligence
EVT_0678,2026-08-20T08:00:00Z,Michelin reduces tire production after red sea attacks delay rubber shipments,LLaMA Ground Truth / Red Sea,Bab-el-Mandeb,7.0,HIGH,Carriers rerouting or suspending Red Sea transits,https://krude.energy/intelligence
EVT_0679,2026-08-20T08:00:00Z,Morning briefing mahua moitra asked to vacate govt residence iran pak diplomatic crisis after strike all latest,LLaMA Ground Truth / Other,Other,5.0,HIGH,Geopolitical escalation bearing on oil corridors,https://krude.energy/intelligence
EVT_0680,2026-08-20T08:00:00Z,Mea iran strikes pakistan understand actions that countries take self defense jaish al adl terror bases latest,LLaMA Ground Truth / Other,Other,6.0,HIGH,Geopolitical escalation bearing on oil corridors,https://krude.energy/intelligence
EVT_0681,2026-08-20T08:00:00Z,01 17 us relists houthis as terror organization in response to red sea attacks,LLaMA Ground Truth / Red Sea,Bab-el-Mandeb,7.0,HIGH,Naval or military response in the Red Sea,https://krude.energy/intelligence
EVT_0682,2026-08-20T08:00:00Z,Red sea attacks choke global trade as regional tensions grow,LLaMA Ground Truth / Red Sea,Bab-el-Mandeb,8.0,CRITICAL,Confirmed attack on Red Sea or Gulf of Aden shipping,https://krude.energy/intelligence
EVT_0683,2026-08-20T08:00:00Z,Operation marg bar sarmachar pakistans air strikes on iran and its sole objective,LLaMA Ground Truth / Other,Other,6.0,HIGH,Geopolitical escalation bearing on oil corridors,https://krude.energy/intelligence
EVT_0684,2026-08-20T08:00:00Z,Red sea attacks reverberate in food and ag trade,LLaMA Ground Truth / Red Sea,Bab-el-Mandeb,7.0,HIGH,Confirmed attack on Red Sea or Gulf of Aden shipping,https://krude.energy/intelligence
EVT_0685,2026-08-20T08:00:00Z,Red sea attacks spur claims of beijings diversion strategy,LLaMA Ground Truth / Red Sea,Bab-el-Mandeb,7.0,HIGH,Confirmed attack on Red Sea or Gulf of Aden shipping,https://krude.energy/intelligence
EVT_0686,2026-08-20T08:00:00Z,Four senior members of irans elite security forces killed in air strike in syria,LLaMA Ground Truth / Other,Other,7.0,HIGH,Geopolitical escalation bearing on oil corridors,https://krude.energy/intelligence
EVT_0687,2026-08-20T08:00:00Z,Royal caribbean msc cancel cruises due to red sea attacks,LLaMA Ground Truth / Red Sea,Bab-el-Mandeb,7.0,HIGH,Carriers rerouting or suspending Red Sea transits,https://krude.energy/intelligence
EVT_0688,2026-08-20T08:00:00Z,Red sea attacks surpassing covid pandemic,LLaMA Ground Truth / Red Sea,Bab-el-Mandeb,8.0,CRITICAL,Confirmed attack on Red Sea or Gulf of Aden shipping,https://krude.energy/intelligence
EVT_0689,2026-08-20T08:00:00Z,Red sea attacks hurt chinese exporters even houthis promise not bomb chinese ships,LLaMA Ground Truth / Red Sea,Bab-el-Mandeb,7.0,HIGH,Confirmed attack on Red Sea or Gulf of Aden shipping,https://krude.energy/intelligence
EVT_0690,2026-08-20T08:00:00Z,Article uk and us sanction senior houthis over red sea shipping attacks,LLaMA Ground Truth / Sanctions Policy,Other,6.0,HIGH,"Sanctions tightened, extended or threatened",https://krude.energy/intelligence
EVT_0691,2026-08-20T08:00:00Z,Uk and us sanction houthi rebels in a bid to stop red sea ship attacks,LLaMA Ground Truth / Sanctions Policy,Other,6.0,HIGH,"Sanctions tightened, extended or threatened",https://krude.energy/intelligence
EVT_0692,2026-08-20T08:00:00Z,U s and uk sanction four yemeni houthi leaders over red sea shipping attacks,LLaMA Ground Truth / Sanctions Policy,Other,6.0,HIGH,"Sanctions tightened, extended or threatened",https://krude.energy/intelligence
EVT_0693,2026-08-20T08:00:00Z,Global trade being disrupted by red sea attacks war in ukraine says un,LLaMA Ground Truth / Red Sea,Bab-el-Mandeb,8.0,CRITICAL,Confirmed attack on Red Sea or Gulf of Aden shipping,https://krude.energy/intelligence
EVT_0694,2026-08-20T08:00:00Z,Red sea crisis houthi attacks raising prices worldwide,LLaMA Ground Truth / Red Sea,Bab-el-Mandeb,8.0,CRITICAL,Confirmed attack on Red Sea or Gulf of Aden shipping,https://krude.energy/intelligence
EVT_0695,2026-08-20T08:00:00Z,Russias gazprom neft sees no need for extra opec oil output cuts,LLaMA Ground Truth / OPEC/Production,Other,3.0,MEDIUM,OPEC or producer output policy,https://krude.energy/intelligence
EVT_0696,2026-08-20T08:00:00Z,Red sea crisis no disruption in oil flows only freight up says hpcl head,LLaMA Ground Truth / Red Sea,Bab-el-Mandeb,5.0,HIGH,Confirmed attack on Red Sea or Gulf of Aden shipping,https://krude.energy/intelligence
EVT_0697,2026-08-20T08:00:00Z,Us fires on houthi missile hours after trafigura oil tanker attack,LLaMA Ground Truth / Red Sea,Bab-el-Mandeb,8.0,CRITICAL,Confirmed attack on Red Sea or Gulf of Aden shipping,https://krude.energy/intelligence
EVT_0698,2026-08-20T08:00:00Z,Three us service members killed 34 wounded in jordan drone attack linked to iran,LLaMA Ground Truth / Other,Other,7.0,HIGH,Geopolitical escalation bearing on oil corridors,https://krude.energy/intelligence
EVT_0699,2026-08-20T08:00:00Z,Hms diamond struck in red sea houthi attack grant shapps reaction,LLaMA Ground Truth / Red Sea,Bab-el-Mandeb,8.0,CRITICAL,Confirmed attack on Red Sea or Gulf of Aden shipping,https://krude.energy/intelligence
EVT_0700,2026-08-20T08:00:00Z,Indian navy frees iranian fishing boat hijacked off somalia,LLaMA Ground Truth / Red Sea,Bab-el-Mandeb,4.0,MEDIUM,Naval or military response in the Red Sea,https://krude.energy/intelligence
EVT_0701,2026-08-20T08:00:00Z,3 boats approach british oil tanker yemen coast possible houthi attack,LLaMA Ground Truth / Red Sea,Bab-el-Mandeb,7.0,HIGH,Confirmed attack on Red Sea or Gulf of Aden shipping,https://krude.energy/intelligence
EVT_0702,2026-08-20T08:00:00Z,Us set to reimpose venezuela oil sanctions over election disqualifications,LLaMA Ground Truth / Sanctions Policy,Other,5.0,HIGH,"Sanctions tightened, extended or threatened",https://krude.energy/intelligence
EVT_0703,2026-08-20T08:00:00Z,Us shoots down houthi anti ship missile in latest red sea attack,LLaMA Ground Truth / Red Sea,Bab-el-Mandeb,8.0,CRITICAL,Naval or military response in the Red Sea,https://krude.energy/intelligence
EVT_0704,2026-08-20T08:00:00Z,India iran discuss development of cooperation between two countries,LLaMA Ground Truth / Other,Other,3.0,MEDIUM,Geopolitical escalation bearing on oil corridors,https://krude.energy/intelligence
EVT_0705,2026-08-20T08:00:00Z,Eu aims to launch a red sea naval mission within 3 weeks to protect ships from rebel attacks,LLaMA Ground Truth / Red Sea,Bab-el-Mandeb,7.0,HIGH,Naval or military response in the Red Sea,https://krude.energy/intelligence
EVT_0706,2026-08-20T08:00:00Z,Eu to launch red sea naval mission to protect ships from rebel attacks,LLaMA Ground Truth / Red Sea,Bab-el-Mandeb,7.0,HIGH,Naval or military response in the Red Sea,https://krude.energy/intelligence
EVT_0707,2026-08-20T08:00:00Z,Still thinking about it european mission to tackle red sea attacks three weeks away,LLaMA Ground Truth / Red Sea,Bab-el-Mandeb,6.0,HIGH,Naval or military response in the Red Sea,https://krude.energy/intelligence
EVT_0708,2026-08-20T08:00:00Z,Opec oil output falls in january on new cuts libya survey,LLaMA Ground Truth / OPEC/Production,Other,4.0,MEDIUM,OPEC or producer output policy,https://krude.energy/intelligence
EVT_0709,2026-08-20T08:00:00Z,Defence indian navy foils piracy attempt on cargo vessel along east coast of somalia,LLaMA Ground Truth / Red Sea,Bab-el-Mandeb,5.0,HIGH,Naval or military response in the Red Sea,https://krude.energy/intelligence
EVT_0710,2026-08-20T08:00:00Z,Indian navy foils yet another piracy attempt rescues pak iranian crew,LLaMA Ground Truth / Red Sea,Bab-el-Mandeb,5.0,HIGH,Naval or military response in the Red Sea,https://krude.energy/intelligence
EVT_0711,2026-08-20T08:00:00Z,Report indian navy foils piracy bid on fishing vessel near somalia coast rescues 11 iranian 8 pak nationals,LLaMA Ground Truth / Red Sea,Bab-el-Mandeb,5.0,HIGH,Naval or military response in the Red Sea,https://krude.energy/intelligence
EVT_0712,2026-08-20T08:00:00Z,Indian oil majors to invest rs 12 lakh crore in next financial year,LLaMA Ground Truth / Infrastructure,Other,2.0,LOW,"Energy infrastructure capacity, repair or development",https://krude.energy/intelligence
EVT_0713,2026-08-20T08:00:00Z,Russias energy elite indian officials try to keep oil flowing,LLaMA Ground Truth / India-Russia Trade,Other,4.0,MEDIUM,India-Russia crude trade development,https://krude.energy/intelligence
EVT_0714,2026-08-20T08:00:00Z,Indias russian oil import hits 12 month low but long term appetite remains intact,LLaMA Ground Truth / India-Russia Trade,Other,4.0,MEDIUM,India-Russia crude trade development,https://krude.energy/intelligence
EVT_0715,2026-08-20T08:00:00Z,Oil prices hold steady amidst blinken s middle east visit,LLaMA Ground Truth / Other,Other,3.0,MEDIUM,Oil price move driven by supply risk,https://krude.energy/intelligence
EVT_0716,2026-08-20T08:00:00Z,Pm modi courts global ceos for investment in oil gas sector,LLaMA Ground Truth / Infrastructure,Other,3.0,MEDIUM,"Energy infrastructure capacity, repair or development",https://krude.energy/intelligence
EVT_0717,2026-08-20T08:00:00Z,Multi tracking projects across indian railways to minimize logistics cost reduce oil imports and lower co2 emissions,LLaMA Ground Truth / Infrastructure,Other,3.0,MEDIUM,"Energy infrastructure capacity, repair or development",https://krude.energy/intelligence
EVT_0718,2026-08-20T08:00:00Z,Opec output witnesses biggest drop in six months falling short of agreed cuts platts survey,LLaMA Ground Truth / OPEC/Production,Other,5.0,HIGH,OPEC or producer output policy,https://krude.energy/intelligence
EVT_0719,2026-08-20T08:00:00Z,Israeli drone strike in lebanon kills 2 as tensions across middle east grow israel hamas war palestine gaza jordan houthi rebels yemen red sea military operations strikes drone attack syrian border,LLaMA Ground Truth / Other,Other,6.0,HIGH,Geopolitical escalation bearing on oil corridors,https://krude.energy/intelligence
EVT_0720,2026-08-20T08:00:00Z,Imf world bank warn gaza war red sea attacks imperil global economy,LLaMA Ground Truth / Red Sea,Bab-el-Mandeb,8.0,CRITICAL,Confirmed attack on Red Sea or Gulf of Aden shipping,https://krude.energy/intelligence
EVT_0721,2026-08-20T08:00:00Z,Is there a tea shortage red sea attacks supply issues,LLaMA Ground Truth / Red Sea,Bab-el-Mandeb,6.0,HIGH,Carriers rerouting or suspending Red Sea transits,https://krude.energy/intelligence
EVT_0722,2026-08-20T08:00:00Z,Greek shipper star bulk will avoid red sea over yemen houthi attacks,LLaMA Ground Truth / Red Sea,Bab-el-Mandeb,8.0,CRITICAL,Carriers rerouting or suspending Red Sea transits,https://krude.energy/intelligence
EVT_0723,2026-08-20T08:00:00Z,Iran oil tankers sanctions,LLaMA Ground Truth / Sanctions Policy,Other,5.0,HIGH,Sanctions policy development affecting oil trade,https://krude.energy/intelligence
EVT_0724,2026-08-20T08:00:00Z,Seafarers can refuse to sail through red sea as houthis step up attacks industry,LLaMA Ground Truth / Red Sea,Bab-el-Mandeb,8.0,CRITICAL,Carriers rerouting or suspending Red Sea transits,https://krude.energy/intelligence
EVT_0725,2026-08-20T08:00:00Z,Houthi rebels claim responsibility for oil tanker attack,LLaMA Ground Truth / Red Sea,Bab-el-Mandeb,8.0,CRITICAL,Confirmed attack on Red Sea or Gulf of Aden shipping,https://krude.energy/intelligence
EVT_0726,2026-08-20T08:00:00Z,Un agency says suez canal disruption reshaping worlds trade routes,LLaMA Ground Truth / Red Sea,Bab-el-Mandeb,8.0,CRITICAL,Carriers rerouting or suspending Red Sea transits,https://krude.energy/intelligence
EVT_0727,2026-08-20T08:00:00Z,.houthi red sea attacks trade live animals middle east,LLaMA Ground Truth / Red Sea,Bab-el-Mandeb,7.0,HIGH,Confirmed attack on Red Sea or Gulf of Aden shipping,https://krude.energy/intelligence
EVT_0728,2026-08-20T08:00:00Z,Houthis to deploy submarine weapons in red sea attacks,LLaMA Ground Truth / Red Sea,Bab-el-Mandeb,8.0,CRITICAL,Confirmed attack on Red Sea or Gulf of Aden shipping,https://krude.energy/intelligence
EVT_0729,2026-08-20T08:00:00Z,Red sea attacks hike shipping insurance rates,LLaMA Ground Truth / Other Maritime Route,Other,8.0,CRITICAL,Freight or war-risk insurance cost moving on corridor risk,https://krude.energy/intelligence
EVT_0730,2026-08-20T08:00:00Z,Us and british strikes on houthi sites in yemen answer militants surge in red sea attacks on ships,LLaMA Ground Truth / Red Sea,Bab-el-Mandeb,9.0,CRITICAL,Naval or military response in the Red Sea,https://krude.energy/intelligence
EVT_0731,2026-08-20T08:00:00Z,Us and british strike 18 different houthi targets in yemen red sea attacks gulf of aden missile strike cargo vessel surge in attacks israel hamas war palestine gaza middle east,LLaMA Ground Truth / Red Sea,Bab-el-Mandeb,9.0,CRITICAL,Naval or military response in the Red Sea,https://krude.energy/intelligence
EVT_0732,2026-08-20T08:00:00Z,Houthis nearly strike oil tanker in gulf of aden us coalition forces take out more one way attack drones,LLaMA Ground Truth / Red Sea,Bab-el-Mandeb,8.0,CRITICAL,Confirmed attack on Red Sea or Gulf of Aden shipping,https://krude.energy/intelligence
EVT_0733,2026-08-20T08:00:00Z,Us sanctions iran deputy commander houthi member iranian oil,LLaMA Ground Truth / Sanctions Policy,Other,5.0,HIGH,"Sanctions tightened, extended or threatened",https://krude.energy/intelligence
EVT_0734,2026-08-20T08:00:00Z,Uk cargo ship sinking in red sea after houthi attack,LLaMA Ground Truth / Red Sea,Bab-el-Mandeb,8.0,CRITICAL,Confirmed attack on Red Sea or Gulf of Aden shipping,https://krude.energy/intelligence
EVT_0735,2026-08-20T08:00:00Z,Reckitt says red sea attacks having small impact on freight rates,LLaMA Ground Truth / Other Maritime Route,Other,5.0,HIGH,Freight or war-risk insurance cost moving on corridor risk,https://krude.energy/intelligence
EVT_0736,2026-08-20T08:00:00Z,Ieas technical delegation meets iranian presidential adviser in chabahar,LLaMA Ground Truth / Other,Other,2.0,LOW,India crude sourcing or supplier development,https://krude.energy/intelligence
EVT_0737,2026-08-20T08:00:00Z,Opecplus members extend oil output cuts to second quarter,LLaMA Ground Truth / OPEC/Production,Other,5.0,HIGH,OPEC or producer output policy,https://krude.energy/intelligence
EVT_0738,2026-08-20T08:00:00Z,Number of opec countries extend oil production cuts,LLaMA Ground Truth / OPEC/Production,Other,5.0,HIGH,OPEC or producer output policy,https://krude.energy/intelligence
EVT_0739,2026-08-20T08:00:00Z,Oil nudges higher after opec extends output cuts,LLaMA Ground Truth / OPEC/Production,Other,4.0,MEDIUM,OPEC or producer output policy,https://krude.energy/intelligence
EVT_0740,2026-08-20T08:00:00Z,Oil steadies after opec extends output cuts as expected,LLaMA Ground Truth / OPEC/Production,Other,4.0,MEDIUM,OPEC or producer output policy,https://krude.energy/intelligence
EVT_0741,2026-08-20T08:00:00Z,The commodities feed opec agrees to extend output cuts,LLaMA Ground Truth / OPEC/Production,Other,5.0,HIGH,OPEC or producer output policy,https://krude.energy/intelligence
EVT_0742,2026-08-20T08:00:00Z,Oil prices surge after opec extends output cuts,LLaMA Ground Truth / OPEC/Production,Other,5.0,HIGH,OPEC or producer output policy,https://krude.energy/intelligence
EVT_0743,2026-08-20T08:00:00Z,India cautious on contracted russian oil as us sanctions bite,LLaMA Ground Truth / Sanctions Policy,Other,5.0,HIGH,Sanctions policy development affecting oil trade,https://krude.energy/intelligence
EVT_0744,2026-08-20T08:00:00Z,Saudi arabia modifies oil prices amid extension of opec output cuts,LLaMA Ground Truth / OPEC/Production,Other,4.0,MEDIUM,OPEC or producer output policy,https://krude.energy/intelligence
EVT_0745,2026-08-20T08:00:00Z,Oil price hold gains on upbeat china trade data,LLaMA Ground Truth / Other,Other,3.0,MEDIUM,Oil price move driven by supply risk,https://krude.energy/intelligence
EVT_0746,2026-08-20T08:00:00Z,Us helping india get lower prices for russian oil,LLaMA Ground Truth / India-Russia Trade,Other,2.0,LOW,India-Russia crude trade development,https://krude.energy/intelligence
EVT_0747,2026-08-20T08:00:00Z,As us cracks down on russian oil shippers india expects no real supply sanction risk,LLaMA Ground Truth / Sanctions Policy,Other,4.0,MEDIUM,Sanctions policy development affecting oil trade,https://krude.energy/intelligence
EVT_0748,2026-08-20T08:00:00Z,Us strikes yemens hodeidah airport after houthi red sea attacks,LLaMA Ground Truth / Red Sea,Bab-el-Mandeb,9.0,CRITICAL,Naval or military response in the Red Sea,https://krude.energy/intelligence
EVT_0749,2026-08-20T08:00:00Z,Russia plans to defend oil and gas facilities with missile systems,LLaMA Ground Truth / Infrastructure,Other,6.0,HIGH,"Energy infrastructure incident, outage or attack",https://krude.energy/intelligence
EVT_0750,2026-08-20T08:00:00Z,Indian state refiner signs 4 month deal with bp to buy us oil,LLaMA Ground Truth / Other,Other,2.0,LOW,India crude sourcing or supplier development,https://krude.energy/intelligence
EVT_0751,2026-08-20T08:00:00Z,Red sea attacks could push more cargo to port of vancouver after record year ceo,LLaMA Ground Truth / Red Sea,Bab-el-Mandeb,6.0,HIGH,Carriers rerouting or suspending Red Sea transits,https://krude.energy/intelligence
EVT_0752,2026-08-20T08:00:00Z,Red sea attacks could make port of vancouver even busier after record year,LLaMA Ground Truth / Red Sea,Bab-el-Mandeb,6.0,HIGH,Carriers rerouting or suspending Red Sea transits,https://krude.energy/intelligence
EVT_0753,2026-08-20T08:00:00Z,Indian navy frees iranian fishing vessel hijacked by pirates rescues 23 pakistani crew members,LLaMA Ground Truth / Red Sea,Bab-el-Mandeb,5.0,HIGH,Naval or military response in the Red Sea,https://krude.energy/intelligence
EVT_0754,2026-08-20T08:00:00Z,Asia crude imports surge as china india snap up russian oil,LLaMA Ground Truth / India-Russia Trade,Other,3.0,MEDIUM,India-Russia crude trade development,https://krude.energy/intelligence
EVT_0755,2026-08-20T08:00:00Z,U s growth pushes oil prices higher amid supply concerns,LLaMA Ground Truth / Other,Other,4.0,MEDIUM,Oil price move driven by supply risk,https://krude.energy/intelligence
EVT_0756,2026-08-20T08:00:00Z,No issues encountered with oil payment from india russia foreign ministry,LLaMA Ground Truth / India-Russia Trade,Other,3.0,MEDIUM,India-Russia crude trade development,https://krude.energy/intelligence
EVT_0757,2026-08-20T08:00:00Z,Russia continues to remain indias top crude supplier imports rise 7 in march,LLaMA Ground Truth / India-Russia Trade,Other,3.0,MEDIUM,India-Russia crude trade development,https://krude.energy/intelligence
EVT_0758,2026-08-20T08:00:00Z,Twenty seven die militant attack iran security forces,LLaMA Ground Truth / Other,Other,5.0,HIGH,Geopolitical escalation bearing on oil corridors,https://krude.energy/intelligence
EVT_0759,2026-08-20T08:00:00Z,Irans oil exports sail to record post sanctions q1 as second panama flagged tanker exodus underway,LLaMA Ground Truth / Sanctions Policy,Other,4.0,MEDIUM,Sanctions policy development affecting oil trade,https://krude.energy/intelligence
EVT_0760,2026-08-20T08:00:00Z,Eu red sea navy mission commander hopes more ships repel houthi attacks%c2%a0,LLaMA Ground Truth / Red Sea,Bab-el-Mandeb,7.0,HIGH,Naval or military response in the Red Sea,https://krude.energy/intelligence
EVT_0761,2026-08-20T08:00:00Z,Iran says it can close hormuz strait views israeli presence in uae as threat,LLaMA Ground Truth / Hormuz,Hormuz,7.0,HIGH,Threat to close or restrict passage through Hormuz,https://krude.energy/intelligence
EVT_0762,2026-08-20T08:00:00Z,Iran threatens strike on israeli soil in next 24 48 hours says us intel,LLaMA Ground Truth / Other,Other,7.0,HIGH,Geopolitical escalation bearing on oil corridors,https://krude.energy/intelligence
EVT_0763,2026-08-20T08:00:00Z,.iran blamed armed men attack ship near strait hormuz,LLaMA Ground Truth / Hormuz,Hormuz,8.0,CRITICAL,Vessel attacked or seized at the Strait of Hormuz,https://krude.energy/intelligence
EVT_0764,2026-08-20T08:00:00Z,Iranian commandos seize an israeli linked container ship near strait of hormuz,LLaMA Ground Truth / Hormuz,Hormuz,8.0,CRITICAL,Vessel attacked or seized at the Strait of Hormuz,https://krude.energy/intelligence
EVT_0765,2026-08-20T08:00:00Z,Iran seizes container ship strait of hormuz israel,LLaMA Ground Truth / Hormuz,Hormuz,8.0,CRITICAL,Vessel attacked or seized at the Strait of Hormuz,https://krude.energy/intelligence
EVT_0766,2026-08-20T08:00:00Z,Iran s irgc seizes israel linked container ship near hormuz,LLaMA Ground Truth / Hormuz,Hormuz,8.0,CRITICAL,Vessel attacked or seized at the Strait of Hormuz,https://krude.energy/intelligence
EVT_0767,2026-08-20T08:00:00Z,Irans revolutionary guard seizes a container ship near strait of hormuz amid tensions with israel,LLaMA Ground Truth / Hormuz,Hormuz,8.0,CRITICAL,Vessel attacked or seized at the Strait of Hormuz,https://krude.energy/intelligence
EVT_0768,2026-08-20T08:00:00Z,Irans revolutionary guard near strait of hormuz se,LLaMA Ground Truth / Hormuz,Hormuz,7.0,HIGH,Vessel attacked or seized at the Strait of Hormuz,https://krude.energy/intelligence
EVT_0769,2026-08-20T08:00:00Z,Fgn29 iran hormuz ship,LLaMA Ground Truth / Hormuz,Hormuz,7.0,HIGH,Vessel attacked or seized at the Strait of Hormuz,https://krude.energy/intelligence
EVT_0770,2026-08-20T08:00:00Z,Fgn28 newsalert iran hormuz ship raid,LLaMA Ground Truth / Hormuz,Hormuz,8.0,CRITICAL,Vessel attacked or seized at the Strait of Hormuz,https://krude.energy/intelligence
EVT_0771,2026-08-20T08:00:00Z,Vessel seized strait of hormuz gulf uae uk agency report,LLaMA Ground Truth / Hormuz,Hormuz,8.0,CRITICAL,Vessel attacked or seized at the Strait of Hormuz,https://krude.energy/intelligence
EVT_0772,2026-08-20T08:00:00Z,Israel iran attacks ship seizure strait hormuz,LLaMA Ground Truth / Hormuz,Hormuz,8.0,CRITICAL,Vessel attacked or seized at the Strait of Hormuz,https://krude.energy/intelligence
EVT_0773,2026-08-20T08:00:00Z,Iran seizes cargo ship in strait of hormuz after threats to close waterway,LLaMA Ground Truth / Hormuz,Hormuz,9.0,CRITICAL,Vessel attacked or seized at the Strait of Hormuz,https://krude.energy/intelligence
EVT_0774,2026-08-20T08:00:00Z,Indian airlines avoiding iranian airspace amid rising tensions between iran israel,LLaMA Ground Truth / Hormuz,Hormuz,6.0,HIGH,Airspace or route avoidance signalling Gulf conflict risk,https://krude.energy/intelligence
EVT_0775,2026-08-20T08:00:00Z,Iranian forces seize israeli affiliated ship near strait of hormuz in escalating tension commandos middle east israel hamas war gaza strip palestine president joe biden persian gulf gulf of oman guard navy ship,LLaMA Ground Truth / Hormuz,Hormuz,8.0,CRITICAL,Vessel attacked or seized at the Strait of Hormuz,https://krude.energy/intelligence
EVT_0776,2026-08-20T08:00:00Z,Benjamin netanyahu vows response against iran s drone attack israel claims to have intercepted over 300 missiles,LLaMA Ground Truth / Other,Other,8.0,CRITICAL,Geopolitical escalation bearing on oil corridors,https://krude.energy/intelligence
EVT_0777,2026-08-20T08:00:00Z,Foreign flag ship was headed for indian port through strait of hormuz admiral hari kumar,LLaMA Ground Truth / Hormuz,Hormuz,7.0,HIGH,Vessel attacked or seized at the Strait of Hormuz,https://krude.energy/intelligence
EVT_0778,2026-08-20T08:00:00Z,External affairs ministry seeks release of 17 indians on board cargo ship seized by iran,LLaMA Ground Truth / Tanker Incident,Other,6.0,HIGH,"Aftermath of vessel incident, crew or release status",https://krude.energy/intelligence
EVT_0779,2026-08-20T08:00:00Z,Uk would consider more sanctions against iran says david cameron,LLaMA Ground Truth / Sanctions Policy,Other,5.0,HIGH,"Sanctions tightened, extended or threatened",https://krude.energy/intelligence
EVT_0780,2026-08-20T08:00:00Z,Explainer will the iran israel conflict affect crude prices in the world and india,LLaMA Ground Truth / Other,Other,6.0,HIGH,Geopolitical escalation bearing on oil corridors,https://krude.energy/intelligence
EVT_0781,2026-08-20T08:00:00Z,Container ship seized in strait of hormuz could threaten middle east trade lanes,LLaMA Ground Truth / Hormuz,Hormuz,8.0,CRITICAL,Vessel attacked or seized at the Strait of Hormuz,https://krude.energy/intelligence
EVT_0782,2026-08-20T08:00:00Z,India likely to halt flight operations to israel amid iran israel soaring tensions,LLaMA Ground Truth / Hormuz,Hormuz,5.0,HIGH,Airspace or route avoidance signalling Gulf conflict risk,https://krude.energy/intelligence
EVT_0783,2026-08-20T08:00:00Z,Iaph statement on seizure of containership msc aries in the vicinity of the strait of hormuz,LLaMA Ground Truth / Hormuz,Hormuz,7.0,HIGH,Vessel attacked or seized at the Strait of Hormuz,https://krude.energy/intelligence
EVT_0784,2026-08-20T08:00:00Z,Us ties renewal of easing of venezuela oil sanctions to progress on elections,LLaMA Ground Truth / Sanctions Policy,Other,4.0,MEDIUM,Sanctions policy development affecting oil trade,https://krude.energy/intelligence
EVT_0785,2026-08-20T08:00:00Z,Israeli military vows iran attack restraint,LLaMA Ground Truth / Other,Other,5.0,HIGH,Geopolitical escalation bearing on oil corridors,https://krude.energy/intelligence
EVT_0786,2026-08-20T08:00:00Z,News18 evening digest modi vs mamata over ram navami shobha yatra iran iraq war intensifies and other top stories,LLaMA Ground Truth / Other,Other,5.0,HIGH,Geopolitical escalation bearing on oil corridors,https://krude.energy/intelligence
EVT_0787,2026-08-20T08:00:00Z,Two air india flights flew over iran airspace a few hours before israel attack,LLaMA Ground Truth / Hormuz,Hormuz,5.0,HIGH,Airspace or route avoidance signalling Gulf conflict risk,https://krude.energy/intelligence
EVT_0788,2026-08-20T08:00:00Z,Venezuela oil production grew 18 after biden sanctions relief,LLaMA Ground Truth / Sanctions Policy,Other,2.0,LOW,"Sanctions relief, waiver or exemption",https://krude.energy/intelligence
EVT_0789,2026-08-20T08:00:00Z,Indias crude oil import bill drops 16 but import dependency hits new high,LLaMA Ground Truth / Other,Other,3.0,MEDIUM,"Routine trade, import or production statistic",https://krude.energy/intelligence
EVT_0790,2026-08-20T08:00:00Z,G7 foreign ministers meet in italy why it is significant mideast crisis sanctions on iran support for ukraine,LLaMA Ground Truth / Sanctions Policy,Other,5.0,HIGH,Sanctions policy development affecting oil trade,https://krude.energy/intelligence
EVT_0791,2026-08-20T08:00:00Z,Congressional leaders discussing iran oil sanctions,LLaMA Ground Truth / Sanctions Policy,Other,5.0,HIGH,Sanctions policy development affecting oil trade,https://krude.energy/intelligence
EVT_0792,2026-08-20T08:00:00Z,Israel will decide how to respond to iran pm benjamin netanyahu tells west amid calls for restraint,LLaMA Ground Truth / Other,Other,6.0,HIGH,Geopolitical escalation bearing on oil corridors,https://krude.energy/intelligence
EVT_0793,2026-08-20T08:00:00Z,India paid 16 less for the same amount of oil in fy,LLaMA Ground Truth / Other,Other,2.0,LOW,"Routine trade, import or production statistic",https://krude.energy/intelligence
EVT_0794,2026-08-20T08:00:00Z,Ann tessa joseph kerala woman among 17 indian crew members in cargo ship seized by iran returns india israel msc aries,LLaMA Ground Truth / Tanker Incident,Other,4.0,MEDIUM,"Aftermath of vessel incident, crew or release status",https://krude.energy/intelligence
EVT_0795,2026-08-20T08:00:00Z,Del37 newsalert indian iran ship,LLaMA Ground Truth / Tanker Incident,Other,6.0,HIGH,"Aftermath of vessel incident, crew or release status",https://krude.energy/intelligence
EVT_0796,2026-08-20T08:00:00Z,Israel drone attack iran,LLaMA Ground Truth / Other,Other,7.0,HIGH,Geopolitical escalation bearing on oil corridors,https://krude.energy/intelligence
EVT_0797,2026-08-20T08:00:00Z,Retaliatory spiral in middle east must end says un chief after reported strikes on iran,LLaMA Ground Truth / Other,Other,7.0,HIGH,Geopolitical escalation bearing on oil corridors,https://krude.energy/intelligence
EVT_0798,2026-08-20T08:00:00Z,Thats enough israel iran should now stand down,LLaMA Ground Truth / Other,Other,5.0,HIGH,De-escalatory diplomacy on oil-related tension,https://krude.energy/intelligence
EVT_0799,2026-08-20T08:00:00Z,Four ways israel hamas iran conflict volatile middle east,LLaMA Ground Truth / Other,Other,6.0,HIGH,Geopolitical escalation bearing on oil corridors,https://krude.energy/intelligence
EVT_0800,2026-08-20T08:00:00Z,.ship traffic suez canal plunges two thirds red sea attacks,LLaMA Ground Truth / Red Sea,Bab-el-Mandeb,9.0,CRITICAL,Carriers rerouting or suspending Red Sea transits,https://krude.energy/intelligence
EVT_0801,2026-08-20T08:00:00Z,Middle east conflict live houthis resume red sea attacks israel lebanon border tensions intensify,LLaMA Ground Truth / Red Sea,Bab-el-Mandeb,8.0,CRITICAL,Confirmed attack on Red Sea or Gulf of Aden shipping,https://krude.energy/intelligence
EVT_0802,2026-08-20T08:00:00Z,Israel iran gaza hamas conflict latest,LLaMA Ground Truth / Other,Other,6.0,HIGH,Geopolitical escalation bearing on oil corridors,https://krude.energy/intelligence
EVT_0803,2026-08-20T08:00:00Z,Tether freeze accounts following reports venezuelan oil company using usdt evade sanctions,LLaMA Ground Truth / Sanctions Policy,Other,4.0,MEDIUM,Sanctions policy development affecting oil trade,https://krude.energy/intelligence
EVT_0804,2026-08-20T08:00:00Z,Yemen warn us possess deterrent weapons hostile actions red sea attacks ships,LLaMA Ground Truth / Red Sea,Bab-el-Mandeb,7.0,HIGH,Confirmed attack on Red Sea or Gulf of Aden shipping,https://krude.energy/intelligence
EVT_0805,2026-08-20T08:00:00Z,Govts firm stand on buying russian oil saves 8 billion in indias import bill,LLaMA Ground Truth / India-Russia Trade,Other,2.0,LOW,India-Russia crude trade development,https://krude.energy/intelligence
EVT_0806,2026-08-20T08:00:00Z,Jp morgan is looking for opec to extend its output cuts into h2 of this year,LLaMA Ground Truth / OPEC/Production,Other,4.0,MEDIUM,OPEC or producer output policy,https://krude.energy/intelligence
EVT_0807,2026-08-20T08:00:00Z,Unrest in middle east strong chinese data push oil prices higher,LLaMA Ground Truth / Other,Other,5.0,HIGH,Oil price move driven by supply risk,https://krude.energy/intelligence
EVT_0808,2026-08-20T08:00:00Z,Us keeps option of sanctions open after india signs port deal with iran,LLaMA Ground Truth / Sanctions Policy,Other,5.0,HIGH,"Sanctions tightened, extended or threatened",https://krude.energy/intelligence
EVT_0809,2026-08-20T08:00:00Z,Irans chabahar port will benefit entire region eam jaishankar reacts to us sanctions warning,LLaMA Ground Truth / Other,Other,3.0,MEDIUM,India crude sourcing or supplier development,https://krude.energy/intelligence
EVT_0810,2026-08-20T08:00:00Z,India asks iran to release nearly 40 indian seafarers from custody,LLaMA Ground Truth / Tanker Incident,Other,4.0,MEDIUM,"Aftermath of vessel incident, crew or release status",https://krude.energy/intelligence
EVT_0811,2026-08-20T08:00:00Z,Not just the us but the whole world wanted us ambassador eric garcetti on indian purchase of russian oil,LLaMA Ground Truth / India-Russia Trade,Other,3.0,MEDIUM,India-Russia crude trade development,https://krude.energy/intelligence
EVT_0812,2026-08-20T08:00:00Z,Venezuelan oil production stutters as reimposed us sanctions hamper deals,LLaMA Ground Truth / Sanctions Policy,Other,4.0,MEDIUM,Sanctions policy development affecting oil trade,https://krude.energy/intelligence
EVT_0813,2026-08-20T08:00:00Z,Indian oil signs second long term lng deal with frances totalenergies,LLaMA Ground Truth / Other,Other,2.0,LOW,India crude sourcing or supplier development,https://krude.energy/intelligence
EVT_0814,2026-08-20T08:00:00Z,The india iran chabahar port project will test our diplomacy,LLaMA Ground Truth / Other,Other,3.0,MEDIUM,India crude sourcing or supplier development,https://krude.energy/intelligence
EVT_0815,2026-08-20T08:00:00Z,Iran and south caucasus a geopolitical tinderbox,LLaMA Ground Truth / Other,Other,4.0,MEDIUM,Geopolitical escalation bearing on oil corridors,https://krude.energy/intelligence
EVT_0816,2026-08-20T08:00:00Z,Imo calls for immediate end to red sea attacks,LLaMA Ground Truth / Red Sea,Bab-el-Mandeb,7.0,HIGH,Naval or military response in the Red Sea,https://krude.energy/intelligence
EVT_0817,2026-08-20T08:00:00Z,Opec expected to extend oil production cuts,LLaMA Ground Truth / OPEC/Production,Other,4.0,MEDIUM,OPEC or producer output policy,https://krude.energy/intelligence
EVT_0818,2026-08-20T08:00:00Z,Pentagon chief extends deployment of aircraft carrier ships in the red sea as houthi attacks go on,LLaMA Ground Truth / Red Sea,Bab-el-Mandeb,7.0,HIGH,Naval or military response in the Red Sea,https://krude.energy/intelligence
EVT_0819,2026-08-20T08:00:00Z,Opec+ agrees to extend output cuts to buttress oil prices,LLaMA Ground Truth / OPEC/Production,Other,5.0,HIGH,OPEC or producer output policy,https://krude.energy/intelligence
EVT_0820,2026-08-20T08:00:00Z,W africa crude indias hpcl secures two oil cargoes,LLaMA Ground Truth / Other,Other,2.0,LOW,India crude sourcing or supplier development,https://krude.energy/intelligence
EVT_0821,2026-08-20T08:00:00Z,Opec+ extends deep oil production cuts into,LLaMA Ground Truth / OPEC/Production,Other,5.0,HIGH,OPEC or producer output policy,https://krude.energy/intelligence
EVT_0822,2026-08-20T08:00:00Z,Nigeria reaffirms commitment as opec extends oil output cuts into,LLaMA Ground Truth / OPEC/Production,Other,4.0,MEDIUM,OPEC or producer output policy,https://krude.energy/intelligence
EVT_0823,2026-08-20T08:00:00Z,Red sea attacks said more disruptive,LLaMA Ground Truth / Red Sea,Bab-el-Mandeb,8.0,CRITICAL,Confirmed attack on Red Sea or Gulf of Aden shipping,https://krude.energy/intelligence
EVT_0824,2026-08-20T08:00:00Z,Will chinas support help uae dispute iran over hormuz islands,LLaMA Ground Truth / Hormuz,Hormuz,5.0,HIGH,"Tension or rhetoric around Hormuz, no incident",https://krude.energy/intelligence
EVT_0825,2026-08-20T08:00:00Z,India eyes oil deals with nations including russia minister says,LLaMA Ground Truth / Other,Other,3.0,MEDIUM,India crude sourcing or supplier development,https://krude.energy/intelligence
EVT_0826,2026-08-20T08:00:00Z,It would be bad idea japan sanction indian companies anti russian pretexts,LLaMA Ground Truth / Sanctions Policy,Other,4.0,MEDIUM,Sanctions policy development affecting oil trade,https://krude.energy/intelligence
EVT_0827,2026-08-20T08:00:00Z,Trauma from red sea attacks adds to seafarer shortage,LLaMA Ground Truth / Red Sea,Bab-el-Mandeb,7.0,HIGH,Confirmed attack on Red Sea or Gulf of Aden shipping,https://krude.energy/intelligence
EVT_0828,2026-08-20T08:00:00Z,The latest a second ship sinks as yemeni rebels step up red sea attacks o,LLaMA Ground Truth / Red Sea,Bab-el-Mandeb,8.0,CRITICAL,Confirmed attack on Red Sea or Gulf of Aden shipping,https://krude.energy/intelligence
EVT_0829,2026-08-20T08:00:00Z,Greek owned ship sinks in red sea after attack by iranian backed houthis,LLaMA Ground Truth / Red Sea,Bab-el-Mandeb,8.0,CRITICAL,Confirmed attack on Red Sea or Gulf of Aden shipping,https://krude.energy/intelligence
EVT_0830,2026-08-20T08:00:00Z,The uss dwight d eisenhower leaves the red sea as houthi attacks continue,LLaMA Ground Truth / Red Sea,Bab-el-Mandeb,7.0,HIGH,Naval or military response in the Red Sea,https://krude.energy/intelligence
EVT_0831,2026-08-20T08:00:00Z,Japan imposes sanctions on indian tech firm for helping russia evade trade curbs,LLaMA Ground Truth / Sanctions Policy,Other,5.0,HIGH,"Sanctions tightened, extended or threatened",https://krude.energy/intelligence
EVT_0832,2026-08-20T08:00:00Z,India and china top buyers of russian fuel oil in may lseg data shows,LLaMA Ground Truth / India-Russia Trade,Other,3.0,MEDIUM,India-Russia crude trade development,https://krude.energy/intelligence
EVT_0833,2026-08-20T08:00:00Z,Analysis singapore port congestion shows global ripple impact of red sea attacks,LLaMA Ground Truth / Red Sea,Bab-el-Mandeb,7.0,HIGH,Carriers rerouting or suspending Red Sea transits,https://krude.energy/intelligence
EVT_0834,2026-08-20T08:00:00Z,5 missiles land near ship in the red sea in likely the latest attack by yemens houthi rebels,LLaMA Ground Truth / Red Sea,Bab-el-Mandeb,8.0,CRITICAL,Confirmed attack on Red Sea or Gulf of Aden shipping,https://krude.energy/intelligence
EVT_0835,2026-08-20T08:00:00Z,Looking at resuming crude oil supply to india expanding trade basket iran,LLaMA Ground Truth / Other,Other,2.0,LOW,India crude sourcing or supplier development,https://krude.energy/intelligence
EVT_0836,2026-08-20T08:00:00Z,Explained how us sanctions on russian oil are shaping chinas and indias crude supply strategies,LLaMA Ground Truth / Sanctions Policy,Other,5.0,HIGH,Sanctions policy development affecting oil trade,https://krude.energy/intelligence
EVT_0837,2026-08-20T08:00:00Z,Us sanctions on russian oil tankers to hit imports trumps stance key official,LLaMA Ground Truth / Sanctions Policy,Other,6.0,HIGH,"Sanctions tightened, extended or threatened",https://krude.energy/intelligence
EVT_0838,2026-08-20T08:00:00Z,Economy indias crude import bill up 4 in april december,LLaMA Ground Truth / Other,Other,3.0,MEDIUM,"Routine trade, import or production statistic",https://krude.energy/intelligence
EVT_0839,2026-08-20T08:00:00Z,The prime ministers of slovakia and hungary are set to discuss measures to protect gas pipelines following an attack on the turkish stream pipeline,LLaMA Ground Truth / Infrastructure,Other,7.0,HIGH,"Energy infrastructure incident, outage or attack",https://krude.energy/intelligence
EVT_0840,2026-08-20T08:00:00Z,India widens approvals for russian insurers after oil sanctions,LLaMA Ground Truth / Sanctions Policy,Other,4.0,MEDIUM,Sanctions policy development affecting oil trade,https://krude.energy/intelligence
EVT_0841,2026-08-20T08:00:00Z,Indias bpcl sees march russian oil intake down 20 as it awaits offers,LLaMA Ground Truth / India-Russia Trade,Other,4.0,MEDIUM,India-Russia crude trade development,https://krude.energy/intelligence
EVT_0842,2026-08-20T08:00:00Z,Dp world sea freight prices could fall 20 if red sea attacks curbed,LLaMA Ground Truth / Other Maritime Route,Other,4.0,MEDIUM,Freight or war-risk insurance cost moving on corridor risk,https://krude.energy/intelligence
EVT_0843,2026-08-20T08:00:00Z,20 fall likely in sea freight costs if red sea attacks end dp world,LLaMA Ground Truth / Other Maritime Route,Other,4.0,MEDIUM,Freight or war-risk insurance cost moving on corridor risk,https://krude.energy/intelligence
EVT_0844,2026-08-20T08:00:00Z,India to provide 647 million to support strategic reserve oil purchases in,LLaMA Ground Truth / Infrastructure,Other,2.0,LOW,"Energy infrastructure capacity, repair or development",https://krude.energy/intelligence
EVT_0845,2026-08-20T08:00:00Z,Indias jan russian crude imports surge despite sanctions but risks loom,LLaMA Ground Truth / India-Russia Trade,Other,4.0,MEDIUM,India-Russia crude trade development,https://krude.energy/intelligence
EVT_0846,2026-08-20T08:00:00Z,Ahead of modi trump meet india backs chabahar project amid us pressure on iran,LLaMA Ground Truth / Other,Other,3.0,MEDIUM,India crude sourcing or supplier development,https://krude.energy/intelligence
EVT_0847,2026-08-20T08:00:00Z,Opec wont budge on production cuts,LLaMA Ground Truth / OPEC/Production,Other,5.0,HIGH,OPEC or producer output policy,https://krude.energy/intelligence
EVT_0848,2026-08-20T08:00:00Z,Indian company on uk s new sanctions package targeting russia supply chains,LLaMA Ground Truth / Sanctions Policy,Other,5.0,HIGH,"Sanctions tightened, extended or threatened",https://krude.energy/intelligence
EVT_0849,2026-08-20T08:00:00Z,India imports 49 bn euro worth of russian oil in 3rd year of ukraine invasion,LLaMA Ground Truth / India-Russia Trade,Other,3.0,MEDIUM,India-Russia crude trade development,https://krude.energy/intelligence
EVT_0850,2026-08-20T08:00:00Z,Trump venezuela chevron oil sanctions,LLaMA Ground Truth / Sanctions Policy,Other,5.0,HIGH,Sanctions policy development affecting oil trade,https://krude.energy/intelligence
EVT_0851,2026-08-20T08:00:00Z,Why israel helping irans staunch ally seeks us help support washingtons rival experts suggest turkey russia syria hezbollah,LLaMA Ground Truth / Other,Other,4.0,MEDIUM,Geopolitical escalation bearing on oil corridors,https://krude.energy/intelligence
EVT_0852,2026-08-20T08:00:00Z,Us lift sanctions russia normalise ties,LLaMA Ground Truth / Sanctions Policy,Other,2.0,LOW,"Sanctions relief, waiver or exemption",https://krude.energy/intelligence
EVT_0853,2026-08-20T08:00:00Z,"Us imposes sanctions on iranian oil minister, shadow fleet",LLaMA Ground Truth / Sanctions Policy,Other,5.0,HIGH,"Sanctions tightened, extended or threatened",https://krude.energy/intelligence
EVT_0854,2026-08-20T08:00:00Z,Red sea attacks houthis yemen,LLaMA Ground Truth / Red Sea,Bab-el-Mandeb,8.0,CRITICAL,Confirmed attack on Red Sea or Gulf of Aden shipping,https://krude.energy/intelligence
EVT_0855,2026-08-20T08:00:00Z,U s military offensive targets houthi rebels to stop their red sea shipping attacks,LLaMA Ground Truth / Red Sea,Bab-el-Mandeb,9.0,CRITICAL,Naval or military response in the Red Sea,https://krude.energy/intelligence
EVT_0856,2026-08-20T08:00:00Z,India china could be affected as trump plans tariffs on venezuelan oil buyers,LLaMA Ground Truth / Sanctions Policy,Other,5.0,HIGH,"Sanctions tightened, extended or threatened",https://krude.energy/intelligence
EVT_0857,2026-08-20T08:00:00Z,India set to tap vast oil reserves with multi billion dollar investments,LLaMA Ground Truth / Infrastructure,Other,2.0,LOW,"Energy infrastructure capacity, repair or development",https://krude.energy/intelligence
EVT_0858,2026-08-20T08:00:00Z,Trump warns iran negotiate nuclear deal tehran tariff bombing,LLaMA Ground Truth / Other,Other,6.0,HIGH,"Iran nuclear file, tied to the sanctions regime",https://krude.energy/intelligence
EVT_0859,2026-08-20T08:00:00Z,Iran prepares missiles to retaliate after trump s bombing threat over nuclear deal report,LLaMA Ground Truth / Other,Other,7.0,HIGH,Geopolitical escalation bearing on oil corridors,https://krude.energy/intelligence
EVT_0860,2026-08-20T08:00:00Z,Indianoil to set up petrochemicals complex at paradip for rs crore signs mou,LLaMA Ground Truth / Infrastructure,Other,2.0,LOW,"Energy infrastructure capacity, repair or development",https://krude.energy/intelligence
EVT_0861,2026-08-20T08:00:00Z,04 14 oando pipelines in nigerias oil rich bayelsa state hit by sabotage attacks,LLaMA Ground Truth / Infrastructure,Cape of Good Hope,7.0,HIGH,"Energy infrastructure incident, outage or attack",https://krude.energy/intelligence
EVT_0862,2026-08-20T08:00:00Z,Iran us to hold talks in rome in bid to reach nuclear deal,LLaMA Ground Truth / Other,Other,2.0,LOW,De-escalatory diplomacy on oil-related tension,https://krude.energy/intelligence
EVT_0863,2026-08-20T08:00:00Z,Iran saudi us iran talks,LLaMA Ground Truth / Other,Other,3.0,MEDIUM,De-escalatory diplomacy on oil-related tension,https://krude.energy/intelligence
EVT_0864,2026-08-20T08:00:00Z,Report massive explosion at iranian oil port shahid rajaei port in bandar abbas city kills 18 injures over 750 amid nuke talks with us,LLaMA Ground Truth / Infrastructure,Hormuz,8.0,CRITICAL,"Energy infrastructure incident, outage or attack",https://krude.energy/intelligence
EVT_0865,2026-08-20T08:00:00Z,Indian refiners scoop up russian espo crude as china steps back,LLaMA Ground Truth / India-Russia Trade,Other,3.0,MEDIUM,India-Russia crude trade development,https://krude.energy/intelligence
EVT_0866,2026-08-20T08:00:00Z,Us sanctions 4 uae based firms with india trade links over iranian oil dealings,LLaMA Ground Truth / Sanctions Policy,Other,6.0,HIGH,"Sanctions tightened, extended or threatened",https://krude.energy/intelligence
EVT_0867,2026-08-20T08:00:00Z,Us iran talks postponed new date depends trump,LLaMA Ground Truth / Other,Other,5.0,HIGH,Geopolitical escalation bearing on oil corridors,https://krude.energy/intelligence
EVT_0868,2026-08-20T08:00:00Z,Indias us crude imports surge nearly 100 on renewed energy diplomacy china tariffs,LLaMA Ground Truth / Other,Other,2.0,LOW,India crude sourcing or supplier development,https://krude.energy/intelligence
EVT_0869,2026-08-20T08:00:00Z,Iran warns europeans that reimposing sanctions,LLaMA Ground Truth / Sanctions Policy,Other,5.0,HIGH,"Sanctions tightened, extended or threatened",https://krude.energy/intelligence
EVT_0870,2026-08-20T08:00:00Z,Iran strengthens strait of hormuz defenses as nuclear talks move ahead,LLaMA Ground Truth / Hormuz,Hormuz,6.0,HIGH,Naval deployment or escort operation at Hormuz,https://krude.energy/intelligence
EVT_0871,2026-08-20T08:00:00Z,India eyes cheap oil to refill strategic reserves amid geopolitical turmoil,LLaMA Ground Truth / Infrastructure,Other,2.0,LOW,"Energy infrastructure capacity, repair or development",https://krude.energy/intelligence
EVT_0872,2026-08-20T08:00:00Z,Sliding oil prices have reopened the door to russian crude,LLaMA Ground Truth / India-Russia Trade,Other,3.0,MEDIUM,India-Russia crude trade development,https://krude.energy/intelligence
EVT_0873,2026-08-20T08:00:00Z,"India can increase imports of shale gas, lng, crude from us: official",LLaMA Ground Truth / Other,Other,2.0,LOW,India crude sourcing or supplier development,https://krude.energy/intelligence
EVT_0874,2026-08-20T08:00:00Z,Trouble ahead for netanyahu iran claims it has thousands of israel s nuclear secrets,LLaMA Ground Truth / Other,Other,5.0,HIGH,Geopolitical escalation bearing on oil corridors,https://krude.energy/intelligence
EVT_0875,2026-08-20T08:00:00Z,India central bank likely steps in after rupee buckles under oil shock,LLaMA Ground Truth / Other,Other,5.0,HIGH,Oil price move driven by supply risk,https://krude.energy/intelligence
EVT_0876,2026-08-20T08:00:00Z,Israel attacks irans nuclear sites its top military leaders iran retaliates with drones,LLaMA Ground Truth / Other,Other,8.0,CRITICAL,Geopolitical escalation bearing on oil corridors,https://krude.energy/intelligence
EVT_0877,2026-08-20T08:00:00Z,We are scared situation unpredictable indian students in tehran seek evacuation amid iran israel escalation,LLaMA Ground Truth / Other,Other,6.0,HIGH,Geopolitical escalation bearing on oil corridors,https://krude.energy/intelligence
EVT_0878,2026-08-20T08:00:00Z,India has adequate energy supplies union minister puri amid iran israel conflict,LLaMA Ground Truth / Other,Other,4.0,MEDIUM,India crude sourcing or supplier development,https://krude.energy/intelligence
EVT_0879,2026-08-20T08:00:00Z,Deeply concerned urge both sides to avoid escalatory steps india on iran israel situation,LLaMA Ground Truth / Other,Other,6.0,HIGH,Geopolitical escalation bearing on oil corridors,https://krude.energy/intelligence
EVT_0880,2026-08-20T08:00:00Z,Unite for freedom from evil and oppressive regime israel pm netanyahu tells iranians,LLaMA Ground Truth / Other,Other,6.0,HIGH,Geopolitical escalation bearing on oil corridors,https://krude.energy/intelligence
EVT_0881,2026-08-20T08:00:00Z,Air india indigo issue alerts as iran airspace closure disrupts flight operations,LLaMA Ground Truth / Hormuz,Hormuz,7.0,HIGH,Airspace or route avoidance signalling Gulf conflict risk,https://krude.energy/intelligence
EVT_0882,2026-08-20T08:00:00Z,Israels attack on iran bullish for oil prices but unlikely to last unless exports affected report,LLaMA Ground Truth / Other,Other,6.0,HIGH,Oil price move driven by supply risk,https://krude.energy/intelligence
EVT_0883,2026-08-20T08:00:00Z,Iran made preparations mine strait hormuz us sources say,LLaMA Ground Truth / Hormuz,Hormuz,8.0,CRITICAL,Threat to close or restrict passage through Hormuz,https://krude.energy/intelligence
EVT_0884,2026-08-20T08:00:00Z,Major chinese ports keep iranian oil flowing despite sanctions,LLaMA Ground Truth / Sanctions Policy,Other,4.0,MEDIUM,Sanctions policy development affecting oil trade,https://krude.energy/intelligence
EVT_0885,2026-08-20T08:00:00Z,Irans mine deployment in strait of hormuz raises global oil trade concerns,LLaMA Ground Truth / Hormuz,Hormuz,8.0,CRITICAL,Threat to close or restrict passage through Hormuz,https://krude.energy/intelligence
EVT_0886,2026-08-20T08:00:00Z,Expert explained why the west will fail to harm russia with oil price cap,LLaMA Ground Truth / Sanctions Policy,Other,4.0,MEDIUM,Sanctions policy development affecting oil trade,https://krude.energy/intelligence
EVT_0887,2026-08-20T08:00:00Z,Iran made preparations to mine the strait of hormuz us sourc w,LLaMA Ground Truth / Hormuz,Hormuz,8.0,CRITICAL,Threat to close or restrict passage through Hormuz,https://krude.energy/intelligence
EVT_0888,2026-08-20T08:00:00Z,Us sources allege iran made preparations to mine hormuz stra,LLaMA Ground Truth / Hormuz,Hormuz,8.0,CRITICAL,Threat to close or restrict passage through Hormuz,https://krude.energy/intelligence
EVT_0889,2026-08-20T08:00:00Z,Iran sets terms for dialogue demands credible guarantee from us on future attacks,LLaMA Ground Truth / Other,Other,4.0,MEDIUM,De-escalatory diplomacy on oil-related tension,https://krude.energy/intelligence
EVT_0890,2026-08-20T08:00:00Z,India russian oil imports 11 month high june us bill high tariffs,LLaMA Ground Truth / India-Russia Trade,Other,3.0,MEDIUM,India-Russia crude trade development,https://krude.energy/intelligence
EVT_0891,2026-08-20T08:00:00Z,Pentagon says us strikes on irans nuclear program set it back by two years,LLaMA Ground Truth / Other,Other,7.0,HIGH,Geopolitical escalation bearing on oil corridors,https://krude.energy/intelligence
EVT_0892,2026-08-20T08:00:00Z,Us unveils first iran oil sanctions after 12 day war truce,LLaMA Ground Truth / Sanctions Policy,Other,5.0,HIGH,"Sanctions tightened, extended or threatened",https://krude.energy/intelligence
EVT_0893,2026-08-20T08:00:00Z,.crew members set abandon ship red sea attack,LLaMA Ground Truth / Red Sea,Bab-el-Mandeb,8.0,CRITICAL,Confirmed attack on Red Sea or Gulf of Aden shipping,https://krude.energy/intelligence
EVT_0894,2026-08-20T08:00:00Z,Trump netanyahu meet in washington after victory iran hamas,LLaMA Ground Truth / Other,Other,4.0,MEDIUM,Geopolitical escalation bearing on oil corridors,https://krude.energy/intelligence
EVT_0895,2026-08-20T08:00:00Z,Pathbreaking reforms in petroleum natural gas sector draft png rules aims modernisation of indias upstream oil and gas framework,LLaMA Ground Truth / Infrastructure,Other,2.0,LOW,"Energy infrastructure capacity, repair or development",https://krude.energy/intelligence
EVT_0896,2026-08-20T08:00:00Z,Oil prices rise on strong gasoline demand red sea attacks,LLaMA Ground Truth / Other,Other,6.0,HIGH,Oil price move driven by supply risk,https://krude.energy/intelligence
EVT_0897,2026-08-20T08:00:00Z,Liberian cargo ship sinks in red sea after houthi attack 6 of 25 crew members rescued,LLaMA Ground Truth / Red Sea,Bab-el-Mandeb,8.0,CRITICAL,Confirmed attack on Red Sea or Gulf of Aden shipping,https://krude.energy/intelligence
EVT_0898,2026-08-20T08:00:00Z,Red sea houthis claim responsibility for attack on greek owned eternity c missing greek security personnel,LLaMA Ground Truth / Red Sea,Bab-el-Mandeb,8.0,CRITICAL,Confirmed attack on Red Sea or Gulf of Aden shipping,https://krude.energy/intelligence
EVT_0899,2026-08-20T08:00:00Z,Indian refiners eyeing canadian oil to diversify basket dastur energy ceo,LLaMA Ground Truth / Other,Other,2.0,LOW,India crude sourcing or supplier development,https://krude.energy/intelligence
EVT_0900,2026-08-20T08:00:00Z,Iran oil exports may trump sanctions failure,LLaMA Ground Truth / Sanctions Policy,Other,4.0,MEDIUM,Sanctions policy development affecting oil trade,https://krude.energy/intelligence
EVT_0901,2026-08-20T08:00:00Z,Russia 1 iraq 2 saudi arabia 3 despite threats from us india buying huge amount of oil from which country is on the top west asia israel iran uae,LLaMA Ground Truth / Other,Other,3.0,MEDIUM,"Routine trade, import or production statistic",https://krude.energy/intelligence
EVT_0902,2026-08-20T08:00:00Z,China india may need new oil options if trump moves on russia secondary tariffs threats,LLaMA Ground Truth / Sanctions Policy,Other,5.0,HIGH,"Sanctions tightened, extended or threatened",https://krude.energy/intelligence
EVT_0903,2026-08-20T08:00:00Z,Take a look or it might hit you very hard nato chief encourages india china brazil to stop trade with russia or face possible sanctions,LLaMA Ground Truth / Sanctions Policy,Other,5.0,HIGH,"Sanctions tightened, extended or threatened",https://krude.energy/intelligence
EVT_0904,2026-08-20T08:00:00Z,Eu envoy to india clarifies sanctions on russia says no disruption to global supply purchases,LLaMA Ground Truth / Sanctions Policy,Other,3.0,MEDIUM,Sanctions policy development affecting oil trade,https://krude.energy/intelligence
EVT_0905,2026-08-20T08:00:00Z,Donald trump will impose 100 tariffs on india china brazil over oil trade with russia us senator,LLaMA Ground Truth / Sanctions Policy,Other,5.0,HIGH,"Sanctions tightened, extended or threatened",https://krude.energy/intelligence
EVT_0906,2026-08-20T08:00:00Z,India defends energy trade debunks eu s sanctions against russia,LLaMA Ground Truth / Sanctions Policy,Other,4.0,MEDIUM,Sanctions policy development affecting oil trade,https://krude.energy/intelligence
EVT_0907,2026-08-20T08:00:00Z,President donald trump slaps 25 tariff on indian goods over russian energy ties prime minister narendra modi august 1 imports ukraine war,LLaMA Ground Truth / Sanctions Policy,Other,6.0,HIGH,"Sanctions tightened, extended or threatened",https://krude.energy/intelligence
EVT_0908,2026-08-20T08:00:00Z,Trump says india will face 25 tariffs and a penalty for buying russian oil and military equipment,LLaMA Ground Truth / Sanctions Policy,Other,6.0,HIGH,"Sanctions tightened, extended or threatened",https://krude.energy/intelligence
EVT_0909,2026-08-20T08:00:00Z,Trump india tariff penalty russian oil,LLaMA Ground Truth / Sanctions Policy,Other,5.0,HIGH,"Sanctions tightened, extended or threatened",https://krude.energy/intelligence
EVT_0910,2026-08-20T08:00:00Z,Trump announces 25 tariff on india unspecified penalties for buying russian oil,LLaMA Ground Truth / Sanctions Policy,Other,6.0,HIGH,"Sanctions tightened, extended or threatened",https://krude.energy/intelligence
EVT_0911,2026-08-20T08:00:00Z,What does us pakistan trade deal over oil reserves mean for india donald trump,LLaMA Ground Truth / Other,Other,3.0,MEDIUM,India crude sourcing or supplier development,https://krude.energy/intelligence
EVT_0912,2026-08-20T08:00:00Z,U s sanctions six indian companies over trade ties with iran,LLaMA Ground Truth / Sanctions Policy,Other,6.0,HIGH,"Sanctions tightened, extended or threatened",https://krude.energy/intelligence
EVT_0913,2026-08-20T08:00:00Z,United states news us using sanctions as tools to dictate its will on countries like iran and india says embassy of iran in india,LLaMA Ground Truth / Sanctions Policy,Other,4.0,MEDIUM,Sanctions policy development affecting oil trade,https://krude.energy/intelligence
EVT_0914,2026-08-20T08:00:00Z,Trump admin frustrated with india over russian oil,LLaMA Ground Truth / India-Russia Trade,Other,4.0,MEDIUM,India-Russia crude trade development,https://krude.energy/intelligence
EVT_0915,2026-08-20T08:00:00Z,Donald trump signs executive order revising tariffs india remains at 25 pakistans rate cut down to 19 after deal over massive oil reserves,LLaMA Ground Truth / Sanctions Policy,Other,5.0,HIGH,"Sanctions tightened, extended or threatened",https://krude.energy/intelligence
EVT_0916,2026-08-20T08:00:00Z,Indian oil refiners continue to source oil from russia,LLaMA Ground Truth / India-Russia Trade,Other,3.0,MEDIUM,India-Russia crude trade development,https://krude.energy/intelligence
EVT_0917,2026-08-20T08:00:00Z,India will buy russian oil despite trumps threats nyt reports,LLaMA Ground Truth / India-Russia Trade,Other,4.0,MEDIUM,India-Russia crude trade development,https://krude.energy/intelligence
EVT_0918,2026-08-20T08:00:00Z,India will continue to buy russian oil government sources say,LLaMA Ground Truth / India-Russia Trade,Other,4.0,MEDIUM,India-Russia crude trade development,https://krude.energy/intelligence
EVT_0919,2026-08-20T08:00:00Z,India to maintain russian oil imports despite trump threats,LLaMA Ground Truth / India-Russia Trade,Other,4.0,MEDIUM,India-Russia crude trade development,https://krude.energy/intelligence
EVT_0920,2026-08-20T08:00:00Z,Indias oil choices hold global consequences stopping russian imports could trigger 200 per barrel,LLaMA Ground Truth / India-Russia Trade,Other,6.0,HIGH,India-Russia crude trade development,https://krude.energy/intelligence
EVT_0921,2026-08-20T08:00:00Z,India faces 911 billion annual hit if forced to cut russian oil imports amid us tariff threats,LLaMA Ground Truth / India-Russia Trade,Other,5.0,HIGH,India-Russia crude trade development,https://krude.energy/intelligence
EVT_0922,2026-08-20T08:00:00Z,Opec agrees big output hike to finish unwinding round of cuts,LLaMA Ground Truth / OPEC/Production,Other,2.0,LOW,OPEC or producer output policy,https://krude.energy/intelligence
EVT_0923,2026-08-20T08:00:00Z,India hasn t given refiners directions not to buy russian oil,LLaMA Ground Truth / India-Russia Trade,Other,3.0,MEDIUM,India-Russia crude trade development,https://krude.energy/intelligence
EVT_0924,2026-08-20T08:00:00Z,Us white house dy chief of staff alleges india financed ukraine crisis by buying russian oil,LLaMA Ground Truth / India-Russia Trade,Other,4.0,MEDIUM,India-Russia crude trade development,https://krude.energy/intelligence
EVT_0925,2026-08-20T08:00:00Z,Trump aide criticizes india s russian oil imports amid ukrai,LLaMA Ground Truth / India-Russia Trade,Other,4.0,MEDIUM,India-Russia crude trade development,https://krude.energy/intelligence
EVT_0926,2026-08-20T08:00:00Z,Trump tariff threat effect indian oil buys 7 million barrels us canada middle east,LLaMA Ground Truth / Other,Other,3.0,MEDIUM,India crude sourcing or supplier development,https://krude.energy/intelligence
EVT_0927,2026-08-20T08:00:00Z,India calls western criticism of russian oil imports unjustified vows to protect economic security,LLaMA Ground Truth / India-Russia Trade,Other,3.0,MEDIUM,India-Russia crude trade development,https://krude.energy/intelligence
EVT_0928,2026-08-20T08:00:00Z,Unjustified unreasonable india warns of double standards as trump targets russian oil imports,LLaMA Ground Truth / India-Russia Trade,Other,4.0,MEDIUM,India-Russia crude trade development,https://krude.energy/intelligence
EVT_0929,2026-08-20T08:00:00Z,Targeted by us eu for importing russian oil indias strong 6 point response after trump threatens to substantially raise tariffs,LLaMA Ground Truth / Sanctions Policy,Other,5.0,HIGH,"Sanctions tightened, extended or threatened",https://krude.energy/intelligence
EVT_0930,2026-08-20T08:00:00Z,India targeted by us for importing oil from russia govt strong response to trump tariff threat,LLaMA Ground Truth / Sanctions Policy,Other,5.0,HIGH,"Sanctions tightened, extended or threatened",https://krude.energy/intelligence
EVT_0931,2026-08-20T08:00:00Z,United states news will raise tariff on india says us president donald trump over russia oil purchases,LLaMA Ground Truth / Sanctions Policy,Other,5.0,HIGH,"Sanctions tightened, extended or threatened",https://krude.energy/intelligence
EVT_0932,2026-08-20T08:00:00Z,Trump says he will substantially raise tariffs on india over russian oil purchases,LLaMA Ground Truth / Sanctions Policy,Other,5.0,HIGH,"Sanctions tightened, extended or threatened",https://krude.energy/intelligence
EVT_0933,2026-08-20T08:00:00Z,India navigating delicate russian oil trade amid us threat,LLaMA Ground Truth / India-Russia Trade,Other,4.0,MEDIUM,India-Russia crude trade development,https://krude.energy/intelligence
EVT_0934,2026-08-20T08:00:00Z,Trump vows substantially raise tariffs india for buying russian oil president sanctions putin open market ukraine china,LLaMA Ground Truth / Sanctions Policy,Other,5.0,HIGH,"Sanctions tightened, extended or threatened",https://krude.energy/intelligence
EVT_0935,2026-08-20T08:00:00Z,Trump threatens to substantially raise tariffs on indian goods as it continues to buy russian oil,LLaMA Ground Truth / Sanctions Policy,Other,5.0,HIGH,"Sanctions tightened, extended or threatened",https://krude.energy/intelligence
EVT_0936,2026-08-20T08:00:00Z,India slams unjustified action by us eu over its russian oil purchases,LLaMA Ground Truth / India-Russia Trade,Other,4.0,MEDIUM,India-Russia crude trade development,https://krude.energy/intelligence
EVT_0937,2026-08-20T08:00:00Z,Us encouraged india buy russian oil stabilise global energy 836,LLaMA Ground Truth / India-Russia Trade,Other,3.0,MEDIUM,India-Russia crude trade development,https://krude.energy/intelligence
EVT_0938,2026-08-20T08:00:00Z,Donald trump on slippery slope on tariff threats to india over russian oil ws l,LLaMA Ground Truth / Sanctions Policy,Other,4.0,MEDIUM,"Sanctions tightened, extended or threatened",https://krude.energy/intelligence
EVT_0939,2026-08-20T08:00:00Z,Kremlin slams trumps threat to hike tariffs on india over russian oil purchases,LLaMA Ground Truth / India-Russia Trade,Other,4.0,MEDIUM,India-Russia crude trade development,https://krude.energy/intelligence
EVT_0940,2026-08-20T08:00:00Z,How india helped europe us and the world by importing oil from russia,LLaMA Ground Truth / India-Russia Trade,Other,3.0,MEDIUM,India-Russia crude trade development,https://krude.energy/intelligence
EVT_0941,2026-08-20T08:00:00Z,Trump threatens india with secondary sanctions over russian oil purchases what next,LLaMA Ground Truth / Sanctions Policy,Other,6.0,HIGH,"Sanctions tightened, extended or threatened",https://krude.energy/intelligence
EVT_0942,2026-08-20T08:00:00Z,Nsa ajit doval moscow amid us tariff threat over indias russian oil purchases,LLaMA Ground Truth / India-Russia Trade,Other,4.0,MEDIUM,India-Russia crude trade development,https://krude.energy/intelligence
EVT_0943,2026-08-20T08:00:00Z,India points finger at china turkey after trump slaps additional 25 tariff due to russian oil imports,LLaMA Ground Truth / Sanctions Policy,Other,5.0,HIGH,"Sanctions tightened, extended or threatened",https://krude.energy/intelligence
EVT_0944,2026-08-20T08:00:00Z,Trump slaps additional 25 per cent tariff on indian imports over russian oil purchases,LLaMA Ground Truth / Sanctions Policy,Other,6.0,HIGH,"Sanctions tightened, extended or threatened",https://krude.energy/intelligence
EVT_0945,2026-08-20T08:00:00Z,U s india trade tensions escalate with new tariff over russian oil,LLaMA Ground Truth / Sanctions Policy,Other,6.0,HIGH,"Sanctions tightened, extended or threatened",https://krude.energy/intelligence
EVT_0946,2026-08-20T08:00:00Z,Trump tariffs india russia oil ukraine white house,LLaMA Ground Truth / Sanctions Policy,Other,5.0,HIGH,"Sanctions tightened, extended or threatened",https://krude.energy/intelligence
EVT_0947,2026-08-20T08:00:00Z,President trump imposes new 25 percent tariff on india for buying russian oil raising total to 50 russia ukraine war ceasefire peace deal secondary taxes,LLaMA Ground Truth / Sanctions Policy,Other,6.0,HIGH,"Sanctions tightened, extended or threatened",https://krude.energy/intelligence
EVT_0948,2026-08-20T08:00:00Z,Trump slaps india with additional 25 tariff for buying russian oil,LLaMA Ground Truth / Sanctions Policy,Other,6.0,HIGH,"Sanctions tightened, extended or threatened",https://krude.energy/intelligence
EVT_0949,2026-08-20T08:00:00Z,Us tariffs test india oil slips asia shows resilience,LLaMA Ground Truth / Other,Other,4.0,MEDIUM,Oil price move driven by supply risk,https://krude.energy/intelligence
EVT_0950,2026-08-20T08:00:00Z,Trump hits india with new 25 tariffs over russian oil imports,LLaMA Ground Truth / Sanctions Policy,Other,6.0,HIGH,"Sanctions tightened, extended or threatened",https://krude.energy/intelligence
EVT_0951,2026-08-20T08:00:00Z,Why india must reject us demands to cut russian oil,LLaMA Ground Truth / India-Russia Trade,Other,4.0,MEDIUM,India-Russia crude trade development,https://krude.energy/intelligence
EVT_0952,2026-08-20T08:00:00Z,Indian envoy discusses energy security with us senator lindsey graham amid tensions over russian oil imports,LLaMA Ground Truth / India-Russia Trade,Other,4.0,MEDIUM,India-Russia crude trade development,https://krude.energy/intelligence
EVT_0953,2026-08-20T08:00:00Z,Trump says he could impose more tariffs on china similar to india duties over russian oil,LLaMA Ground Truth / Sanctions Policy,Other,5.0,HIGH,"Sanctions tightened, extended or threatened",https://krude.energy/intelligence
EVT_0954,2026-08-20T08:00:00Z,India us spat over trade and oil threatens wider fallout,LLaMA Ground Truth / Sanctions Policy,Other,5.0,HIGH,"Sanctions tightened, extended or threatened",https://krude.energy/intelligence
EVT_0955,2026-08-20T08:00:00Z,Report crude diplomacy can anything break the india russia bond,LLaMA Ground Truth / India-Russia Trade,Other,3.0,MEDIUM,India-Russia crude trade development,https://krude.energy/intelligence
EVT_0956,2026-08-20T08:00:00Z,Irans leadership weighs path forward after us israeli strikes,LLaMA Ground Truth / Other,Other,6.0,HIGH,Geopolitical escalation bearing on oil corridors,https://krude.energy/intelligence
EVT_0957,2026-08-20T08:00:00Z,Trump links us tariffs on india to russia talks new delhi rejects oil import pause claim,LLaMA Ground Truth / Sanctions Policy,Other,5.0,HIGH,"Sanctions tightened, extended or threatened",https://krude.energy/intelligence
EVT_0958,2026-08-20T08:00:00Z,Indian pm announced launching exploration of country s deep water oil and gas deposits,LLaMA Ground Truth / Infrastructure,Other,2.0,LOW,"Energy infrastructure capacity, repair or development",https://krude.energy/intelligence
EVT_0959,2026-08-20T08:00:00Z,Trump signals us may not impose secondary tariffs on india over russian oil,LLaMA Ground Truth / Sanctions Policy,Other,2.0,LOW,"Sanctions relief, waiver or exemption",https://krude.energy/intelligence
EVT_0960,2026-08-20T08:00:00Z,Trump india additional 25 tariffs buying russian oil,LLaMA Ground Truth / Sanctions Policy,Other,6.0,HIGH,"Sanctions tightened, extended or threatened",https://krude.energy/intelligence
EVT_0961,2026-08-20T08:00:00Z,Chinas oil imports from russia up in july no us shipments no trump tariff yet,LLaMA Ground Truth / Sanctions Policy,Other,3.0,MEDIUM,Sanctions policy development affecting oil trade,https://krude.energy/intelligence
EVT_0962,2026-08-20T08:00:00Z,If the west criticises it means you are doing everything right russias charge daffaires in india reflects on us tariffs on purchase of russian oil,LLaMA Ground Truth / India-Russia Trade,Other,3.0,MEDIUM,India-Russia crude trade development,https://krude.energy/intelligence
EVT_0963,2026-08-20T08:00:00Z,Ukrainian arrested over nord stream pipeline attacks,LLaMA Ground Truth / Infrastructure,Other,5.0,HIGH,"Energy infrastructure incident, outage or attack",https://krude.energy/intelligence
EVT_0964,2026-08-20T08:00:00Z,Us asked india to stabilise energy markets jaishankar defends russian oil purchase,LLaMA Ground Truth / India-Russia Trade,Other,3.0,MEDIUM,India-Russia crude trade development,https://krude.energy/intelligence
EVT_0965,2026-08-20T08:00:00Z,Italy arrests ukrainian over nord stream pipeline attacks german prosecutors say,LLaMA Ground Truth / Infrastructure,Other,5.0,HIGH,"Energy infrastructure incident, outage or attack",https://krude.energy/intelligence
EVT_0966,2026-08-20T08:00:00Z,Indias oil purchase from us increasing were not biggest buyer of russian oil eam jaishankar,LLaMA Ground Truth / Other,Other,2.0,LOW,India crude sourcing or supplier development,https://krude.energy/intelligence
EVT_0967,2026-08-20T08:00:00Z,Nord stream pipeline attacks ukrainian arrested in italy in major breakthrough,LLaMA Ground Truth / Infrastructure,Other,5.0,HIGH,"Energy infrastructure incident, outage or attack",https://krude.energy/intelligence
EVT_0968,2026-08-20T08:00:00Z,If you have problem buying oil from india dont buy it jaishankar criticises us tariff hike,LLaMA Ground Truth / India-Russia Trade,Other,4.0,MEDIUM,India-Russia crude trade development,https://krude.energy/intelligence
EVT_0969,2026-08-20T08:00:00Z,India must take trump point over rubian oil seriously nikki haley on us tarrifs,LLaMA Ground Truth / India-Russia Trade,Other,4.0,MEDIUM,India-Russia crude trade development,https://krude.energy/intelligence
EVT_0970,2026-08-20T08:00:00Z,India will buy oil from wherever it gets best deal indian envoy slams us tariffs as unfair unjustified,LLaMA Ground Truth / India-Russia Trade,Other,4.0,MEDIUM,India-Russia crude trade development,https://krude.energy/intelligence
EVT_0971,2026-08-20T08:00:00Z,India will buy oil where it gets best deal indian envoy to russia,LLaMA Ground Truth / India-Russia Trade,Other,3.0,MEDIUM,India-Russia crude trade development,https://krude.energy/intelligence
EVT_0972,2026-08-20T08:00:00Z,Oil penalty on india aggressive leverage to force russia vance,LLaMA Ground Truth / Sanctions Policy,Other,5.0,HIGH,"Sanctions tightened, extended or threatened",https://krude.energy/intelligence
EVT_0973,2026-08-20T08:00:00Z,Us tariffs on indian goods double to 50 pct over russian oil purchases,LLaMA Ground Truth / Sanctions Policy,Other,6.0,HIGH,"Sanctions tightened, extended or threatened",https://krude.energy/intelligence
EVT_0974,2026-08-20T08:00:00Z,Us tariffs india russian oil imports,LLaMA Ground Truth / Sanctions Policy,Other,5.0,HIGH,"Sanctions tightened, extended or threatened",https://krude.energy/intelligence
EVT_0975,2026-08-20T08:00:00Z,Hungary bans ukraines commander behind druzhba pipeline attack from entering country,LLaMA Ground Truth / Infrastructure,Other,6.0,HIGH,"Energy infrastructure incident, outage or attack",https://krude.energy/intelligence
EVT_0976,2026-08-20T08:00:00Z,India hit with 50 tariff for oil trade,LLaMA Ground Truth / Sanctions Policy,Other,6.0,HIGH,"Sanctions tightened, extended or threatened",https://krude.energy/intelligence
EVT_0977,2026-08-20T08:00:00Z,Hungary bans entry of ukrainian commander over druzhba pipeline attack,LLaMA Ground Truth / Infrastructure,Other,6.0,HIGH,"Energy infrastructure incident, outage or attack",https://krude.energy/intelligence
EVT_0978,2026-08-20T08:00:00Z,No india is not profiteering from russian oil export is same energy expert counters navarro,LLaMA Ground Truth / India-Russia Trade,Other,3.0,MEDIUM,India-Russia crude trade development,https://krude.energy/intelligence
EVT_0979,2026-08-20T08:00:00Z,India has turned into oil money laundromat for kremlin trump aide,LLaMA Ground Truth / India-Russia Trade,Other,4.0,MEDIUM,India-Russia crude trade development,https://krude.energy/intelligence
EVT_0980,2026-08-20T08:00:00Z,Putins war chest trump aides fresh indiarussia oil mathemati,LLaMA Ground Truth / India-Russia Trade,Other,4.0,MEDIUM,India-Russia crude trade development,https://krude.energy/intelligence
EVT_0981,2026-08-20T08:00:00Z,Modi putin set to meet on monday in shadow of trump tariff over oil,LLaMA Ground Truth / India-Russia Trade,Other,4.0,MEDIUM,India-Russia crude trade development,https://krude.energy/intelligence
EVT_0982,2026-08-20T08:00:00Z,"Modi and putin meet on summit sidelines as india faces steep us tariff over russian oil imports,",LLaMA Ground Truth / India-Russia Trade,Other,4.0,MEDIUM,India-Russia crude trade development,https://krude.energy/intelligence
EVT_0983,2026-08-20T08:00:00Z,Report amid donald trump 50 percent us tariff on india russia makes big offer to new delhi will give discount on ural grade oil vladimir putin ukraine war peter navarro sco summit,LLaMA Ground Truth / India-Russia Trade,Other,3.0,MEDIUM,India-Russia crude trade development,https://krude.energy/intelligence
EVT_0984,2026-08-20T08:00:00Z,After india trump accuses europe of funding ukraine war through russian oil urges economic pressure,LLaMA Ground Truth / Sanctions Policy,Other,4.0,MEDIUM,Sanctions policy development affecting oil trade,https://krude.energy/intelligence
EVT_0985,2026-08-20T08:00:00Z,India to continue russian oil purchases despite us tariffs,LLaMA Ground Truth / India-Russia Trade,Other,4.0,MEDIUM,India-Russia crude trade development,https://krude.energy/intelligence
EVT_0986,2026-08-20T08:00:00Z,India buys russian oil purely to feed russia war machine wh trade advisor peter navarro,LLaMA Ground Truth / India-Russia Trade,Other,4.0,MEDIUM,India-Russia crude trade development,https://krude.energy/intelligence
EVT_0987,2026-08-20T08:00:00Z,India russia talks highlight energy and trade cooperation,LLaMA Ground Truth / India-Russia Trade,Other,3.0,MEDIUM,India-Russia crude trade development,https://krude.energy/intelligence
EVT_0988,2026-08-20T08:00:00Z,Peter navarro cries foul after being fact checked over india russian oil purchases,LLaMA Ground Truth / India-Russia Trade,Other,3.0,MEDIUM,India-Russia crude trade development,https://krude.energy/intelligence
EVT_0989,2026-08-20T08:00:00Z,Zelenskyy trump tariffs india russian oil trade ukraine war,LLaMA Ground Truth / Sanctions Policy,Other,4.0,MEDIUM,"Sanctions tightened, extended or threatened",https://krude.energy/intelligence
EVT_0990,2026-08-20T08:00:00Z,Trumps aide navarro criticises india again over russian oil purchases,LLaMA Ground Truth / India-Russia Trade,Other,4.0,MEDIUM,India-Russia crude trade development,https://krude.energy/intelligence
EVT_0991,2026-08-20T08:00:00Z,The u s is a major importer of indian products made from russian oil,LLaMA Ground Truth / India-Russia Trade,Other,3.0,MEDIUM,India-Russia crude trade development,https://krude.energy/intelligence
EVT_0992,2026-08-20T08:00:00Z,Indian oil led refiners seek to fully revive russia oil imports in pushback to us tariffs,LLaMA Ground Truth / India-Russia Trade,Other,4.0,MEDIUM,India-Russia crude trade development,https://krude.energy/intelligence
EVT_0993,2026-08-20T08:00:00Z,India will undoubtedly buy oil from russia finance minister,LLaMA Ground Truth / India-Russia Trade,Other,3.0,MEDIUM,India-Russia crude trade development,https://krude.energy/intelligence
EVT_0994,2026-08-20T08:00:00Z,India iran armenia hold 3rd trilateral consultations in tehran,LLaMA Ground Truth / Other,Other,3.0,MEDIUM,India crude sourcing or supplier development,https://krude.energy/intelligence
EVT_0995,2026-08-20T08:00:00Z,Iran iaea announce agreement on resuming nuclear inspections,LLaMA Ground Truth / Other,Other,2.0,LOW,"Iran nuclear file, tied to the sanctions regime",https://krude.energy/intelligence
EVT_0996,2026-08-20T08:00:00Z,Trump asks eu to slap 100 tarif on countries including india for buying russian oil,LLaMA Ground Truth / Sanctions Policy,Other,5.0,HIGH,"Sanctions tightened, extended or threatened",https://krude.energy/intelligence
EVT_0997,2026-08-20T08:00:00Z,Russian oil remains crystal clear sticking point despite modi trump thaw what top us officials say on tariffs now,LLaMA Ground Truth / Sanctions Policy,Other,4.0,MEDIUM,Sanctions policy development affecting oil trade,https://krude.energy/intelligence
EVT_0998,2026-08-20T08:00:00Z,Pm modi bats for ethanol says india needs more fuel alternatives to oil and gas,LLaMA Ground Truth / Other,Other,2.0,LOW,India crude sourcing or supplier development,https://krude.energy/intelligence
EVT_0999,2026-08-20T08:00:00Z,At least 40 fuel tankers burned in al qaeda linked attack in mali sources say,LLaMA Ground Truth / Infrastructure,Other,6.0,HIGH,"Energy infrastructure incident, outage or attack",https://krude.energy/intelligence
EVT_1000,2026-08-20T08:00:00Z,Report donald trump trade advisor peter navarro attacks india again day before crucial india us trade deal talks in new delhi top negotiator branden lynch russian oil tariffs news and updates,LLaMA Ground Truth / India-Russia Trade,Other,4.0,MEDIUM,India-Russia crude trade development,https://krude.energy/intelligence
EVT_1001,2026-08-20T08:00:00Z,India tariffs russian oil discount,LLaMA Ground Truth / India-Russia Trade,Other,4.0,MEDIUM,India-Russia crude trade development,https://krude.energy/intelligence
EVT_1002,2026-08-20T08:00:00Z,Us presses india to include russian oil imports in trade talks,LLaMA Ground Truth / Sanctions Policy,Other,5.0,HIGH,"Sanctions tightened, extended or threatened",https://krude.energy/intelligence
EVT_1003,2026-08-20T08:00:00Z,Thats something we hope we can fix marco rubio on measures taken against india for russian oil purchases,LLaMA Ground Truth / Sanctions Policy,Other,4.0,MEDIUM,Sanctions policy development affecting oil trade,https://krude.energy/intelligence
EVT_1004,2026-08-20T08:00:00Z,Trump calls china india primary funders of ukraine war over russian oil purchases at unga,LLaMA Ground Truth / Sanctions Policy,Other,4.0,MEDIUM,"Sanctions tightened, extended or threatened",https://krude.energy/intelligence
EVT_1005,2026-08-20T08:00:00Z,Dont want to punish india but after trump us energy secy flags purchase of russian oil,LLaMA Ground Truth / Sanctions Policy,Other,4.0,MEDIUM,"Sanctions tightened, extended or threatened",https://krude.energy/intelligence
EVT_1006,2026-08-20T08:00:00Z,India can buy oil from anyone but russia us official,LLaMA Ground Truth / Sanctions Policy,Other,5.0,HIGH,"Sanctions tightened, extended or threatened",https://krude.energy/intelligence
EVT_1007,2026-08-20T08:00:00Z,Us tells india that russian oil curbs are key to trade deal progress,LLaMA Ground Truth / Sanctions Policy,Other,5.0,HIGH,"Sanctions tightened, extended or threatened",https://krude.energy/intelligence
EVT_1008,2026-08-20T08:00:00Z,Report this country is biggest importer of russia s most diverse crude oil not india china it is,LLaMA Ground Truth / India-Russia Trade,Other,3.0,MEDIUM,India-Russia crude trade development,https://krude.energy/intelligence
EVT_1009,2026-08-20T08:00:00Z,Putins visit test india us sticky ties amid pressure over oil weapons trade,LLaMA Ground Truth / India-Russia Trade,Other,4.0,MEDIUM,India-Russia crude trade development,https://krude.energy/intelligence
EVT_1010,2026-08-20T08:00:00Z,India likely to buy more russian oil in coming months bloomberg,LLaMA Ground Truth / India-Russia Trade,Other,3.0,MEDIUM,India-Russia crude trade development,https://krude.energy/intelligence
EVT_1011,2026-08-20T08:00:00Z,.starmer says issue india buying russian oil raised modi directly,LLaMA Ground Truth / India-Russia Trade,Other,4.0,MEDIUM,India-Russia crude trade development,https://krude.energy/intelligence
EVT_1012,2026-08-20T08:00:00Z,Us sanctions over 50 entities including indian nationals for facilitating iranian energy exports,LLaMA Ground Truth / Sanctions Policy,Other,6.0,HIGH,"Sanctions tightened, extended or threatened",https://krude.energy/intelligence
EVT_1013,2026-08-20T08:00:00Z,After tariff war trump admin takes big move against india sanctions over 50 entities including 3 indian nationals due to facilitating iranian energy exports says degrading iran cash flow,LLaMA Ground Truth / Sanctions Policy,Other,6.0,HIGH,"Sanctions tightened, extended or threatened",https://krude.energy/intelligence
EVT_1014,2026-08-20T08:00:00Z,Who are the indian nationals among 50 entities sanctioned by the us for aiding irans energy trade,LLaMA Ground Truth / Sanctions Policy,Other,5.0,HIGH,"Sanctions tightened, extended or threatened",https://krude.energy/intelligence
EVT_1015,2026-08-20T08:00:00Z,Trump claims india will stop buying russian oil escalating pressure on moscow over ukraine war,LLaMA Ground Truth / India-Russia Trade,Other,4.0,MEDIUM,India-Russia crude trade development,https://krude.energy/intelligence
EVT_1016,2026-08-20T08:00:00Z,India eu trade talks near close trump claims modi vowed off russian oil bihar elections and more,LLaMA Ground Truth / India-Russia Trade,Other,4.0,MEDIUM,India-Russia crude trade development,https://krude.energy/intelligence
EVT_1017,2026-08-20T08:00:00Z,Oil prices climb as india pledges to halt russian crude imports,LLaMA Ground Truth / Other,Other,5.0,HIGH,Oil price move driven by supply risk,https://krude.energy/intelligence
EVT_1018,2026-08-20T08:00:00Z,Us india trump modi russia oil stop buying,LLaMA Ground Truth / India-Russia Trade,Other,4.0,MEDIUM,India-Russia crude trade development,https://krude.energy/intelligence
EVT_1019,2026-08-20T08:00:00Z,Trump says modi assured him india will stop buying russian oil,LLaMA Ground Truth / India-Russia Trade,Other,4.0,MEDIUM,India-Russia crude trade development,https://krude.energy/intelligence
EVT_1020,2026-08-20T08:00:00Z,Priority to safeguard indian consumer interests says india in response to trumps claims on stopping russian oil purchase,LLaMA Ground Truth / India-Russia Trade,Other,3.0,MEDIUM,India-Russia crude trade development,https://krude.energy/intelligence
EVT_1021,2026-08-20T08:00:00Z,Trump says india has pledged to stop buying russian oil,LLaMA Ground Truth / India-Russia Trade,Other,4.0,MEDIUM,India-Russia crude trade development,https://krude.energy/intelligence
EVT_1022,2026-08-20T08:00:00Z,India says consumers are priority amid us pressure to cut russian oil,LLaMA Ground Truth / India-Russia Trade,Other,3.0,MEDIUM,India-Russia crude trade development,https://krude.energy/intelligence
EVT_1023,2026-08-20T08:00:00Z,Kremlin urges listening to india and china not trump on russian oil purchases,LLaMA Ground Truth / India-Russia Trade,Other,3.0,MEDIUM,India-Russia crude trade development,https://krude.energy/intelligence
EVT_1024,2026-08-20T08:00:00Z,India trump russian oil,LLaMA Ground Truth / India-Russia Trade,Other,4.0,MEDIUM,India-Russia crude trade development,https://krude.energy/intelligence
EVT_1025,2026-08-20T08:00:00Z,Russian oil and us trade talks latest trump claim frames delhis challenge,LLaMA Ground Truth / India-Russia Trade,Other,4.0,MEDIUM,India-Russia crude trade development,https://krude.energy/intelligence
EVT_1026,2026-08-20T08:00:00Z,India casts doubt on trumps claim modi will stop buying russian oil,LLaMA Ground Truth / India-Russia Trade,Other,3.0,MEDIUM,India-Russia crude trade development,https://krude.energy/intelligence
EVT_1027,2026-08-20T08:00:00Z,Donald trump us president hamas palestine israel gaza white house jared kushner israel iran benjamin netanyahu russia ukraine,LLaMA Ground Truth / Other,Other,5.0,HIGH,Geopolitical escalation bearing on oil corridors,https://krude.energy/intelligence
EVT_1028,2026-08-20T08:00:00Z,Indias reliance boosts middle east crude purchases,LLaMA Ground Truth / Other,Other,2.0,LOW,India crude sourcing or supplier development,https://krude.energy/intelligence
EVT_1029,2026-08-20T08:00:00Z,Report mukesh ambani makes big move reliance grabs new order amid us scrutiny of india s russian oil import it is from,LLaMA Ground Truth / India-Russia Trade,Other,4.0,MEDIUM,India-Russia crude trade development,https://krude.energy/intelligence
EVT_1030,2026-08-20T08:00:00Z,Trump repeats claim on india reducing russian oil imports,LLaMA Ground Truth / India-Russia Trade,Other,4.0,MEDIUM,India-Russia crude trade development,https://krude.energy/intelligence
EVT_1031,2026-08-20T08:00:00Z,Trump claims india to almost stop buying russian oil by year end,LLaMA Ground Truth / India-Russia Trade,Other,4.0,MEDIUM,India-Russia crude trade development,https://krude.energy/intelligence
EVT_1032,2026-08-20T08:00:00Z,Can us sanctions on 2 russian oil cos hurt moscow,LLaMA Ground Truth / Sanctions Policy,Other,5.0,HIGH,"Sanctions tightened, extended or threatened",https://krude.energy/intelligence
EVT_1033,2026-08-20T08:00:00Z,India reviews russian oil contracts,LLaMA Ground Truth / India-Russia Trade,Other,5.0,HIGH,India-Russia crude trade development,https://krude.energy/intelligence
EVT_1034,2026-08-20T08:00:00Z,Trump squeezes india over russian oil,LLaMA Ground Truth / Sanctions Policy,Other,5.0,HIGH,"Sanctions tightened, extended or threatened",https://krude.energy/intelligence
EVT_1035,2026-08-20T08:00:00Z,Economy lower us tariffs to offset indias russia oil shift says nomuranbsp,LLaMA Ground Truth / India-Russia Trade,Other,4.0,MEDIUM,India-Russia crude trade development,https://krude.energy/intelligence
EVT_1036,2026-08-20T08:00:00Z,Top indian buyer of russian oil weighs in on western sanctions,LLaMA Ground Truth / Sanctions Policy,Other,5.0,HIGH,Sanctions policy development affecting oil trade,https://krude.energy/intelligence
EVT_1037,2026-08-20T08:00:00Z,Why single out india union minister piyush goyal questions us pressure over russian oil imports,LLaMA Ground Truth / India-Russia Trade,Other,4.0,MEDIUM,India-Russia crude trade development,https://krude.energy/intelligence
EVT_1038,2026-08-20T08:00:00Z,Russias top indian oil buyer to comply with western sanctions,LLaMA Ground Truth / Sanctions Policy,Other,6.0,HIGH,"Sanctions tightened, extended or threatened",https://krude.energy/intelligence
EVT_1039,2026-08-20T08:00:00Z,Is india finally preparing to give up russian oil,LLaMA Ground Truth / India-Russia Trade,Other,5.0,HIGH,India-Russia crude trade development,https://krude.energy/intelligence
EVT_1040,2026-08-20T08:00:00Z,India to build own fleet of oil tankers aims to cut usd 8 billion charter costs hardeep puri,LLaMA Ground Truth / Infrastructure,Other,2.0,LOW,"Energy infrastructure capacity, repair or development",https://krude.energy/intelligence
EVT_1041,2026-08-20T08:00:00Z,India feels sanctions impact as russian oil tanker turns back in baltic,LLaMA Ground Truth / Sanctions Policy,Other,6.0,HIGH,"Sanctions tightened, extended or threatened",https://krude.energy/intelligence
EVT_1042,2026-08-20T08:00:00Z,India bound tanker caught in sts transfer of russian oil off oman,LLaMA Ground Truth / Sanctions Policy,Other,5.0,HIGH,Sanctions policy development affecting oil trade,https://krude.energy/intelligence
EVT_1043,2026-08-20T08:00:00Z,Us grants six month sanctions waiver to india for chabahar port project in iran mea,LLaMA Ground Truth / Sanctions Policy,Other,2.0,LOW,"Sanctions relief, waiver or exemption",https://krude.energy/intelligence
EVT_1044,2026-08-20T08:00:00Z,India gets us sanctions waiver on operations at irans chabahar port,LLaMA Ground Truth / Sanctions Policy,Other,2.0,LOW,"Sanctions relief, waiver or exemption",https://krude.energy/intelligence
EVT_1045,2026-08-20T08:00:00Z,Marketminute 10 30 indias oil calculus navigating sanctions discounts and geopolitical crosscurrents,LLaMA Ground Truth / Sanctions Policy,Other,4.0,MEDIUM,Sanctions policy development affecting oil trade,https://krude.energy/intelligence
EVT_1046,2026-08-20T08:00:00Z,Signs of pullback sharp drop in russia oil exports to india after us sanctions,LLaMA Ground Truth / Sanctions Policy,Other,6.0,HIGH,"Sanctions tightened, extended or threatened",https://krude.energy/intelligence
EVT_1047,2026-08-20T08:00:00Z,Chemical tanker attacked off somalia,LLaMA Ground Truth / Red Sea,Bab-el-Mandeb,8.0,CRITICAL,Confirmed attack on Red Sea or Gulf of Aden shipping,https://krude.energy/intelligence
EVT_1048,2026-08-20T08:00:00Z,India to lead global oil demand growth surpassing china southeast asia by iea,LLaMA Ground Truth / Other,Other,3.0,MEDIUM,"Routine trade, import or production statistic",https://krude.energy/intelligence
EVT_1049,2026-08-20T08:00:00Z,Us sanctions indian company directors alleged links toiransmissile droneprogrammes 377,LLaMA Ground Truth / Sanctions Policy,Other,5.0,HIGH,"Sanctions tightened, extended or threatened",https://krude.energy/intelligence
EVT_1050,2026-08-20T08:00:00Z,Ukraine hits major oil terminal in russias novorossiysk,LLaMA Ground Truth / Infrastructure,Other,8.0,CRITICAL,"Energy infrastructure incident, outage or attack",https://krude.energy/intelligence
EVT_1051,2026-08-20T08:00:00Z,Middle east israeli pm netanyahu iran nuclear program syrian conflict russian president vladimir putin,LLaMA Ground Truth / Other,Other,5.0,HIGH,Geopolitical escalation bearing on oil corridors,https://krude.energy/intelligence
EVT_1052,2026-08-20T08:00:00Z,India spends 25 billion on russian crude in october despite fresh sanctions,LLaMA Ground Truth / India-Russia Trade,Other,4.0,MEDIUM,India-Russia crude trade development,https://krude.energy/intelligence
EVT_1053,2026-08-20T08:00:00Z,Report mukesh ambani reliance halts russian oil imports for its only for export refinery in jamnagar due to european union sanctions,LLaMA Ground Truth / Sanctions Policy,Other,6.0,HIGH,"Sanctions tightened, extended or threatened",https://krude.energy/intelligence
EVT_1054,2026-08-20T08:00:00Z,India s reliance stops importing russian crude oil for refinery operations,LLaMA Ground Truth / Sanctions Policy,Other,6.0,HIGH,"Sanctions tightened, extended or threatened",https://krude.energy/intelligence
EVT_1055,2026-08-20T08:00:00Z,Major indian refiner phases out russian crude ahead of sanctions deadline,LLaMA Ground Truth / Sanctions Policy,Other,6.0,HIGH,"Sanctions tightened, extended or threatened",https://krude.energy/intelligence
EVT_1056,2026-08-20T08:00:00Z,Us sanctions india based firms others over alleged role in iran oil trade,LLaMA Ground Truth / Sanctions Policy,Other,6.0,HIGH,"Sanctions tightened, extended or threatened",https://krude.energy/intelligence
EVT_1057,2026-08-20T08:00:00Z,Pakistan tried to strike uri hydro plant during op sindoor but cisf foiled attack saved 250 civilians ws kl,LLaMA Ground Truth / Infrastructure,Other,5.0,HIGH,"Energy infrastructure incident, outage or attack",https://krude.energy/intelligence
EVT_1058,2026-08-20T08:00:00Z,This is virat help needed 2 russian tankers attacked in blac,LLaMA Ground Truth / Tanker Incident,Other,8.0,CRITICAL,Confirmed attack on tanker or tankers,https://krude.energy/intelligence
EVT_1059,2026-08-20T08:00:00Z,Us sanctions cut indias russian oil imports by one third december arrivals may dip further as refiners shift to alternatives,LLaMA Ground Truth / Sanctions Policy,Other,6.0,HIGH,"Sanctions tightened, extended or threatened",https://krude.energy/intelligence
EVT_1060,2026-08-20T08:00:00Z,Putins india visit oil imports defence deals new trade frame,LLaMA Ground Truth / India-Russia Trade,Other,3.0,MEDIUM,India-Russia crude trade development,https://krude.energy/intelligence
EVT_1061,2026-08-20T08:00:00Z,New delhi economic ties take center stage as pm modi russian president vladimir putin avoid key defence oil topics,LLaMA Ground Truth / India-Russia Trade,Other,3.0,MEDIUM,India-Russia crude trade development,https://krude.energy/intelligence
EVT_1062,2026-08-20T08:00:00Z,Us data shows europe not india drove russian oil revenues during ukraine war,LLaMA Ground Truth / India-Russia Trade,Other,3.0,MEDIUM,India-Russia crude trade development,https://krude.energy/intelligence
EVT_1063,2026-08-20T08:00:00Z,Trump oil tanker seized by us forces off,LLaMA Ground Truth / Tanker Incident,Other,7.0,HIGH,Confirmed vessel seizure or detention,https://krude.energy/intelligence
EVT_1064,2026-08-20T08:00:00Z,Karoline leavitt to hold news briefing after us seizes oil tanker near venezuela president donald trump maduro regime boat strikes vessels attack department of war secretary pete hegseth,LLaMA Ground Truth / Tanker Incident,Other,7.0,HIGH,Confirmed vessel seizure or detention,https://krude.energy/intelligence
EVT_1065,2026-08-20T08:00:00Z,Venezuela tanker being brought to us as white house considers more seizures,LLaMA Ground Truth / Tanker Incident,Other,7.0,HIGH,Confirmed vessel seizure or detention,https://krude.energy/intelligence
EVT_1066,2026-08-20T08:00:00Z,India evacuates nationals from israel iran syria iraq,LLaMA Ground Truth / Other,Other,6.0,HIGH,Geopolitical escalation bearing on oil corridors,https://krude.energy/intelligence
EVT_1067,2026-08-20T08:00:00Z,Iran detains 18 crew members of tanker seized in gulf of oman,LLaMA Ground Truth / Tanker Incident,Hormuz,8.0,CRITICAL,Confirmed vessel seizure or detention,https://krude.energy/intelligence
EVT_1068,2026-08-20T08:00:00Z,India deepens russian oil ties despite us tariff pressure in,LLaMA Ground Truth / India-Russia Trade,Other,3.0,MEDIUM,India-Russia crude trade development,https://krude.energy/intelligence
EVT_1069,2026-08-20T08:00:00Z,Venezuelas machado supports tanker seizure more us pressure on maduro,LLaMA Ground Truth / Tanker Incident,Other,5.0,HIGH,Confirmed vessel seizure or detention,https://krude.energy/intelligence
EVT_1070,2026-08-20T08:00:00Z,Tankers turn back us seizure venezuelan,LLaMA Ground Truth / Tanker Incident,Other,7.0,HIGH,Confirmed vessel seizure or detention,https://krude.energy/intelligence
EVT_1071,2026-08-20T08:00:00Z,Tankers u turn after u s seizure of venezuelan oil cargo,LLaMA Ground Truth / Tanker Incident,Other,7.0,HIGH,Confirmed vessel seizure or detention,https://krude.energy/intelligence
EVT_1072,2026-08-20T08:00:00Z,Indian coast guard ship sarthak marks historic arrival in irans chabahar port,LLaMA Ground Truth / Other,Other,2.0,LOW,India crude sourcing or supplier development,https://krude.energy/intelligence
EVT_1073,2026-08-20T08:00:00Z,Us sanctions india linked shadow tankers carrying iranian oil,LLaMA Ground Truth / Sanctions Policy,Other,6.0,HIGH,"Sanctions tightened, extended or threatened",https://krude.energy/intelligence
EVT_1074,2026-08-20T08:00:00Z,Us forces intercept second merchant vessel in international waters off venezuela coast boat strikes president donald trump oil tanker seizure military operation,LLaMA Ground Truth / Tanker Incident,Other,7.0,HIGH,Confirmed vessel seizure or detention,https://krude.energy/intelligence
EVT_1075,2026-08-20T08:00:00Z,Venezuela accuses us of international piracy after new oil tanker seizure,LLaMA Ground Truth / Tanker Incident,Other,6.0,HIGH,Confirmed vessel seizure or detention,https://krude.energy/intelligence
EVT_1076,2026-08-20T08:00:00Z,Brent sadler to newsmax tanker seizures target maduro cash,LLaMA Ground Truth / Tanker Incident,Other,5.0,HIGH,Confirmed vessel seizure or detention,https://krude.energy/intelligence
EVT_1077,2026-08-20T08:00:00Z,President donald trump to make announcement with defense secretary pete hegseth after latest oil tanker seizure near venezuela coast guard narco terrorists boat strikes,LLaMA Ground Truth / Tanker Incident,Other,6.0,HIGH,Confirmed vessel seizure or detention,https://krude.energy/intelligence
EVT_1078,2026-08-20T08:00:00Z,Trump says us will keep the crude oil and tankers seized near venezuela,LLaMA Ground Truth / Tanker Incident,Other,7.0,HIGH,Confirmed vessel seizure or detention,https://krude.energy/intelligence
EVT_1079,2026-08-20T08:00:00Z,Venezuela seeks criminalize oil tanker seizures trump puts pressure ma rcna,LLaMA Ground Truth / Tanker Incident,Other,6.0,HIGH,Confirmed vessel seizure or detention,https://krude.energy/intelligence
EVT_1080,2026-08-20T08:00:00Z,Indias reliance gets one month us waiver to import rosneft oil amid sanctions,LLaMA Ground Truth / Sanctions Policy,Other,2.0,LOW,"Sanctions relief, waiver or exemption",https://krude.energy/intelligence
EVT_1081,2026-08-20T08:00:00Z,Red sea closure declared after military strike,LLaMA Ground Truth / Red Sea,Bab-el-Mandeb,9.0,CRITICAL,Confirmed attack on Red Sea or Gulf of Aden shipping,https://krude.energy/intelligence
EVT_1082,2026-08-20T08:00:00Z,Tanker seized near suez amid rising tensions,LLaMA Ground Truth / Tanker Incident,Suez,8.0,CRITICAL,Confirmed vessel seizure or detention,https://krude.energy/intelligence
EVT_1083,2026-08-20T08:00:00Z,Naval buildup reported near northern sea route amid sanctions dispute,LLaMA Ground Truth / Other Maritime Route,Other,6.0,HIGH,Tension or military activity on a secondary route,https://krude.energy/intelligence
EVT_1084,2026-08-20T08:00:00Z,Mozambique channel shipping insurance rates spike after drone incident,LLaMA Ground Truth / Other Maritime Route,Other,7.0,HIGH,Freight or war-risk insurance cost moving on corridor risk,https://krude.energy/intelligence
EVT_1085,2026-08-20T08:00:00Z,"Ceasefire holds, red sea transit volumes stabilize",LLaMA Ground Truth / Red Sea,Bab-el-Mandeb,1.0,LOW,Red Sea transits normalising or attacks ceasing,https://krude.energy/intelligence
EVT_1086,2026-08-20T08:00:00Z,Sanctions waiver eases pressure on red sea route,LLaMA Ground Truth / Sanctions Policy,Bab-el-Mandeb,2.0,LOW,"Sanctions relief, waiver or exemption",https://krude.energy/intelligence
EVT_1087,2026-08-20T08:00:00Z,Mozambique channel shipping traffic resumes after diplomatic talks,LLaMA Ground Truth / Other Maritime Route,Other,2.0,LOW,Secondary route disruption easing,https://krude.energy/intelligence
EVT_1088,2026-08-20T08:00:00Z,Vlcc traffic through malacca strait hits record high in first quarter,LLaMA Ground Truth / Malacca,Malacca,3.0,MEDIUM,Routine transit volume statistic,https://krude.energy/intelligence
EVT_1089,2026-08-20T08:00:00Z,Singapore mpa warns of rising armed robbery incidents in phillip channel,LLaMA Ground Truth / Malacca,Malacca,6.0,HIGH,Elevated piracy threat in the strait,https://krude.energy/intelligence
EVT_1090,2026-08-20T08:00:00Z,Indonesia malaysia singapore resume coordinated patrols in malacca strait,LLaMA Ground Truth / Malacca,Malacca,2.0,LOW,Restored joint security patrols,https://krude.energy/intelligence
EVT_1091,2026-08-20T08:00:00Z,Tanker boarded off tanjung piai crew unharmed vessel released,LLaMA Ground Truth / Malacca,Malacca,7.0,HIGH,"Boarding incident, crew and vessel safe",https://krude.energy/intelligence
EVT_1092,2026-08-20T08:00:00Z,Malacca strait congestion adds two days to gulf india voyages,LLaMA Ground Truth / Malacca,Malacca,5.0,HIGH,Transit delays affecting voyage times,https://krude.energy/intelligence
EVT_1093,2026-08-20T08:00:00Z,Indias crude cargoes from asia pacific reroute via lombok as malacca traffic builds,LLaMA Ground Truth / Malacca,Malacca,6.0,HIGH,Rerouting away from primary strait,https://krude.energy/intelligence
EVT_1094,2026-08-20T08:00:00Z,Reuters exclusive pirates hijack product tanker in malacca strait cargo siphoned,LLaMA Ground Truth / Malacca,Malacca,8.0,CRITICAL,Confirmed hijacking and cargo theft,https://krude.energy/intelligence
EVT_1095,2026-08-20T08:00:00Z,Malacca strait closed to deep draft vessels after collision spills bunker fuel,LLaMA Ground Truth / Malacca,Malacca,9.0,CRITICAL,Strait closed to deep draft traffic,https://krude.energy/intelligence
EVT_1096,2026-08-20T08:00:00Z,Singapore bunker prices ease as malacca queues clear,LLaMA Ground Truth / Malacca,Malacca,2.0,LOW,"Congestion clearing, prices easing",https://krude.energy/intelligence
EVT_1097,2026-08-20T08:00:00Z,Recaap reports drop in incidents across asian waterways,LLaMA Ground Truth / Malacca,Malacca,2.0,LOW,Regional maritime incident count falling,https://krude.energy/intelligence
EVT_1098,2026-08-20T08:00:00Z,Malaysia navy escorts convoy after third boarding this month,LLaMA Ground Truth / Malacca,Malacca,7.0,HIGH,Escorts introduced after repeated boardings,https://krude.energy/intelligence
EVT_1099,2026-08-20T08:00:00Z,Malacca strait india energy security choke point analysis lng crude,LLaMA Ground Truth / Malacca,Malacca,4.0,MEDIUM,Analytical piece on chokepoint exposure,https://krude.energy/intelligence
EVT_1100,2026-08-20T08:00:00Z,Indonesia proposes transit fee for malacca strait shipping,LLaMA Ground Truth / Malacca,Malacca,4.0,MEDIUM,Proposed transit cost increase,https://krude.energy/intelligence
EVT_1101,2026-08-20T08:00:00Z,Two vessels collide near one fathom bank traffic separation scheme suspended,LLaMA Ground Truth / Malacca,Malacca,8.0,CRITICAL,Collision suspends traffic separation scheme,https://krude.energy/intelligence
EVT_1102,2026-08-20T08:00:00Z,War risk underwriters review malacca strait premiums after incident cluster,LLaMA Ground Truth / Malacca,Malacca,6.0,HIGH,Insurance premiums under review,https://krude.energy/intelligence
EVT_1103,2026-08-20T08:00:00Z,India navy deploys ship to andaman sea to monitor malacca approaches,LLaMA Ground Truth / Malacca,Malacca,6.0,HIGH,Naval monitoring of strait approaches,https://krude.energy/intelligence
EVT_1104,2026-08-20T08:00:00Z,Malacca strait reopens to all traffic after wreck removal completed,LLaMA Ground Truth / Malacca,Malacca,1.0,LOW,"Strait fully reopened, disruption removed",https://krude.energy/intelligence
EVT_1105,2026-08-20T08:00:00Z,Lombok sunda alternative routes add 1200 nautical miles for vlccs,LLaMA Ground Truth / Malacca,Malacca,5.0,HIGH,Alternative routing cost quantified,https://krude.energy/intelligence
EVT_1106,2026-08-20T08:00:00Z,Haze cuts visibility malacca strait pilots suspend night transits,LLaMA Ground Truth / Malacca,Malacca,6.0,HIGH,Night transits suspended for visibility,https://krude.energy/intelligence
EVT_1107,2026-08-20T08:00:00Z,Chinese naval vessels transit malacca strait in show of presence,LLaMA Ground Truth / Malacca,Malacca,5.0,HIGH,Naval presence signalling in the strait,https://krude.energy/intelligence
EVT_1108,2026-08-20T08:00:00Z,Malacca strait piracy up 40 percent recaap half year figures,LLaMA Ground Truth / Malacca,Malacca,6.0,HIGH,Sharp rise in reported piracy,https://krude.energy/intelligence
EVT_1109,2026-08-20T08:00:00Z,Indonesian navy detains tanker for anchoring illegally off batam,LLaMA Ground Truth / Malacca,Malacca,5.0,HIGH,Vessel detained for anchoring violation,https://krude.energy/intelligence
EVT_1110,2026-08-20T08:00:00Z,Malacca strait traffic normal singapore mpa daily bulletin,LLaMA Ground Truth / Malacca,Malacca,3.0,MEDIUM,Routine traffic status bulletin,https://krude.energy/intelligence
EVT_1111,2026-08-20T08:00:00Z,Malacca dilemma why india cannot ignore the eastern approaches,LLaMA Ground Truth / Malacca,Malacca,4.0,MEDIUM,Strategic commentary on eastern exposure,https://krude.energy/intelligence
EVT_1112,2026-08-20T08:00:00Z,Strait of malacca vlcc rates firm on longer ballast legs,LLaMA Ground Truth / Malacca,Malacca,4.0,MEDIUM,Freight rates firming on routing changes,https://krude.energy/intelligence
EVT_1113,2026-08-20T08:00:00Z,Regional navies agree information sharing centre expansion for malacca,LLaMA Ground Truth / Malacca,Malacca,2.0,LOW,Security cooperation expanded,https://krude.energy/intelligence
EVT_1114,2026-08-20T08:00:00Z,Armed men board bulk carrier off port klang steal ships stores,LLaMA Ground Truth / Malacca,Malacca,6.0,HIGH,"Armed boarding, minor theft only",https://krude.energy/intelligence
EVT_1115,2026-08-20T08:00:00Z,Indian refiners hedge malacca risk with west africa cargoes,LLaMA Ground Truth / Malacca,Malacca,4.0,MEDIUM,Sourcing hedge against strait exposure,https://krude.energy/intelligence
EVT_1116,2026-08-20T08:00:00Z,Malacca strait vessel arrivals steady despite regional tension,LLaMA Ground Truth / Malacca,Malacca,3.0,MEDIUM,"Traffic steady, no disruption",https://krude.energy/intelligence
EVT_1117,2026-08-20T08:00:00Z,Singapore tightens security level for tankers transiting phillip channel,LLaMA Ground Truth / Malacca,Malacca,6.0,HIGH,Security level raised for tankers,https://krude.energy/intelligence
EVT_1118,2026-08-20T08:00:00Z,Malacca strait attack on tug and barge convoy crew taken hostage,LLaMA Ground Truth / Malacca,Malacca,8.0,CRITICAL,Crew taken hostage in confirmed attack,https://krude.energy/intelligence
EVT_1119,2026-08-20T08:00:00Z,Hostages released malacca strait hijacking ends without ransom,LLaMA Ground Truth / Malacca,Malacca,2.0,LOW,Hostage incident resolved,https://krude.energy/intelligence
EVT_1120,2026-08-20T08:00:00Z,Thailand revives kra canal study as malacca congestion mounts,LLaMA Ground Truth / Malacca,Malacca,4.0,MEDIUM,Long-term bypass under study,https://krude.energy/intelligence
EVT_1121,2026-08-20T08:00:00Z,Malacca strait lng carriers face queue at eastern anchorage,LLaMA Ground Truth / Malacca,Malacca,4.0,MEDIUM,Anchorage queueing for gas carriers,https://krude.energy/intelligence
EVT_1122,2026-08-20T08:00:00Z,Malaysia says no closure planned for malacca strait despite reports,LLaMA Ground Truth / Malacca,Malacca,3.0,MEDIUM,Closure rumours denied by authority,https://krude.energy/intelligence
EVT_1123,2026-08-20T08:00:00Z,Malacca strait sea robbery indonesia arrests eight,LLaMA Ground Truth / Malacca,Malacca,4.0,MEDIUM,Arrests following robbery incidents,https://krude.energy/intelligence
EVT_1124,2026-08-20T08:00:00Z,Missile lands near tanker in bab el mandeb no damage reported,LLaMA Ground Truth / Red Sea,Bab-el-Mandeb,7.0,HIGH,"Near miss, no damage to vessel",https://krude.energy/intelligence
EVT_1125,2026-08-20T08:00:00Z,Gulf of aden convoy system extended to indian flagged vessels,LLaMA Ground Truth / Red Sea,Bab-el-Mandeb,5.0,HIGH,Convoy protection extended,https://krude.energy/intelligence
EVT_1126,2026-08-20T08:00:00Z,Bab el mandeb reopens to commercial traffic after 48 hour halt,LLaMA Ground Truth / Red Sea,Bab-el-Mandeb,2.0,LOW,Traffic resumed after temporary halt,https://krude.energy/intelligence
EVT_1127,2026-08-20T08:00:00Z,Indian navy escorts merchant ships through gulf of aden corridor,LLaMA Ground Truth / Red Sea,Bab-el-Mandeb,6.0,HIGH,Naval escort operations under way,https://krude.energy/intelligence
EVT_1128,2026-08-20T08:00:00Z,Product tanker struck by drone south of bab el mandeb crew evacuated,LLaMA Ground Truth / Red Sea,Bab-el-Mandeb,8.0,CRITICAL,"Confirmed drone strike, crew evacuated",https://krude.energy/intelligence
EVT_1129,2026-08-20T08:00:00Z,Bab el mandeb effectively closed as all major carriers suspend transits,LLaMA Ground Truth / Red Sea,Bab-el-Mandeb,9.0,CRITICAL,Effective corridor closure,https://krude.energy/intelligence
EVT_1130,2026-08-20T08:00:00Z,Djibouti port volumes rise as vessels shelter from red sea threat,LLaMA Ground Truth / Red Sea,Bab-el-Mandeb,6.0,HIGH,"Vessels sheltering, threat ongoing",https://krude.energy/intelligence
EVT_1131,2026-08-20T08:00:00Z,Yemeni coast guard intercepts skiffs approaching tanker lane,LLaMA Ground Truth / Red Sea,Bab-el-Mandeb,6.0,HIGH,Interception near the shipping lane,https://krude.energy/intelligence
EVT_1132,2026-08-20T08:00:00Z,Operation aspides mandate extended for another twelve months,LLaMA Ground Truth / Red Sea,Bab-el-Mandeb,4.0,MEDIUM,Protective naval mandate extended,https://krude.energy/intelligence
EVT_1133,2026-08-20T08:00:00Z,Vlcc owners demand naval escort before bab el mandeb transit,LLaMA Ground Truth / Red Sea,Bab-el-Mandeb,6.0,HIGH,Owners conditioning transit on escort,https://krude.energy/intelligence
EVT_1134,2026-08-20T08:00:00Z,Bab el mandeb chokepoint what closure would cost indian refiners,LLaMA Ground Truth / Red Sea,Bab-el-Mandeb,5.0,HIGH,Impact analysis of potential closure,https://krude.energy/intelligence
EVT_1135,2026-08-20T08:00:00Z,Insurance rates for bab el mandeb fall back to pre crisis levels,LLaMA Ground Truth / Red Sea,Bab-el-Mandeb,2.0,LOW,War risk pricing normalising,https://krude.energy/intelligence
EVT_1136,2026-08-20T08:00:00Z,Houthi spokesman announces halt to attacks on all commercial shipping,LLaMA Ground Truth / Red Sea,Bab-el-Mandeb,2.0,LOW,Announced halt to shipping attacks,https://krude.energy/intelligence
EVT_1137,2026-08-20T08:00:00Z,Eritrea denies allowing armed groups to stage from its coast,LLaMA Ground Truth / Red Sea,Bab-el-Mandeb,5.0,HIGH,Denial amid staging allegations,https://krude.energy/intelligence
EVT_1138,2026-08-20T08:00:00Z,Bab el mandeb daily transit count lowest since records began,LLaMA Ground Truth / Red Sea,Bab-el-Mandeb,8.0,CRITICAL,Record low transit volume,https://krude.energy/intelligence
EVT_1139,2026-08-20T08:00:00Z,Indian owned cargo vessel hit in gulf of aden fire contained,LLaMA Ground Truth / Red Sea,Bab-el-Mandeb,8.0,CRITICAL,"Indian-linked vessel struck, fire contained",https://krude.energy/intelligence
EVT_1140,2026-08-20T08:00:00Z,Somalia based pirates seize fishing dhow near gulf of aden,LLaMA Ground Truth / Red Sea,Bab-el-Mandeb,5.0,HIGH,"Small vessel seized, not commercial shipping",https://krude.energy/intelligence
EVT_1141,2026-08-20T08:00:00Z,Bab el mandeb what the transit data actually shows factbox,LLaMA Ground Truth / Red Sea,Bab-el-Mandeb,4.0,MEDIUM,Data explainer on transit levels,https://krude.energy/intelligence
EVT_1142,2026-08-20T08:00:00Z,Naval coalition downs eight drones over bab el mandeb overnight,LLaMA Ground Truth / Red Sea,Bab-el-Mandeb,8.0,CRITICAL,Sustained drone engagement over the strait,https://krude.energy/intelligence
EVT_1143,2026-08-20T08:00:00Z,Djibouti signs deal to expand tanker berthing capacity,LLaMA Ground Truth / Red Sea,Bab-el-Mandeb,3.0,MEDIUM,Port capacity expansion,https://krude.energy/intelligence
EVT_1144,2026-08-20T08:00:00Z,Gulf of aden security incident tanker reports suspicious approach,LLaMA Ground Truth / Red Sea,Bab-el-Mandeb,6.0,HIGH,Suspicious approach reported,https://krude.energy/intelligence
EVT_1145,2026-08-20T08:00:00Z,Shipping industry body declares gulf of aden high risk area again,LLaMA Ground Truth / Red Sea,Bab-el-Mandeb,7.0,HIGH,High risk area designation restored,https://krude.energy/intelligence
EVT_1146,2026-08-20T08:00:00Z,Bab el mandeb salvage crews refloat grounded feeder vessel lane clear,LLaMA Ground Truth / Red Sea,Bab-el-Mandeb,2.0,LOW,"Grounding cleared, lane open",https://krude.energy/intelligence
EVT_1147,2026-08-20T08:00:00Z,Cape of good hope diversions add 14 days to gulf europe voyages,LLaMA Ground Truth / Cape of Good Hope,Cape of Good Hope,5.0,HIGH,Longer transit times from diversions,https://krude.energy/intelligence
EVT_1148,2026-08-20T08:00:00Z,Cape town port congestion worsens as diverted boxships queue,LLaMA Ground Truth / Cape of Good Hope,Cape of Good Hope,5.0,HIGH,Port congestion from diverted traffic,https://krude.energy/intelligence
EVT_1149,2026-08-20T08:00:00Z,Rough weather off cape of good hope forces vessels to slow steam,LLaMA Ground Truth / Cape of Good Hope,Cape of Good Hope,4.0,MEDIUM,Weather routing slows transits,https://krude.energy/intelligence
EVT_1150,2026-08-20T08:00:00Z,Tonne mile demand surges as cape route replaces suez for crude,LLaMA Ground Truth / Cape of Good Hope,Cape of Good Hope,4.0,MEDIUM,Tonne-mile demand up on route switch,https://krude.energy/intelligence
EVT_1151,2026-08-20T08:00:00Z,Vlcc breaks down off cape agulhas tow arranged,LLaMA Ground Truth / Cape of Good Hope,Cape of Good Hope,5.0,HIGH,Disabled tanker under tow,https://krude.energy/intelligence
EVT_1152,2026-08-20T08:00:00Z,South africa says cape route can absorb diverted traffic,LLaMA Ground Truth / Cape of Good Hope,Cape of Good Hope,3.0,MEDIUM,Capacity reassurance from authorities,https://krude.energy/intelligence
EVT_1153,2026-08-20T08:00:00Z,Cape of good hope transits fall as carriers return to red sea,LLaMA Ground Truth / Cape of Good Hope,Cape of Good Hope,2.0,LOW,"Return to Suez, diversions unwinding",https://krude.energy/intelligence
EVT_1154,2026-08-20T08:00:00Z,Indian refiners factor cape routing into q3 freight budgets,LLaMA Ground Truth / Cape of Good Hope,Cape of Good Hope,4.0,MEDIUM,Freight budgets adjusted for longer route,https://krude.energy/intelligence
EVT_1155,2026-08-20T08:00:00Z,Cape route adds 1 dollar a barrel to indian landed crude cost analysts,LLaMA Ground Truth / Cape of Good Hope,Cape of Good Hope,5.0,HIGH,Quantified landed cost increase,https://krude.energy/intelligence
EVT_1156,2026-08-20T08:00:00Z,Storm damage to container ship rounding cape cargo lost overboard,LLaMA Ground Truth / Cape of Good Hope,Cape of Good Hope,5.0,HIGH,Weather damage and cargo loss,https://krude.energy/intelligence
EVT_1157,2026-08-20T08:00:00Z,Saldanha bay crude terminal reports record transhipment volumes,LLaMA Ground Truth / Cape of Good Hope,Cape of Good Hope,3.0,MEDIUM,Terminal volume statistic,https://krude.energy/intelligence
EVT_1158,2026-08-20T08:00:00Z,Cape of good hope why the long way round is now the normal way,LLaMA Ground Truth / Cape of Good Hope,Cape of Good Hope,4.0,MEDIUM,Explainer on normalised diversions,https://krude.energy/intelligence
EVT_1159,2026-08-20T08:00:00Z,South african ports struggle with equipment failures amid diverted volumes,LLaMA Ground Truth / Cape of Good Hope,Cape of Good Hope,5.0,HIGH,Port capacity strain from diversions,https://krude.energy/intelligence
EVT_1160,2026-08-20T08:00:00Z,Cape route piracy risk minimal say underwriters,LLaMA Ground Truth / Cape of Good Hope,Cape of Good Hope,2.0,LOW,Low security risk on the route,https://krude.energy/intelligence
EVT_1161,2026-08-20T08:00:00Z,Bunker shortage reported at durban as demand outstrips supply,LLaMA Ground Truth / Cape of Good Hope,Cape of Good Hope,5.0,HIGH,Bunker supply shortfall,https://krude.energy/intelligence
EVT_1162,2026-08-20T08:00:00Z,Cape of good hope diversions ease as red sea transits recover,LLaMA Ground Truth / Cape of Good Hope,Cape of Good Hope,2.0,LOW,Diversion pressure easing,https://krude.energy/intelligence
EVT_1163,2026-08-20T08:00:00Z,Tanker rounds cape after refusing red sea transit owner confirms,LLaMA Ground Truth / Cape of Good Hope,Cape of Good Hope,5.0,HIGH,Owner voluntarily avoiding Red Sea,https://krude.energy/intelligence
EVT_1164,2026-08-20T08:00:00Z,Cape of good hope route emissions rise 40 percent shipping study,LLaMA Ground Truth / Cape of Good Hope,Cape of Good Hope,3.0,MEDIUM,Emissions impact of longer routing,https://krude.energy/intelligence
EVT_1165,2026-08-20T08:00:00Z,Namibia walvis bay pitches for share of diverted ship calls,LLaMA Ground Truth / Cape of Good Hope,Cape of Good Hope,3.0,MEDIUM,Alternative port seeking traffic,https://krude.energy/intelligence
EVT_1166,2026-08-20T08:00:00Z,Cape transits normalise as freight indices retreat,LLaMA Ground Truth / Cape of Good Hope,Cape of Good Hope,2.0,LOW,Normalisation of routing and rates,https://krude.energy/intelligence
EVT_1167,2026-08-20T08:00:00Z,Indian navy port call at cape town amid extended supply lines,LLaMA Ground Truth / Cape of Good Hope,Cape of Good Hope,4.0,MEDIUM,Naval presence along extended route,https://krude.energy/intelligence
EVT_1168,2026-08-20T08:00:00Z,Cape of good hope diverted vessels face longer wait for pilots,LLaMA Ground Truth / Cape of Good Hope,Cape of Good Hope,4.0,MEDIUM,Pilotage delays from extra traffic,https://krude.energy/intelligence
EVT_1169,2026-08-20T08:00:00Z,Panama canal cuts daily transit slots to 24 on drought,LLaMA Ground Truth / Panama,Other,6.0,HIGH,Transit slots cut due to drought,https://krude.energy/intelligence
EVT_1170,2026-08-20T08:00:00Z,Panama canal draft restriction tightened to 44 feet,LLaMA Ground Truth / Panama,Other,6.0,HIGH,Draft restriction tightened,https://krude.energy/intelligence
EVT_1171,2026-08-20T08:00:00Z,Lpg carriers queue at panama canal as auction prices spike,LLaMA Ground Truth / Panama,Other,6.0,HIGH,Slot auction prices spiking,https://krude.energy/intelligence
EVT_1172,2026-08-20T08:00:00Z,Panama canal restores full transit capacity after rains,LLaMA Ground Truth / Panama,Other,1.0,LOW,Full capacity restored,https://krude.energy/intelligence
EVT_1173,2026-08-20T08:00:00Z,Gatun lake levels recover panama authority eases restrictions,LLaMA Ground Truth / Panama,Other,2.0,LOW,Restrictions eased on water recovery,https://krude.energy/intelligence
EVT_1174,2026-08-20T08:00:00Z,Us gulf lng cargoes reroute via cape as panama slots dry up,LLaMA Ground Truth / Panama,Other,5.0,HIGH,Rerouting due to slot scarcity,https://krude.energy/intelligence
EVT_1175,2026-08-20T08:00:00Z,Panama canal transit auction clears at record 2 million dollars,LLaMA Ground Truth / Panama,Other,6.0,HIGH,Record auction price for a slot,https://krude.energy/intelligence
EVT_1176,2026-08-20T08:00:00Z,Panama canal authority forecasts normal transits next quarter,LLaMA Ground Truth / Panama,Other,2.0,LOW,Normal transit forecast,https://krude.energy/intelligence
EVT_1177,2026-08-20T08:00:00Z,Panama canal what the draft limits mean for indian bound cargoes,LLaMA Ground Truth / Panama,Other,4.0,MEDIUM,Explainer on cargo impact,https://krude.energy/intelligence
EVT_1178,2026-08-20T08:00:00Z,Panama canal closed to transits after lock gate failure,LLaMA Ground Truth / Panama,Other,9.0,CRITICAL,Canal closed by infrastructure failure,https://krude.energy/intelligence
EVT_1179,2026-08-20T08:00:00Z,Tugboat strike threatens panama canal operations union says,LLaMA Ground Truth / Panama,Other,6.0,HIGH,Labour action threatening operations,https://krude.energy/intelligence
EVT_1180,2026-08-20T08:00:00Z,Panama canal booking system overhaul announced for next year,LLaMA Ground Truth / Panama,Other,3.0,MEDIUM,Administrative change to bookings,https://krude.energy/intelligence
EVT_1181,2026-08-20T08:00:00Z,Panama drought why one canal moves the whole freight market,LLaMA Ground Truth / Panama,Other,4.0,MEDIUM,Analysis of canal's market influence,https://krude.energy/intelligence
EVT_1182,2026-08-20T08:00:00Z,Panama canal slot restrictions lifted shipping lines confirm,LLaMA Ground Truth / Panama,Other,1.0,LOW,Restrictions fully lifted,https://krude.energy/intelligence
EVT_1183,2026-08-20T08:00:00Z,India begins filling padur spr cavern with adnoc crude,LLaMA Ground Truth / Infrastructure,Other,2.0,LOW,Reserve being replenished,https://krude.energy/intelligence
EVT_1184,2026-08-20T08:00:00Z,Isprl seeks bids for phase two chandikhol reserve construction,LLaMA Ground Truth / Infrastructure,Other,3.0,MEDIUM,Reserve capacity expansion tendered,https://krude.energy/intelligence
EVT_1185,2026-08-20T08:00:00Z,India releases 5 million barrels from strategic reserve to cool prices,LLaMA Ground Truth / Infrastructure,Other,6.0,HIGH,Emergency reserve drawdown,https://krude.energy/intelligence
EVT_1186,2026-08-20T08:00:00Z,Vishakhapatnam spr cavern maintenance shutdown extended by two weeks,LLaMA Ground Truth / Infrastructure,Other,5.0,HIGH,Reserve facility offline longer than planned,https://krude.energy/intelligence
EVT_1187,2026-08-20T08:00:00Z,Mangalore strategic reserve filled to capacity isprl says,LLaMA Ground Truth / Infrastructure,Other,2.0,LOW,Reserve at full capacity,https://krude.energy/intelligence
EVT_1188,2026-08-20T08:00:00Z,Indias spr covers just 9 days of imports parliamentary panel warns,LLaMA Ground Truth / Infrastructure,Other,5.0,HIGH,Thin reserve cover flagged,https://krude.energy/intelligence
EVT_1189,2026-08-20T08:00:00Z,Fire at jamnagar refinery crude unit shut for inspection,LLaMA Ground Truth / Infrastructure,Other,7.0,HIGH,Refinery unit shut after fire,https://krude.energy/intelligence
EVT_1190,2026-08-20T08:00:00Z,Paradip refinery resumes full operations after unplanned outage,LLaMA Ground Truth / Infrastructure,Other,2.0,LOW,Refinery back to full rates,https://krude.energy/intelligence
EVT_1191,2026-08-20T08:00:00Z,Kandla port reopens after cyclone all berths operational,LLaMA Ground Truth / Infrastructure,Other,1.0,LOW,Port fully reopened,https://krude.energy/intelligence
EVT_1192,2026-08-20T08:00:00Z,Blast at pipeline pumping station halts crude flow to inland refinery,LLaMA Ground Truth / Infrastructure,Other,8.0,CRITICAL,Pipeline flow halted by blast,https://krude.energy/intelligence
EVT_1193,2026-08-20T08:00:00Z,Ongc pipeline leak in assam repairs under way production trimmed,LLaMA Ground Truth / Infrastructure,Other,6.0,HIGH,Production trimmed by pipeline leak,https://krude.energy/intelligence
EVT_1194,2026-08-20T08:00:00Z,Sikka port closed to tankers on rough sea warning,LLaMA Ground Truth / Infrastructure,Other,6.0,HIGH,Port closed to tanker traffic,https://krude.energy/intelligence
EVT_1195,2026-08-20T08:00:00Z,Cyber incident at indian refiner scada systems isolated as precaution,LLaMA Ground Truth / Infrastructure,Other,7.0,HIGH,Control systems isolated after cyber incident,https://krude.energy/intelligence
EVT_1196,2026-08-20T08:00:00Z,Hpcl visakh refinery expansion commissioned adds 6 mtpa,LLaMA Ground Truth / Infrastructure,Other,2.0,LOW,Refining capacity added,https://krude.energy/intelligence
EVT_1197,2026-08-20T08:00:00Z,Power failure halts crude pumping at mundra terminal for six hours,LLaMA Ground Truth / Infrastructure,Other,6.0,HIGH,Temporary halt to crude pumping,https://krude.energy/intelligence
EVT_1198,2026-08-20T08:00:00Z,India plans to double strategic petroleum reserve capacity by 2030,LLaMA Ground Truth / Infrastructure,Other,2.0,LOW,Long-term reserve expansion plan,https://krude.energy/intelligence
EVT_1199,2026-08-20T08:00:00Z,Isprl tenders for crude to fill reserves at current prices,LLaMA Ground Truth / Infrastructure,Other,3.0,MEDIUM,Routine reserve procurement,https://krude.energy/intelligence
EVT_1200,2026-08-20T08:00:00Z,Sabotage suspected in fire at inland petroleum depot investigation opened,LLaMA Ground Truth / Infrastructure,Other,7.0,HIGH,Suspected sabotage at fuel depot,https://krude.energy/intelligence
EVT_1201,2026-08-20T08:00:00Z,Refinery workers strike notice served at two east coast plants,LLaMA Ground Truth / Infrastructure,Other,6.0,HIGH,Strike notice threatens refinery output,https://krude.energy/intelligence
EVT_1202,2026-08-20T08:00:00Z,Strike called off refinery operations continue normally,LLaMA Ground Truth / Infrastructure,Other,1.0,LOW,Labour dispute resolved,https://krude.energy/intelligence
EVT_1203,2026-08-20T08:00:00Z,Crude unloading suspended at chennai port after tug shortage,LLaMA Ground Truth / Infrastructure,Other,5.0,HIGH,Unloading suspended by tug shortage,https://krude.energy/intelligence
EVT_1204,2026-08-20T08:00:00Z,Indias refining capacity utilisation hits 102 percent in may,LLaMA Ground Truth / Infrastructure,Other,3.0,MEDIUM,Utilisation statistic,https://krude.energy/intelligence
EVT_1205,2026-08-20T08:00:00Z,Emergency reserve release coordinated with iea member states,LLaMA Ground Truth / Infrastructure,Other,7.0,HIGH,Coordinated international reserve release,https://krude.energy/intelligence
EVT_1206,2026-08-20T08:00:00Z,Padur cavern leak reported isprl says volumes unaffected,LLaMA Ground Truth / Infrastructure,Other,5.0,HIGH,"Reported leak, volumes said intact",https://krude.energy/intelligence
EVT_1207,2026-08-20T08:00:00Z,Monsoon flooding disrupts rail movement of petroleum products in odisha,LLaMA Ground Truth / Infrastructure,Other,5.0,HIGH,Inland product movement disrupted,https://krude.energy/intelligence
EVT_1208,2026-08-20T08:00:00Z,India commissions second crude pipeline linking west coast terminals,LLaMA Ground Truth / Infrastructure,Other,2.0,LOW,New pipeline adds redundancy,https://krude.energy/intelligence
EVT_1209,2026-08-20T08:00:00Z,Drone sighted over refinery complex security review ordered,LLaMA Ground Truth / Infrastructure,Other,6.0,HIGH,Security review after drone sighting,https://krude.energy/intelligence
EVT_1210,2026-08-20T08:00:00Z,Explosion at product storage tank farm two injured supplies rerouted,LLaMA Ground Truth / Infrastructure,Other,7.0,HIGH,"Storage incident, supplies rerouted",https://krude.energy/intelligence
EVT_1211,2026-08-20T08:00:00Z,Crude import terminal at paradip operating at reduced draft after silting,LLaMA Ground Truth / Infrastructure,Other,5.0,HIGH,Reduced draft limits cargo sizes,https://krude.energy/intelligence
EVT_1212,2026-08-20T08:00:00Z,Ioc says crude stocks comfortable ahead of festive demand,LLaMA Ground Truth / Infrastructure,Other,2.0,LOW,Comfortable stock position,https://krude.energy/intelligence
EVT_1213,2026-08-20T08:00:00Z,Gas pipeline rupture in andhra pradesh flow diverted no casualties,LLaMA Ground Truth / Infrastructure,Other,6.0,HIGH,"Pipeline rupture, flow diverted",https://krude.energy/intelligence
EVT_1214,2026-08-20T08:00:00Z,India adds 6.5 million tonnes to commercial crude storage,LLaMA Ground Truth / Infrastructure,Other,2.0,LOW,Commercial storage buffer increased,https://krude.energy/intelligence
EVT_1215,2026-08-20T08:00:00Z,Suez canal fully reopened all backlogged vessels cleared,LLaMA Ground Truth / Suez,Suez,1.0,LOW,Canal reopened and backlog cleared,https://krude.energy/intelligence
EVT_1216,2026-08-20T08:00:00Z,Ceasefire holds for third week red sea transits back to pre crisis levels,LLaMA Ground Truth / Red Sea,Bab-el-Mandeb,1.0,LOW,Transits fully normalised,https://krude.energy/intelligence
EVT_1217,2026-08-20T08:00:00Z,Iran releases detained tanker and full crew after talks,LLaMA Ground Truth / Hormuz,Hormuz,2.0,LOW,Vessel and crew released,https://krude.energy/intelligence
EVT_1218,2026-08-20T08:00:00Z,Maersk cma cgm hapag lloyd all confirm full return to suez routing,LLaMA Ground Truth / Red Sea,Suez,1.0,LOW,Major carriers returned to Suez,https://krude.energy/intelligence
EVT_1219,2026-08-20T08:00:00Z,War risk premiums for hormuz transit fall to two year low,LLaMA Ground Truth / Hormuz,Hormuz,2.0,LOW,Insurance costs at multi-year low,https://krude.energy/intelligence
EVT_1220,2026-08-20T08:00:00Z,Opec agrees to unwind production cuts from next quarter,LLaMA Ground Truth / OPEC/Production,Other,2.0,LOW,Output cuts being unwound,https://krude.energy/intelligence
EVT_1221,2026-08-20T08:00:00Z,Gulf tensions ease as us iran talks resume in oman,LLaMA Ground Truth / Hormuz,Hormuz,2.0,LOW,Direct talks resumed,https://krude.energy/intelligence
EVT_1222,2026-08-20T08:00:00Z,Naval coalition scales back red sea patrols as threat assessment lowered,LLaMA Ground Truth / Red Sea,Bab-el-Mandeb,2.0,LOW,Threat assessment lowered,https://krude.energy/intelligence
EVT_1223,2026-08-20T08:00:00Z,Price cap on russian crude relaxed for indian buyers,LLaMA Ground Truth / Sanctions Policy,Other,2.0,LOW,Price cap constraint relaxed,https://krude.energy/intelligence
EVT_1224,2026-08-20T08:00:00Z,Hormuz transit numbers back to five year average,LLaMA Ground Truth / Hormuz,Hormuz,1.0,LOW,Transit volumes fully normal,https://krude.energy/intelligence
EVT_1225,2026-08-20T08:00:00Z,Insurers remove gulf of aden from high risk area list,LLaMA Ground Truth / Red Sea,Bab-el-Mandeb,1.0,LOW,High risk designation removed,https://krude.energy/intelligence
EVT_1226,2026-08-20T08:00:00Z,India secures long term supply deal with adnoc at discount,LLaMA Ground Truth / OPEC/Production,Other,2.0,LOW,Long-term supply secured,https://krude.energy/intelligence
EVT_1227,2026-08-20T08:00:00Z,Yemen ceasefire agreement signed shipping bodies welcome move,LLaMA Ground Truth / Red Sea,Bab-el-Mandeb,2.0,LOW,"Ceasefire signed, shipping welcomes",https://krude.energy/intelligence
EVT_1228,2026-08-20T08:00:00Z,Strait of hormuz naval mission stood down after de escalation,LLaMA Ground Truth / Hormuz,Hormuz,1.0,LOW,Protective mission stood down,https://krude.energy/intelligence
EVT_1229,2026-08-20T08:00:00Z,Tanker owners resume normal red sea scheduling insurers confirm,LLaMA Ground Truth / Red Sea,Bab-el-Mandeb,2.0,LOW,Normal scheduling resumed,https://krude.energy/intelligence
EVT_1230,2026-08-20T08:00:00Z,Iran and saudi arabia restore diplomatic ties gulf tension eases,LLaMA Ground Truth / Hormuz,Hormuz,2.0,LOW,Regional rapprochement,https://krude.energy/intelligence
EVT_1231,2026-08-20T08:00:00Z,Us lifts secondary sanctions threat on india energy purchases,LLaMA Ground Truth / Sanctions Policy,Other,2.0,LOW,Sanctions threat withdrawn,https://krude.energy/intelligence
EVT_1232,2026-08-20T08:00:00Z,Houthis formally end attacks on shipping in signed agreement,LLaMA Ground Truth / Red Sea,Bab-el-Mandeb,1.0,LOW,Formal end to attacks on shipping,https://krude.energy/intelligence
EVT_1233,2026-08-20T08:00:00Z,Oil falls 4 percent as middle east risk premium unwinds,LLaMA Ground Truth / Other,Other,2.0,LOW,Risk premium unwinding,https://krude.energy/intelligence
EVT_1234,2026-08-20T08:00:00Z,Indias crude import bill drops as freight and premiums normalise,LLaMA Ground Truth / Other,Other,2.0,LOW,Costs normalising,https://krude.energy/intelligence
EVT_1235,2026-08-20T08:00:00Z,Iran signals willingness to guarantee free navigation in hormuz,LLaMA Ground Truth / Hormuz,Hormuz,2.0,LOW,Navigation guarantee signalled,https://krude.energy/intelligence
EVT_1236,2026-08-20T08:00:00Z,Strait of hormuz closed to all shipping iran announces blockade,LLaMA Ground Truth / Hormuz,Hormuz,9.0,CRITICAL,Chokepoint closed to all traffic,https://krude.energy/intelligence
EVT_1237,2026-08-20T08:00:00Z,Suez canal shut indefinitely after second grounding in a month,LLaMA Ground Truth / Suez,Suez,9.0,CRITICAL,Canal shut indefinitely,https://krude.energy/intelligence
EVT_1238,2026-08-20T08:00:00Z,All major container lines suspend red sea transits indefinitely,LLaMA Ground Truth / Red Sea,Bab-el-Mandeb,9.0,CRITICAL,Mass carrier suspension,https://krude.energy/intelligence
EVT_1239,2026-08-20T08:00:00Z,Four tankers hit in coordinated attack inside strait of hormuz,LLaMA Ground Truth / Hormuz,Hormuz,9.0,CRITICAL,Coordinated multi-vessel attack at Hormuz,https://krude.energy/intelligence
EVT_1240,2026-08-20T08:00:00Z,Us strikes iranian naval targets iran vows to close hormuz,LLaMA Ground Truth / Hormuz,Hormuz,9.0,CRITICAL,State kinetic escalation over the chokepoint,https://krude.energy/intelligence
EVT_1241,2026-08-20T08:00:00Z,India declares energy emergency orders full strategic reserve release,LLaMA Ground Truth / Infrastructure,Other,9.0,CRITICAL,National emergency reserve release,https://krude.energy/intelligence
EVT_1242,2026-08-20T08:00:00Z,Iran mines shipping lanes in persian gulf navigation suspended,LLaMA Ground Truth / Hormuz,Hormuz,9.0,CRITICAL,Mining suspends navigation,https://krude.energy/intelligence
EVT_1243,2026-08-20T08:00:00Z,Red sea and hormuz both effectively closed shipping bodies warn,LLaMA Ground Truth / Hormuz,Hormuz,9.0,CRITICAL,Two chokepoints closed simultaneously,https://krude.energy/intelligence
EVT_1244,2026-08-20T08:00:00Z,Un security council convenes emergency session on hormuz closure,LLaMA Ground Truth / Hormuz,Hormuz,9.0,CRITICAL,UN emergency session on closure,https://krude.energy/intelligence
EVT_1245,2026-08-20T08:00:00Z,Indias crude imports halted for 72 hours as gulf loadings stop,LLaMA Ground Truth / Hormuz,Hormuz,9.0,CRITICAL,"Loadings stopped, imports halted",https://krude.energy/intelligence
EVT_1246,2026-08-20T08:00:00Z,Multiple vlccs attacked off fujairah owners order fleet wide halt,LLaMA Ground Truth / Hormuz,Hormuz,9.0,CRITICAL,Multi-vessel attack triggers fleet halt,https://krude.energy/intelligence
EVT_1247,2026-08-20T08:00:00Z,Suez red sea and bab el mandeb traffic collapses un trade body reports,LLaMA Ground Truth / Red Sea,Bab-el-Mandeb,9.0,CRITICAL,Corridor-wide traffic collapse confirmed,https://krude.energy/intelligence
EVT_1248,2026-08-20T08:00:00Z,Iran seizes six tankers in a single day at hormuz,LLaMA Ground Truth / Hormuz,Hormuz,9.0,CRITICAL,Mass seizure event at Hormuz,https://krude.energy/intelligence
EVT_1249,2026-08-20T08:00:00Z,Global supply chains seize as three chokepoints disrupted at once,LLaMA Ground Truth / Other Maritime Route,Other,9.0,CRITICAL,Simultaneous multi-chokepoint disruption,https://krude.energy/intelligence
EVT_1250,2026-08-20T08:00:00Z,Israel iran direct war breaks out gulf shipping ordered to shelter,LLaMA Ground Truth / Hormuz,Hormuz,9.0,CRITICAL,"Open war, shipping ordered to shelter",https://krude.energy/intelligence
EVT_1251,2026-08-20T08:00:00Z,Indian refiners lock in longer term saudi term contracts for next fiscal,LLaMA Ground Truth / OPEC/Production,Other,3.0,MEDIUM,Term contract sourcing decision,https://krude.energy/intelligence
EVT_1252,2026-08-20T08:00:00Z,India adds guyana and brazil barrels to import basket,LLaMA Ground Truth / Other,Other,2.0,LOW,Supply base diversification,https://krude.energy/intelligence
EVT_1253,2026-08-20T08:00:00Z,Crude price rise to widen indias current account deficit economists say,LLaMA Ground Truth / Other,Other,4.0,MEDIUM,Macro consequence of crude prices,https://krude.energy/intelligence
EVT_1254,2026-08-20T08:00:00Z,Refinery margins compress as crude premiums widen for indian buyers,LLaMA Ground Truth / Other,Other,4.0,MEDIUM,Sourcing premium squeezing margins,https://krude.energy/intelligence
EVT_1255,2026-08-20T08:00:00Z,India signs shipping protocol to speed clearance of energy cargoes,LLaMA Ground Truth / Other Maritime Route,Other,2.0,LOW,Clearance process improved,https://krude.energy/intelligence
EVT_1256,2026-08-20T08:00:00Z,Opec plus compliance slips as two members exceed quotas,LLaMA Ground Truth / OPEC/Production,Other,4.0,MEDIUM,Quota compliance slipping,https://krude.energy/intelligence
EVT_1257,2026-08-20T08:00:00Z,Us treasury issues new guidance on shipping services for russian crude,LLaMA Ground Truth / Sanctions Policy,Other,5.0,HIGH,New sanctions guidance on shipping,https://krude.energy/intelligence
EVT_1258,2026-08-20T08:00:00Z,India russia agree rupee settlement mechanism for crude payments,LLaMA Ground Truth / India-Russia Trade,Other,3.0,MEDIUM,Payment mechanism agreed,https://krude.energy/intelligence
EVT_1259,2026-08-20T08:00:00Z,Insurance club withdraws cover from twelve tankers over sanctions breach,LLaMA Ground Truth / Sanctions Policy,Other,6.0,HIGH,Cover withdrawn from tanker group,https://krude.energy/intelligence
EVT_1260,2026-08-20T08:00:00Z,Us sanctions 1 company over russian sanctions evasion,LLaMA Ground Truth / Sanctions Policy,Other,4.0,MEDIUM,OFAC designated 1 entity over russian sanctions evasion,https://krude.energy/intelligence
EVT_1261,2026-08-20T08:00:00Z,Treasury blacklists 14 ships tied to russian oil exports russia based operators named,LLaMA Ground Truth / Sanctions Policy,Other,5.0,HIGH,"OFAC designated 20 entities over russian oil, 14 of them vessels",https://krude.energy/intelligence
EVT_1262,2026-08-20T08:00:00Z,Ofac adds 2 tankers and 3 firms to sdn list over russian oil panama and uae registered entities included,LLaMA Ground Truth / Sanctions Policy,Other,5.0,HIGH,"OFAC designated 5 entities over russian oil, 2 of them vessels",https://krude.energy/intelligence
EVT_1263,2026-08-20T08:00:00Z,Us blacklists 1 tanker citing russian oil links designations span liberia,LLaMA Ground Truth / Sanctions Policy,Other,4.0,MEDIUM,"OFAC designated 1 entity over russian oil, 1 of them vessels",https://krude.energy/intelligence
EVT_1264,2026-08-20T08:00:00Z,Us sanctions 2 companies over russian oil,LLaMA Ground Truth / Sanctions Policy,Other,4.0,MEDIUM,OFAC designated 2 entities over russian oil,https://krude.energy/intelligence
EVT_1265,2026-08-20T08:00:00Z,Treasury designates 3 tankers and 2 firms in russian oil action,LLaMA Ground Truth / Sanctions Policy,Other,5.0,HIGH,"OFAC designated 5 entities over russian oil, 3 of them vessels",https://krude.energy/intelligence
EVT_1266,2026-08-20T08:00:00Z,Us blacklists 1 company citing iranian oil links,LLaMA Ground Truth / Sanctions Policy,Other,4.0,MEDIUM,OFAC designated 1 entity over iranian oil,https://krude.energy/intelligence
EVT_1267,2026-08-20T08:00:00Z,Us blacklists 1 tanker and 2 firms citing russian oil links,LLaMA Ground Truth / Sanctions Policy,Other,5.0,HIGH,"OFAC designated 3 entities over russian oil, 1 of them vessels",https://krude.energy/intelligence
EVT_1268,2026-08-20T08:00:00Z,17 more tankers sanctioned as us tightens russian oil enforcement,LLaMA Ground Truth / Sanctions Policy,Other,5.0,HIGH,"OFAC designated 17 entities over russian oil, 17 of them vessels",https://krude.energy/intelligence
EVT_1269,2026-08-20T08:00:00Z,Treasury designates 1 tanker and 3 firms in russian oil action,LLaMA Ground Truth / Sanctions Policy,Other,5.0,HIGH,"OFAC designated 4 entities over russian oil, 1 of them vessels",https://krude.energy/intelligence
EVT_1270,2026-08-20T08:00:00Z,Us hits shadow fleet 26 tankers designated in sweeping russian oil action designations span russia and gabon,LLaMA Ground Truth / Sanctions Policy,Other,6.0,HIGH,"OFAC designated 35 entities over russian oil, 26 of them vessels",https://krude.energy/intelligence
EVT_1271,2026-08-20T08:00:00Z,Ofac adds 1 company to sdn list over iranian oil,LLaMA Ground Truth / Sanctions Policy,Other,4.0,MEDIUM,OFAC designated 1 entity over iranian oil,https://krude.energy/intelligence
EVT_1272,2026-08-20T08:00:00Z,Us adds 16 tankers to sdn list over russian oil shipments,LLaMA Ground Truth / Sanctions Policy,Other,5.0,HIGH,"OFAC designated 20 entities over russian oil, 16 of them vessels",https://krude.energy/intelligence
EVT_1273,2026-08-20T08:00:00Z,Treasury designates 1 company in iranian oil action,LLaMA Ground Truth / Sanctions Policy,Other,4.0,MEDIUM,OFAC designated 1 entity over iranian oil,https://krude.energy/intelligence
EVT_1274,2026-08-20T08:00:00Z,7 more tankers sanctioned as us tightens russian oil enforcement russia based operators named,LLaMA Ground Truth / Sanctions Policy,Other,5.0,HIGH,"OFAC designated 14 entities over russian oil, 7 of them vessels",https://krude.energy/intelligence
EVT_1275,2026-08-20T08:00:00Z,Treasury blacklists 11 ships tied to iranian oil exports,LLaMA Ground Truth / Sanctions Policy,Other,5.0,HIGH,"OFAC designated 11 entities over iranian oil, 11 of them vessels",https://krude.energy/intelligence
EVT_1276,2026-08-20T08:00:00Z,Ofac designates 7 vessels 7 entities in russian oil sanctions action russia and panama registered entities included,LLaMA Ground Truth / Sanctions Policy,Other,5.0,HIGH,"OFAC designated 14 entities over russian oil, 7 of them vessels",https://krude.energy/intelligence
EVT_1277,2026-08-20T08:00:00Z,Washington designates 23 ships 6 companies in fresh iranian oil sanctions round,LLaMA Ground Truth / Sanctions Policy,Other,6.0,HIGH,"OFAC designated 29 entities over iranian oil, 23 of them vessels",https://krude.energy/intelligence
EVT_1278,2026-08-20T08:00:00Z,5 companies added to us sanctions list over russian oil dealings,LLaMA Ground Truth / Sanctions Policy,Other,5.0,HIGH,OFAC designated 5 entities over russian oil,https://krude.energy/intelligence
EVT_1279,2026-08-20T08:00:00Z,Treasury designates 1 company in russian sanctions evasion action,LLaMA Ground Truth / Sanctions Policy,Other,4.0,MEDIUM,OFAC designated 1 entity over russian sanctions evasion,https://krude.energy/intelligence
EVT_1280,2026-08-20T08:00:00Z,Us treasury sanctions 182 tankers in largest russian oil crackdown of the year vessels flagged in panama and russia listed,LLaMA Ground Truth / Sanctions Policy,Other,7.0,HIGH,"OFAC designated 224 entities over russian oil, 182 of them vessels",https://krude.energy/intelligence
EVT_1281,2026-08-20T08:00:00Z,Ofac adds 1 tanker and 3 firms to sdn list over russian sanctions evasion designations span russia,LLaMA Ground Truth / Sanctions Policy,Other,5.0,HIGH,"OFAC designated 4 entities over russian sanctions evasion, 1 of them vessels",https://krude.energy/intelligence
EVT_1282,2026-08-20T08:00:00Z,Us sanctions 1 company over russian oil,LLaMA Ground Truth / Sanctions Policy,Other,4.0,MEDIUM,OFAC designated 1 entity over russian oil,https://krude.energy/intelligence
EVT_1283,2026-08-20T08:00:00Z,Treasury designates 2 tankers and 1 firm in iranian oil action,LLaMA Ground Truth / Sanctions Policy,Other,5.0,HIGH,"OFAC designated 3 entities over iranian oil, 2 of them vessels",https://krude.energy/intelligence
EVT_1284,2026-08-20T08:00:00Z,Treasury blacklists 13 ships tied to iranian oil exports panama and uae based operators named,LLaMA Ground Truth / Sanctions Policy,Other,5.0,HIGH,"OFAC designated 19 entities over iranian oil, 13 of them vessels",https://krude.energy/intelligence
EVT_1285,2026-08-20T08:00:00Z,Us sanctions 13 tankers over iranian oil trade,LLaMA Ground Truth / Sanctions Policy,Other,5.0,HIGH,"OFAC designated 18 entities over iranian oil, 13 of them vessels",https://krude.energy/intelligence
EVT_1286,2026-08-20T08:00:00Z,Ofac designates 8 vessels 2 entities in iranian oil sanctions action vessels flagged in panama and barbados listed,LLaMA Ground Truth / Sanctions Policy,Other,5.0,HIGH,"OFAC designated 10 entities over iranian oil, 8 of them vessels",https://krude.energy/intelligence
EVT_1287,2026-08-20T08:00:00Z,Washington designates 30 ships 4 companies in fresh iranian oil sanctions round panama and cook islands based operators named,LLaMA Ground Truth / Sanctions Policy,Other,6.0,HIGH,"OFAC designated 34 entities over iranian oil, 30 of them vessels",https://krude.energy/intelligence
EVT_1288,2026-08-20T08:00:00Z,Us sanctions 5 tankers over iranian oil trade,LLaMA Ground Truth / Sanctions Policy,Other,5.0,HIGH,"OFAC designated 8 entities over iranian oil, 5 of them vessels",https://krude.energy/intelligence
EVT_1289,2026-08-20T08:00:00Z,Treasury designates 1 tanker and 4 firms in iranian oil action,LLaMA Ground Truth / Sanctions Policy,Other,5.0,HIGH,"OFAC designated 5 entities over iranian oil, 1 of them vessels",https://krude.energy/intelligence
EVT_1290,2026-08-20T08:00:00Z,Us sanctions 1 tanker over iranian oil designations span gabon,LLaMA Ground Truth / Sanctions Policy,Other,4.0,MEDIUM,"OFAC designated 1 entity over iranian oil, 1 of them vessels",https://krude.energy/intelligence
EVT_1291,2026-08-20T08:00:00Z,Us sanctions 6 tankers over iranian oil trade,LLaMA Ground Truth / Sanctions Policy,Other,5.0,HIGH,"OFAC designated 8 entities over iranian oil, 6 of them vessels",https://krude.energy/intelligence
EVT_1292,2026-08-20T08:00:00Z,Us targets 3 shipping and trading firms over iranian oil,LLaMA Ground Truth / Sanctions Policy,Other,5.0,HIGH,OFAC designated 3 entities over iranian oil,https://krude.energy/intelligence
EVT_1293,2026-08-20T08:00:00Z,Ofac adds 1 company to sdn list over iranian oil designations span china and hong kong,LLaMA Ground Truth / Sanctions Policy,Other,4.0,MEDIUM,OFAC designated 1 entity over iranian oil,https://krude.energy/intelligence
EVT_1294,2026-08-20T08:00:00Z,Treasury designates 1 tanker and 4 firms in iranian oil action china and hong kong based operators named,LLaMA Ground Truth / Sanctions Policy,Other,5.0,HIGH,"OFAC designated 5 entities over iranian oil, 1 of them vessels",https://krude.energy/intelligence
EVT_1295,2026-08-20T08:00:00Z,9 more tankers sanctioned as us tightens iranian oil enforcement vessels flagged in uae and panama listed,LLaMA Ground Truth / Sanctions Policy,Other,5.0,HIGH,"OFAC designated 16 entities over iranian oil, 9 of them vessels",https://krude.energy/intelligence
EVT_1296,2026-08-20T08:00:00Z,Treasury targets 62 tankers moving iranian oil in expanded sanctions package liberia and panama based operators named,LLaMA Ground Truth / Sanctions Policy,Other,6.0,HIGH,"OFAC designated 92 entities over iranian oil, 62 of them vessels",https://krude.energy/intelligence
EVT_1297,2026-08-20T08:00:00Z,Us sanctions 9 tankers over iranian oil trade,LLaMA Ground Truth / Sanctions Policy,Other,5.0,HIGH,"OFAC designated 10 entities over iranian oil, 9 of them vessels",https://krude.energy/intelligence
EVT_1298,2026-08-20T08:00:00Z,Washington designates 33 ships 12 companies in fresh iranian oil sanctions round designations span panama and palau,LLaMA Ground Truth / Sanctions Policy,Other,6.0,HIGH,"OFAC designated 45 entities over iranian oil, 33 of them vessels",https://krude.energy/intelligence
EVT_1299,2026-08-20T08:00:00Z,Treasury blacklists 12 entities in russian oil sanctions action russia based operators named,LLaMA Ground Truth / Sanctions Policy,Other,5.0,HIGH,OFAC designated 12 entities over russian oil,https://krude.energy/intelligence
EVT_1300,2026-08-20T08:00:00Z,6 companies added to us sanctions list over russian sanctions evasion dealings russia registered entities included,LLaMA Ground Truth / Sanctions Policy,Other,5.0,HIGH,OFAC designated 6 entities over russian sanctions evasion,https://krude.energy/intelligence
EVT_1301,2026-08-20T08:00:00Z,Us adds 9 tankers to sdn list over iranian oil shipments,LLaMA Ground Truth / Sanctions Policy,Other,5.0,HIGH,"OFAC designated 18 entities over iranian oil, 9 of them vessels",https://krude.energy/intelligence
EVT_1302,2026-08-20T08:00:00Z,Us sanctions 5 tankers over venezuelan oil trade,LLaMA Ground Truth / Sanctions Policy,Other,5.0,HIGH,"OFAC designated 5 entities over venezuelan oil, 5 of them vessels",https://krude.energy/intelligence
EVT_1303,2026-08-20T08:00:00Z,Treasury designates 4 tankers in venezuelan oil action,LLaMA Ground Truth / Sanctions Policy,Other,5.0,HIGH,"OFAC designated 4 entities over venezuelan oil, 4 of them vessels",https://krude.energy/intelligence
EVT_1304,2026-08-20T08:00:00Z,Us sanctions 9 tankers over iranian oil trade vessels flagged in palau and comoros listed,LLaMA Ground Truth / Sanctions Policy,Other,5.0,HIGH,"OFAC designated 13 entities over iranian oil, 9 of them vessels",https://krude.energy/intelligence
EVT_1305,2026-08-20T08:00:00Z,Ofac designates 14 vessels 2 entities in iranian oil sanctions action panama and cameroon based operators named,LLaMA Ground Truth / Sanctions Policy,Other,5.0,HIGH,"OFAC designated 16 entities over iranian oil, 14 of them vessels",https://krude.energy/intelligence
EVT_1306,2026-08-20T08:00:00Z,Treasury blacklists 12 ships tied to iranian oil exports,LLaMA Ground Truth / Sanctions Policy,Other,5.0,HIGH,"OFAC designated 21 entities over iranian oil, 12 of them vessels",https://krude.energy/intelligence
EVT_1307,2026-08-20T08:00:00Z,Us adds 9 tankers to sdn list over iranian oil shipments vessels flagged in panama and cameroon listed,LLaMA Ground Truth / Sanctions Policy,Other,5.0,HIGH,"OFAC designated 13 entities over iranian oil, 9 of them vessels",https://krude.energy/intelligence
EVT_1308,2026-08-20T08:00:00Z,18 more tankers sanctioned as us tightens iranian oil enforcement,LLaMA Ground Truth / Sanctions Policy,Other,5.0,HIGH,"OFAC designated 29 entities over iranian oil, 18 of them vessels",https://krude.energy/intelligence
EVT_1309,2026-08-20T08:00:00Z,Ofac adds 2 companies to sdn list over iranian oil china and hong kong registered entities included,LLaMA Ground Truth / Sanctions Policy,Other,4.0,MEDIUM,OFAC designated 2 entities over iranian oil,https://krude.energy/intelligence
EVT_1310,2026-08-20T08:00:00Z,Treasury designates 1 tanker and 1 firm in iranian oil action vessels flagged in china and panama listed,LLaMA Ground Truth / Sanctions Policy,Other,4.0,MEDIUM,"OFAC designated 2 entities over iranian oil, 1 of them vessels",https://krude.energy/intelligence
EVT_1311,2026-08-20T08:00:00Z,Ofac designates 8 vessels 4 entities in iranian oil sanctions action panama and china based operators named,LLaMA Ground Truth / Sanctions Policy,Other,5.0,HIGH,"OFAC designated 12 entities over iranian oil, 8 of them vessels",https://krude.energy/intelligence
EVT_1312,2026-08-20T08:00:00Z,Treasury blacklists 6 ships tied to iranian oil exports,LLaMA Ground Truth / Sanctions Policy,Other,5.0,HIGH,"OFAC designated 14 entities over iranian oil, 6 of them vessels",https://krude.energy/intelligence
EVT_1313,2026-08-20T08:00:00Z,Treasury targets 20 tankers moving iranian oil in expanded sanctions package designations span uae and palau,LLaMA Ground Truth / Sanctions Policy,Other,6.0,HIGH,"OFAC designated 35 entities over iranian oil, 20 of them vessels",https://krude.energy/intelligence
