{"type": "FeatureCollection", "features": [{"type": "Feature", "properties": {"name": "Congo"}, "geometry": {"type": "Polygon", "coordinates": [[[18.393792351971143, 2.90044342692822], [18.094275750407434, 2.365721543788055], [17.898835483479587, 1.7418319767282782], [17.774191928791566, 0.8556586775710854], [17.826540154703252, 0.28892324462610475], [17.66355268725468, -0.05808399821381727], [17.638644646889986, -0.4248316381892465], [17.523716261472856, -0.743830254726987], [16.865306837642123, -1.2258163387132868], [16.407091912510054, -1.7409270157986825], [15.972803175529151, -2.7123922664536124], [16.0062895036543, -3.535132744972529], [15.753540073314753, -3.8551648901560966], [15.170991652088444, -4.343507175314301], [15.0, -4.525641968615607], [15.0, 2.0117728326974955], [15.146341993885244, 1.9640147973671844], [15.940918816805066, 1.7276726342802957], [16.012852410555354, 2.267639675298085], [16.537058139724138, 3.198254706226279], [17.133042433346304, 3.728196519379452], [17.809900343505262, 3.5601964379985698], [18.45306521980993, 3.5043858911233485], [18.393792351971143, 2.90044342692822]]]}}, {"type": "Feature", "properties": {"name": "Cameroon"}, "geometry": {"type": "MultiPolygon", "coordinates": [[[[15.467872755605242, 9.982336737503545], [15.0, 9.990540094941192], [15.0, 10.763679353196643], [15.467872755605242, 9.982336737503545]]], [[[15.120865512765306, 8.382150173369439], [15.436091749745742, 7.692812404811889], [15.279460483469109, 7.421924546737969], [15.0, 6.858782382608044], [15.0, 8.737320088999171], [15.120865512765306, 8.382150173369439]]], [[[15.036219516671252, 3.8513672957471243], [15.405395948964383, 3.33530060466434], [15.862732374747482, 3.0135372989989833], [15.907380812247652, 2.557389431158612], [16.012852410555354, 2.267639675298085], [15.940918816805066, 1.7276726342802957], [15.146341993885244, 1.9640147973671844], [15.0, 2.0117728326974955], [15.0, 4.003873412155325], [15.036219516671252, 3.8513672957471243]]]]}}, {"type": "Feature", "properties": {"name": "Niger"}, "geometry": {"type": "Polygon", "coordinates": [[[15.096887648181848, 21.30851878507491], [15.47106000000008, 21.04845000000006], [15.487148064850146, 20.730414537025638], [15.903246697664315, 20.387618923417506], [15.685740594147774, 19.957180080642388], [15.30044111497972, 17.927949937405003], [15.247731154041844, 16.627305813050782], [15.0, 16.4441749796805], [15.0, 21.92176291925491], [15.096887648181848, 21.30851878507491]]]}}, {"type": "Feature", "properties": {"name": "Central African Rep."}, "geometry": {"type": "Polygon", "coordinates": [[[27.04406538260471, 5.127852688004836], [26.402760857862543, 5.1508745385908705], [25.650455356557472, 5.256087754737123], [25.278798455514305, 5.170408229997192], [25.12883344900328, 4.92724477784779], [24.805028924262416, 4.89724660890235], [24.410531040146253, 5.10878408448913], [23.29721398285014, 4.609693101414223], [22.841479526468106, 4.710126247573484], [22.70412356943629, 4.633050848810157], [22.405123732195538, 4.029160061047321], [21.659122755630023, 4.22434194581372], [20.927591180106276, 4.322785549329737], [20.290679152108936, 4.691677761245288], [19.46778364429315, 5.03152781821278], [18.93231245288476, 4.709506130385975], [18.54298221199778, 4.201785183118318], [18.45306521980993, 3.5043858911233485], [17.809900343505262, 3.5601964379985698], [17.133042433346304, 3.728196519379452], [16.537058139724138, 3.198254706226279], [16.012852410555354, 2.267639675298085], [15.907380812247652, 2.557389431158612], [15.862732374747482, 3.0135372989989833], [15.405395948964383, 3.33530060466434], [15.036219516671252, 3.8513672957471243], [15.0, 4.003873412155325], [15.0, 6.858782382608044], [15.279460483469109, 7.421924546737969], [16.106231723706742, 7.497087917506462], [16.290561557691888, 7.754307359239419], [16.456184523187346, 7.734773667832968], [16.705988396886255, 7.5083275415299795], [17.964929640380888, 7.890914008002994], [18.38955488452322, 8.281303615751824], [18.911021762780507, 8.630894680206353], [18.812009718509273, 8.982914536978598], [19.09400800952602, 9.07484691002584], [20.05968549976427, 9.012706000194854], [21.000868361096167, 9.475985215691509], [21.723821648859456, 10.567055568885976], [22.23112918466876, 10.97188873946061], [22.864165480244225, 11.142395127807546], [22.97754357269261, 10.71446259199854], [23.554304233502194, 10.089255275915308], [23.55724979014283, 9.681218166538684], [23.394779087017184, 9.265067857292223], [23.459012892355986, 8.954285793488893], [23.805813429466752, 8.666318874542526], [24.567369012152085, 8.229187933785468], [25.11493248871679, 7.825104071479174], [25.124130893664727, 7.500085150579437], [25.79664798351118, 6.979315904158071], [26.213418409945117, 6.546603298362072], [26.465909458123235, 5.9467174341018705], [27.21340905122517, 5.5509534773945575], [27.37422610851749, 5.233944403500061], [27.04406538260471, 5.127852688004836]]]}}, {"type": "Feature", "properties": {"name": "S. Sudan"}, "geometry": {"type": "Polygon", "coordinates": [[[29.953500197069474, 4.173699042167684], [29.71599531425602, 4.600804755060153], [29.1590784034465, 4.389267279473231], [28.696677687298802, 4.455077215996937], [28.428993768026913, 4.287154649264494], [27.97997724784281, 4.408413397637375], [27.37422610851749, 5.233944403500061], [27.21340905122517, 5.5509534773945575], [26.465909458123235, 5.9467174341018705], [26.213418409945117, 6.546603298362072], [25.79664798351118, 6.979315904158071], [25.124130893664727, 7.500085150579437], [25.11493248871679, 7.825104071479174], [24.567369012152085, 8.229187933785468], [23.886979580860668, 8.619729712933065], [24.19406772118765, 8.728696472403897], [24.53741516360202, 8.91753756573172], [24.794925745412684, 9.810240916008695], [25.069603699343986, 10.273759963267992], [25.790633328413946, 10.411098940233728], [25.962307049621018, 10.136420986302426], [26.477328213242515, 9.552730334198088], [26.752006167173818, 9.466893473594496], [27.112520981708883, 9.638567194801624], [27.833550610778786, 9.60423245056029], [27.970889587744352, 9.398223985111656], [28.966597170745786, 9.398223985111656], [29.000931914987177, 9.60423245056029], [29.515953078608618, 9.793073543888056], [29.61895731133285, 10.084918869940225], [29.996639497988554, 10.290927335388687], [30.837840731903384, 9.70723668328452], [31.35286189552488, 9.810240916008695], [31.850715687025513, 10.531270545078826], [32.400071594888345, 11.080626452941488], [32.31423473428475, 11.68148447716652], [32.073891524594785, 11.973329803218519], [32.67474954881965, 12.02483191958072], [32.743419037302544, 12.248007757149992], [33.206938084561784, 12.179338268667095], [33.086766479716744, 11.441141267476496], [33.206938084561784, 10.720111638406593], [33.72195924818311, 10.325262079630193], [33.84213085302815, 9.981914637215993], [33.82496348090751, 9.484060845715362], [33.963392794971185, 9.464285229420625], [33.97498000000007, 8.68455999999992], [33.82550000000015, 8.37916000000007], [33.29480000000012, 8.354580000000055], [32.954180000000065, 7.784970000000101], [33.568290000000104, 7.7133400000000165], [34.07510000000002, 7.2259500000000685], [34.250320000000045, 6.8260700000000725], [34.70702, 6.594220000000121], [35.29800711823298, 5.506], [34.62019626785388, 4.8471227420819885], [34.005, 4.249884947362048], [33.3900000000001, 3.7899999999999636], [32.686420000000055, 3.7923200000000747], [31.881449999999973, 3.558269999999993], [31.24556000000007, 3.7819000000000074], [30.833852421715427, 3.5091716042224625], [29.953500197069474, 4.173699042167684]]]}}, {"type": "Feature", "properties": {"name": "Chad"}, "geometry": {"type": "Polygon", "coordinates": [[[23.886890000000108, 15.610839999999996], [23.024590000000103, 15.680720000000065], [22.56795000000011, 14.944290000000137], [22.30350999999996, 14.326820000000055], [22.512020000000007, 14.093179999999961], [22.18329, 13.78648000000004], [22.296580000000006, 13.372319999999945], [22.037589999999966, 12.95545999999996], [21.93680999999998, 12.588180000000136], [22.288010000000043, 12.646049999999946], [22.497619999999984, 12.260240000000067], [22.50869, 11.679360000000031], [22.876219999999932, 11.384610000000123], [22.864165480244225, 11.142395127807546], [22.23112918466876, 10.97188873946061], [21.723821648859456, 10.567055568885976], [21.000868361096167, 9.475985215691509], [20.05968549976427, 9.012706000194854], [19.09400800952602, 9.07484691002584], [18.812009718509273, 8.982914536978598], [18.911021762780507, 8.630894680206353], [18.38955488452322, 8.281303615751824], [17.964929640380888, 7.890914008002994], [16.705988396886255, 7.5083275415299795], [16.456184523187346, 7.734773667832968], [16.290561557691888, 7.754307359239419], [16.106231723706742, 7.497087917506462], [15.279460483469109, 7.421924546737969], [15.436091749745742, 7.692812404811889], [15.120865512765306, 8.382150173369439], [15.0, 8.737320088999171], [15.0, 9.990540094941192], [15.467872755605242, 9.982336737503545], [15.0, 10.763679353196643], [15.0, 16.4441749796805], [15.247731154041844, 16.627305813050782], [15.30044111497972, 17.927949937405003], [15.685740594147774, 19.957180080642388], [15.903246697664315, 20.387618923417506], [15.487148064850146, 20.730414537025638], [15.47106000000008, 21.04845000000006], [15.096887648181848, 21.30851878507491], [15.0, 21.92176291925491], [15.0, 22.94348558417125], [15.860850000000084, 23.409719999999993], [19.849260000000072, 21.49509000000006], [23.83766000000014, 19.580470000000105], [23.886890000000108, 15.610839999999996]]]}}, {"type": "Feature", "properties": {"name": "Libya"}, "geometry": {"type": "Polygon", "coordinates": [[[25.000000000000114, 20.003040000000055], [23.850000000000136, 20.000000000000057], [23.83766000000014, 19.580470000000105], [19.849260000000072, 21.49509000000006], [15.860850000000084, 23.409719999999993], [15.0, 22.94348558417125], [15.0, 32.34780137940397], [15.245630000000006, 32.26508000000007], [15.713939999999923, 31.376259999999945], [16.611620000000016, 31.18217999999996], [18.02108999999996, 30.76356999999996], [19.08641, 30.26639], [19.574040000000082, 30.52582000000001], [20.053349999999966, 30.985760000000028], [19.82033000000007, 31.751790000000142], [20.13396999999992, 32.238200000000006], [20.854520000000093, 32.70679999999999], [21.54298, 32.843200000000024], [22.895760000000053, 32.63857999999999], [23.236800000000017, 32.191490000000044], [23.609130000000107, 32.18725999999998], [23.92750000000001, 32.01667000000009], [24.921139999999923, 31.89936], [25.16482, 31.56915], [24.802869999999984, 31.089290000000005], [24.957620000000002, 30.6616], [24.70007, 30.044190000000004], [25.0, 29.23865452953346], [25.0, 25.682499996361], [25.0, 22.0], [25.000000000000114, 20.003040000000055]]]}}, {"type": "Feature", "properties": {"name": "Greece"}, "geometry": {"type": "MultiPolygon", "coordinates": [[[[26.16499759288766, 35.00499542900977], [24.724982130642303, 34.91998769788964], [24.735007358506916, 35.08499054619759], [23.51497846852808, 35.27999156345098], [23.699980096133004, 35.70500438083549], [24.246665073348705, 35.368022365860185], [25.02501549652891, 35.42499563246197], [25.769207797964185, 35.35401805270908], [25.745023227651586, 35.1799976669662], [26.290002882601698, 35.29999034274793], [26.16499759288766, 35.00499542900977]]], [[[24.040011020613576, 37.655014553369426], [23.115002882589124, 37.920011298162194], [23.409971958111043, 37.40999074965737], [22.77497195810861, 37.30501007745653], [23.15422529469862, 36.422505804992056], [22.490028110451078, 36.4100001083774], [21.67002648284364, 36.8449864771942], [21.29501061370155, 37.64498932550464], [21.201646253014914, 38.0], [24.030860213010616, 38.0], [24.040011020613576, 37.655014553369426]]]]}}, {"type": "Feature", "properties": {"name": "Italy"}, "geometry": {"type": "MultiPolygon", "coordinates": [[[[16.100960727613, 37.9858987493342], [15.684086948314473, 37.908849188787016], [15.685242413680982, 38.0], [16.10974246689611, 38.0], [16.100960727613, 37.9858987493342]]], [[[15.160242954171736, 37.44404551853776], [15.309897902089006, 37.13421946873183], [15.099988234119422, 36.6199872909954], [15.0, 36.669231445626075], [15.0, 38.0], [15.414613618998601, 38.0], [15.160242954171736, 37.44404551853776]]]]}}, {"type": "Feature", "properties": {"name": "Indonesia"}, "geometry": {"type": "MultiPolygon", "coordinates": [[[[111.70329064336005, -2.9944422339026535], [111.04824018762824, -3.0494259578612106], [110.223846063276, -2.9340324845534553], [110.07093550012434, -1.5928740372824635], [109.571947869914, -1.3149065079844746], [109.0918738139225, -0.45950652425709393], [108.9526575053282, 0.41537547444431766], [109.06913618371408, 1.3419339054376138], [109.66326012577375, 2.0064669864949565], [109.83022667850881, 1.3381356876641632], [110.51406090702716, 0.7731314152009645], [111.15913781132662, 0.976478176269481], [111.79754845586041, 0.9044412296546085], [112.0, 1.0801320406849333], [112.0, -3.388023413071659], [111.70329064336005, -2.9944422339026535]]], [[[108.62347863162896, -6.777673841990705], [110.53922732955328, -6.877357679881726], [110.75957563684585, -6.465186455921747], [112.0, -6.786685820818247], [112.0, -8.33623816283232], [111.52206139531245, -8.302128594600973], [110.58614953007432, -8.122604668819001], [109.42766727095511, -7.740664157749762], [108.69365522668133, -7.641600437046243], [108.27776329959633, -7.766657403192576], [106.45410200401612, -7.354899590690934], [106.28062422081231, -6.924899997590252], [105.36548628135552, -6.851416110871206], [106.05164594932702, -5.895918877794472], [107.2650085795402, -5.954985039904081], [108.07209109907467, -6.3457622208952245], [108.48684614464926, -6.42198495852574], [108.62347863162896, -6.777673841990705]]], [[[104.53949018760221, -1.7823715144967662], [104.88789269411402, -2.340425306816705], [105.62211144411697, -2.4288436824680986], [106.10859337771265, -3.0617766251789647], [105.85744591677414, -4.305524997579774], [105.8176550639094, -5.85235564537242], [104.71038414919144, -5.873284600450632], [103.86821333213078, -5.037314955264996], [102.5842606954069, -4.2202588842981825], [102.156173130301, -3.6141460099468006], [101.39911339722507, -2.7997771134591645], [100.90250288290015, -2.050262139497832], [100.14198082886065, -0.6503475887109857], [99.26373986206028, 0.1831415877246343], [98.97001102091326, 1.042882391764536], [98.60135135294306, 1.8235065779655741], [97.69959760944985, 2.45318390544206], [97.17694217324984, 3.3087905948985963], [96.42401655475726, 3.868859768077925], [95.3808760925135, 4.970782172053688], [95.29302615761729, 5.479820868344788], [95.93686282754174, 5.439513251157123], [97.4848820332771, 5.246320909033955], [98.36916914265566, 4.2683702661263965], [99.1425586283358, 3.590349636240873], [99.69399783732241, 3.174328518075143], [100.64143354696162, 2.099381211755741], [101.65801232300734, 2.0836974145551608], [102.49827111207323, 1.3987004663102311], [103.07684044801303, 0.5613613956688681], [103.83839603069836, 0.10454173420869493], [103.4376452982749, -0.7119458960029021], [104.01078860882404, -1.0592115210042863], [104.36999148968489, -1.0848430314210589], [104.53949018760221, -1.7823715144967662]]]]}}, {"type": "Feature", "properties": {"name": "Malaysia"}, "geometry": {"type": "MultiPolygon", "coordinates": [[[[100.25959638875696, 6.6428248152895435], [101.07551557821336, 6.2048670516159214], [101.15421878459387, 5.691384182147715], [101.81428185425798, 5.8108084171742425], [102.14118696493638, 6.221636053894628], [102.37114708863521, 6.128205064310919], [102.96170535686673, 5.524495144061106], [103.38121463421217, 4.8550011255037475], [103.43857547405612, 4.181605536308339], [103.33212202353486, 3.726697902842986], [103.42942874554049, 3.3828687605890053], [103.50244754436889, 2.7910185815501762], [103.8546741068703, 2.515454006353764], [104.24793175661145, 1.6311410587590842], [104.22881147666348, 1.2930480004894918], [103.51970747275439, 1.2263337264006822], [102.57361535035477, 1.9671153833046873], [101.39063846232919, 2.760813706875581], [101.27353966675582, 3.270291652841152], [100.69543541870664, 3.9391397159948696], [100.55740766805502, 4.767280381688295], [100.19670617065775, 5.312492580583708], [100.30626020711652, 6.0405618351439045], [100.0857568705271, 6.4644894474502905], [100.25959638875696, 6.6428248152895435]]], [[[111.79754845586041, 0.9044412296546085], [111.15913781132662, 0.976478176269481], [110.51406090702716, 0.7731314152009645], [109.83022667850881, 1.3381356876641632], [109.66326012577375, 2.0064669864949565], [110.3961352885371, 1.663774725751395], [111.16885298059748, 1.8506367049188128], [111.37008100794205, 2.6973033715888595], [111.7969283386729, 2.885896511238059], [112.0, 2.922573900664246], [112.0, 1.0801320406849333], [111.79754845586041, 0.9044412296546085]]]]}}, {"type": "Feature", "properties": {"name": "Lesotho"}, "geometry": {"type": "Polygon", "coordinates": [[[29.32516645683259, -29.257386976846256], [29.018415154748027, -29.74376555757737], [28.84839969250774, -30.070050551068256], [28.29106937023991, -30.2262167294543], [28.107204624145425, -30.54573211031495], [27.749397006956485, -30.645105889612225], [26.999261915807637, -29.875953871379984], [27.532511020627478, -29.24271087007536], [28.074338413207784, -28.851468601193588], [28.541700066855498, -28.64750172293757], [28.978262566857243, -28.95559661226171], [29.32516645683259, -29.257386976846256]]]}}, {"type": "Feature", "properties": {"name": "South Africa"}, "geometry": {"type": "Polygon", "coordinates": [[[16.824017368240902, -28.08216155366447], [17.218928663815404, -28.35594329194681], [17.387497185951503, -28.78351409272978], [17.83615197110953, -28.85637786226132], [18.464899122804752, -29.04546192801728], [19.002127312911085, -28.972443129188868], [19.894734327888614, -28.461104831660776], [19.895767856534434, -24.76779021576059], [20.16572553882719, -24.91796192800077], [20.75860924651184, -25.86813648855145], [20.66647016773544, -26.477453301704923], [20.88960900237174, -26.828542982695915], [21.605896030369394, -26.726533705351756], [22.105968865657868, -26.280256036079138], [22.57953169118059, -25.979447523708146], [22.8242712745149, -25.50045867279477], [23.312096795350186, -25.26868987396572], [23.73356977712271, -25.390129489851617], [24.211266717228796, -25.670215752873574], [25.025170525825786, -25.7196700985769], [25.66466637543772, -25.486816094669713], [25.76584882986521, -25.17484547292368], [25.94165205252216, -24.69637338633322], [26.4857532081233, -24.616326592713104], [26.786406691197413, -24.240690606383485], [27.119409620886245, -23.574323011979775], [28.01723595552525, -22.82775359465908], [29.43218834810904, -22.091312758067588], [29.839036899542972, -22.102216485281176], [30.322883335091774, -22.271611830333935], [30.65986535006709, -22.151567478119915], [31.19140913262129, -22.2515096981724], [31.670397983534656, -23.658969008073864], [31.930588820124253, -24.36941659922254], [31.75240848158188, -25.484283949487413], [31.83777794772806, -25.84333180105135], [31.333157586397903, -25.66019052500895], [31.04407962415715, -25.731452325139443], [30.949666782359913, -26.02264902110415], [30.67660851412964, -26.398078301704608], [30.68596194837448, -26.743845310169533], [31.28277306491333, -27.285879408478998], [31.86806033705108, -27.177927341421277], [32.07166548028107, -26.73382008230491], [32.830120477028885, -26.742191664336197], [32.580264926897684, -27.470157566031816], [32.46213260267845, -28.301011244420557], [32.20338870619304, -28.75240488049007], [31.521001417778876, -29.257386976846256], [31.325561150851, -29.401977634398914], [30.901762729625347, -29.909956963828037], [30.62281334811382, -30.42377573010613], [30.05571618014278, -31.140269463832958], [28.92555260591954, -32.1720411109725], [28.2197558936771, -32.771952813448856], [27.464608188595975, -33.2269637997788], [26.419452345492825, -33.61495045342619], [25.90966434093349, -33.6670402971764], [25.780628289500697, -33.94464609144834], [25.172861769315972, -33.796851495093584], [24.677853224392123, -33.98717579522455], [23.594043409934642, -33.794474379208154], [22.988188917744736, -33.91643075941698], [22.574157342222236, -33.86408253350531], [21.542799106541025, -34.258838799782936], [20.689052768647002, -34.417175388325234], [20.071261020597632, -34.79513681410799], [19.61640506356457, -34.81916635512371], [19.193278435958717, -34.46259897230979], [18.85531456876987, -34.444305515278465], [18.42464318204938, -33.99787281670897], [18.377410922934615, -34.13652068454807], [18.24449913907992, -33.86775156019803], [18.250080193767445, -33.28143075941444], [17.92519046394844, -32.61129078545343], [18.247909783611192, -32.42913136162457], [18.22176150887148, -31.66163298922567], [17.56691775886887, -30.725721123987547], [17.064416131262703, -29.878641045859162], [17.062917514726223, -29.875953871379984], [16.344976840895242, -28.5767050106977], [16.824017368240902, -28.08216155366447]], [[28.541700066855498, -28.64750172293757], [28.074338413207784, -28.851468601193588], [27.532511020627478, -29.24271087007536], [26.999261915807637, -29.875953871379984], [27.749397006956485, -30.645105889612225], [28.107204624145425, -30.54573211031495], [28.29106937023991, -30.2262167294543], [28.84839969250774, -30.070050551068256], [29.018415154748027, -29.74376555757737], [29.32516645683259, -29.257386976846256], [28.978262566857243, -28.95559661226171], [28.541700066855498, -28.64750172293757]]]}}, {"type": "Feature", "properties": {"name": "Namibia"}, "geometry": {"type": "Polygon", "coordinates": [[[19.894734327888614, -28.461104831660776], [19.002127312911085, -28.972443129188868], [18.464899122804752, -29.04546192801728], [17.83615197110953, -28.85637786226132], [17.387497185951503, -28.78351409272978], [17.218928663815404, -28.35594329194681], [16.824017368240902, -28.08216155366447], [16.344976840895242, -28.5767050106977], [15.601818068105816, -27.821247247022804], [15.21047244635946, -27.090955905874047], [15.0, -26.162748768839453], [15.0, -17.344688160636327], [18.263309360434164, -17.309950860262006], [18.956186964603603, -17.789094740472258], [21.377176141045567, -17.930636488519696], [23.215048455506064, -17.523116143465984], [24.033861525170778, -17.295843194246324], [24.682349074001507, -17.353410739819473], [25.07695031098226, -17.57882333747662], [25.08444339366457, -17.661815687737374], [24.520705193792537, -17.887124932529936], [24.217364536239213, -17.88934701911849], [23.579005568137717, -18.28126108162006], [23.1968583513393, -17.869038181227786], [21.655040317478978, -18.219146010005225], [20.910641310314535, -18.252218926672022], [20.88113406747587, -21.814327080983148], [19.89545779794068, -21.84915699634787], [19.895767856534434, -24.76779021576059], [19.894734327888614, -28.461104831660776]]]}}, {"type": "Feature", "properties": {"name": "Botswana"}, "geometry": {"type": "Polygon", "coordinates": [[[28.01723595552525, -22.82775359465908], [27.119409620886245, -23.574323011979775], [26.786406691197413, -24.240690606383485], [26.4857532081233, -24.616326592713104], [25.94165205252216, -24.69637338633322], [25.76584882986521, -25.17484547292368], [25.66466637543772, -25.486816094669713], [25.025170525825786, -25.7196700985769], [24.211266717228796, -25.670215752873574], [23.73356977712271, -25.390129489851617], [23.312096795350186, -25.26868987396572], [22.8242712745149, -25.50045867279477], [22.57953169118059, -25.979447523708146], [22.105968865657868, -26.280256036079138], [21.605896030369394, -26.726533705351756], [20.88960900237174, -26.828542982695915], [20.66647016773544, -26.477453301704923], [20.75860924651184, -25.86813648855145], [20.16572553882719, -24.91796192800077], [19.895767856534434, -24.76779021576059], [19.89545779794068, -21.84915699634787], [20.88113406747587, -21.814327080983148], [20.910641310314535, -18.252218926672022], [21.655040317478978, -18.219146010005225], [23.1968583513393, -17.869038181227786], [23.579005568137717, -18.28126108162006], [24.217364536239213, -17.88934701911849], [24.520705193792537, -17.887124932529936], [25.08444339366457, -17.661815687737374], [25.264225701608012, -17.736539808831417], [25.649163445750162, -18.53602589281899], [25.85039147309473, -18.714412937090536], [26.164790887158485, -19.29308562589494], [27.296504754350508, -20.391519870691], [27.724747348753255, -20.49905852629039], [27.72722781750326, -20.851801853114715], [28.021370070108617, -21.485975030200585], [28.794656202924216, -21.63945403410745], [29.43218834810904, -22.091312758067588], [28.01723595552525, -22.82775359465908]]]}}, {"type": "Feature", "properties": {"name": "Zimbabwe"}, "geometry": {"type": "Polygon", "coordinates": [[[30.65986535006709, -22.151567478119915], [30.322883335091774, -22.271611830333935], [29.839036899542972, -22.102216485281176], [29.43218834810904, -22.091312758067588], [28.794656202924216, -21.63945403410745], [28.021370070108617, -21.485975030200585], [27.72722781750326, -20.851801853114715], [27.724747348753255, -20.49905852629039], [27.296504754350508, -20.391519870691], [26.164790887158485, -19.29308562589494], [25.85039147309473, -18.714412937090536], [25.649163445750162, -18.53602589281899], [25.264225701608012, -17.736539808831417], [26.381935255648926, -17.8460421688579], [26.70677330903564, -17.961228936436484], [27.044427117630732, -17.938026218337434], [27.59824344250276, -17.290830580314008], [28.467906121542683, -16.468400160388846], [28.8258687680285, -16.389748630440614], [28.947463413211267, -16.04305144619444], [29.516834344203147, -15.644677829656388], [30.27425581230511, -15.507786960515213], [30.338954705534544, -15.880839125230246], [31.17306399915768, -15.860943698797874], [31.636498243951195, -16.071990248277885], [31.8520406430406, -16.319417006091378], [32.32823896661023, -16.392074069893752], [32.847638787575846, -16.713398125884616], [32.84986087416439, -17.97905730557718], [32.65488569512715, -18.672089939043495], [32.61199425632489, -19.419382826416275], [32.772707960752626, -19.715592136313298], [32.65974327976258, -20.304290052982317], [32.50869306817344, -20.395292250248307], [32.244988234188014, -21.116488539313693], [31.19140913262129, -22.2515096981724], [30.65986535006709, -22.151567478119915]]]}}, {"type": "Feature", "properties": {"name": "Zambia"}, "geometry": {"type": "Polygon", "coordinates": [[[31.15775133695005, -8.594578747317366], [31.556348097466497, -8.762048841998642], [32.19186486179194, -8.930358981973257], [32.75937544122132, -9.23059905358906], [33.2313879737753, -9.6767216935648], [33.48568769708359, -10.525558770391115], [33.315310499817286, -10.796549981329697], [33.114289178201915, -11.607198174692314], [33.306422153463075, -12.435778090060218], [32.991764357237884, -12.783870537978274], [32.68816531752313, -13.712857761289277], [33.214024692525214, -13.971860039936153], [30.17948123548183, -14.796099134991529], [30.27425581230511, -15.507786960515213], [29.516834344203147, -15.644677829656388], [28.947463413211267, -16.04305144619444], [28.8258687680285, -16.389748630440614], [28.467906121542683, -16.468400160388846], [27.59824344250276, -17.290830580314008], [27.044427117630732, -17.938026218337434], [26.70677330903564, -17.961228936436484], [26.381935255648926, -17.8460421688579], [25.264225701608012, -17.736539808831417], [25.08444339366457, -17.661815687737374], [25.07695031098226, -17.57882333747662], [24.682349074001507, -17.353410739819473], [24.033861525170778, -17.295843194246324], [23.215048455506064, -17.523116143465984], [22.56247846852426, -16.898451429921813], [21.887842644953874, -16.08031015387688], [21.933886346125917, -12.898437188369359], [24.016136508894675, -12.911046237848574], [23.930922072045377, -12.565847670138856], [24.079905226342845, -12.191296888887365], [23.904153680118185, -11.722281589406322], [24.01789350759259, -11.23729827234709], [23.912215203555718, -10.926826267137514], [24.25715538910399, -10.951992689663657], [24.31451622894795, -11.26282642989927], [24.78316979340295, -11.238693536018964], [25.418118116973204, -11.330935967659961], [25.752309604604733, -11.784965101776358], [26.553087599399618, -11.924439792532127], [27.164419793412463, -11.608748467661075], [27.388798862423783, -12.132747491100666], [28.155108676879987, -12.272480564017897], [28.523561639121027, -12.698604424696683], [28.934285922976837, -13.248958428605135], [29.69961388521949, -13.257226657771831], [29.61600141777123, -12.178894545137311], [29.34154788586909, -12.360743910372413], [28.642417433392353, -11.971568698782315], [28.372253045370428, -11.793646742401393], [28.49606977714177, -10.789883721564046], [28.67368167492893, -9.605924981324932], [28.449871046672826, -9.164918308146085], [28.734866570762502, -8.526559340044578], [29.00291222506047, -8.407031752153472], [30.346086053190817, -8.238256524288218], [30.740009731422095, -8.34000593035372], [31.15775133695005, -8.594578747317366]]]}}, {"type": "Feature", "properties": {"name": "Angola"}, "geometry": {"type": "Polygon", "coordinates": [[[16.326528354567046, -5.877470391466268], [16.573179965896145, -6.6226445451150875], [16.8601908708452, -7.2222978654299865], [17.08999596524717, -7.545688978712526], [17.472970004962235, -8.0685511206417], [18.13422163256905, -7.987677504104923], [18.464175652752687, -7.847014255406443], [19.01675174324967, -7.988245944860132], [19.16661339689611, -7.738183688999754], [19.41750247567316, -7.155428562044299], [20.037723016040218, -7.116361179231646], [20.091621534920648, -6.943090101756994], [20.6018229509383, -6.939317722199682], [20.5147481625265, -7.2996058081386295], [21.7281107927397, -7.290872491081302], [21.74645592620331, -7.920084730667149], [21.949130893652043, -8.305900974158277], [21.8018013851879, -8.90870655684298], [21.875181919042348, -9.523707777548566], [22.208753289486395, -9.894796237836509], [22.155268182064308, -11.084801120653772], [22.402798292742375, -10.993075453335692], [22.83734541188474, -11.01762175867433], [23.45679080576744, -10.867863457892483], [23.912215203555718, -10.926826267137514], [24.01789350759259, -11.23729827234709], [23.904153680118185, -11.722281589406322], [24.079905226342845, -12.191296888887365], [23.930922072045377, -12.565847670138856], [24.016136508894675, -12.911046237848574], [21.933886346125917, -12.898437188369359], [21.887842644953874, -16.08031015387688], [22.56247846852426, -16.898451429921813], [23.215048455506064, -17.523116143465984], [21.377176141045567, -17.930636488519696], [18.956186964603603, -17.789094740472258], [18.263309360434164, -17.309950860262006], [15.0, -17.344688160636327], [15.0, -5.871523500551986], [16.326528354567046, -5.877470391466268]]]}}, {"type": "Feature", "properties": {"name": "Dem. Rep. Congo"}, "geometry": {"type": "Polygon", "coordinates": [[[29.519986606572928, -5.419978936386315], [29.419992710088167, -5.939998874539434], [29.620032179490014, -6.520015150583426], [30.199996779101696, -7.079980970898163], [30.74001549655179, -8.340007419470915], [30.740009731422095, -8.34000593035372], [30.346086053190817, -8.238256524288218], [29.00291222506047, -8.407031752153472], [28.734866570762502, -8.526559340044578], [28.449871046672826, -9.164918308146085], [28.67368167492893, -9.605924981324932], [28.49606977714177, -10.789883721564046], [28.372253045370428, -11.793646742401393], [28.642417433392353, -11.971568698782315], [29.34154788586909, -12.360743910372413], [29.61600141777123, -12.178894545137311], [29.69961388521949, -13.257226657771831], [28.934285922976837, -13.248958428605135], [28.523561639121027, -12.698604424696683], [28.155108676879987, -12.272480564017897], [27.388798862423783, -12.132747491100666], [27.164419793412463, -11.608748467661075], [26.553087599399618, -11.924439792532127], [25.752309604604733, -11.784965101776358], [25.418118116973204, -11.330935967659961], [24.78316979340295, -11.238693536018964], [24.31451622894795, -11.26282642989927], [24.25715538910399, -10.951992689663657], [23.912215203555718, -10.926826267137514], [23.45679080576744, -10.867863457892483], [22.83734541188474, -11.01762175867433], [22.402798292742375, -10.993075453335692], [22.155268182064308, -11.084801120653772], [22.208753289486395, -9.894796237836509], [21.875181919042348, -9.523707777548566], [21.8018013851879, -8.90870655684298], [21.949130893652043, -8.305900974158277], [21.74645592620331, -7.920084730667149], [21.7281107927397, -7.290872491081302], [20.5147481625265, -7.2996058081386295], [20.6018229509383, -6.939317722199682], [20.091621534920648, -6.943090101756994], [20.037723016040218, -7.116361179231646], [19.41750247567316, -7.155428562044299], [19.16661339689611, -7.738183688999754], [19.01675174324967, -7.988245944860132], [18.464175652752687, -7.847014255406443], [18.13422163256905, -7.987677504104923], [17.472970004962235, -8.0685511206417], [17.08999596524717, -7.545688978712526], [16.8601908708452, -7.2222978654299865], [16.573179965896145, -6.6226445451150875], [16.326528354567046, -5.877470391466268], [15.0, -5.871523500551986], [15.0, -4.525641968615607], [15.170991652088444, -4.343507175314301], [15.753540073314753, -3.8551648901560966], [16.0062895036543, -3.535132744972529], [15.972803175529151, -2.7123922664536124], [16.407091912510054, -1.7409270157986825], [16.865306837642123, -1.2258163387132868], [17.523716261472856, -0.743830254726987], [17.638644646889986, -0.4248316381892465], [17.66355268725468, -0.05808399821381727], [17.826540154703252, 0.28892324462610475], [17.774191928791566, 0.8556586775710854], [17.898835483479587, 1.7418319767282782], [18.094275750407434, 2.365721543788055], [18.393792351971143, 2.90044342692822], [18.45306521980993, 3.5043858911233485], [18.54298221199778, 4.201785183118318], [18.93231245288476, 4.709506130385975], [19.46778364429315, 5.03152781821278], [20.290679152108936, 4.691677761245288], [20.927591180106276, 4.322785549329737], [21.659122755630023, 4.22434194581372], [22.405123732195538, 4.029160061047321], [22.70412356943629, 4.633050848810157], [22.841479526468106, 4.710126247573484], [23.29721398285014, 4.609693101414223], [24.410531040146253, 5.10878408448913], [24.805028924262416, 4.89724660890235], [25.12883344900328, 4.92724477784779], [25.278798455514305, 5.170408229997192], [25.650455356557472, 5.256087754737123], [26.402760857862543, 5.1508745385908705], [27.04406538260471, 5.127852688004836], [27.37422610851749, 5.233944403500061], [27.97997724784281, 4.408413397637375], [28.428993768026913, 4.287154649264494], [28.696677687298802, 4.455077215996937], [29.1590784034465, 4.389267279473231], [29.71599531425602, 4.600804755060153], [29.953500197069474, 4.173699042167684], [30.833852421715427, 3.5091716042224625], [30.83385989759381, 3.509165961110341], [30.77334679538004, 2.339883327642127], [31.174149204235817, 2.204465236821264], [30.85267011894806, 1.8493964705438088], [30.46850752129029, 1.5838054467797065], [30.086153598762706, 1.0623127303062887], [29.875778842902434, 0.5973798689763612], [29.819503208136638, -0.2053101538133717], [29.58783776217217, -0.587405694179381], [29.579466180140884, -1.3413131648856265], [29.291886834436614, -1.6200558406679872], [29.254834832483343, -2.2151099585089113], [29.117478875451553, -2.2922111954883846], [29.024926385216787, -2.8392579077301576], [29.276383904749053, -3.293907159034063], [29.339997592900346, -4.4999834122940925], [29.519986606572928, -5.419978936386315]]]}}, {"type": "Feature", "properties": {"name": "Burundi"}, "geometry": {"type": "Polygon", "coordinates": [[[30.527660000000026, -2.807619999999986], [30.743010000000027, -3.034309999999948], [30.752240000000086, -3.3593099999999936], [30.505539999999996, -3.5685799999999404], [30.11632000000003, -4.090120000000013], [29.753512404099865, -4.452389418153302], [29.339997592900346, -4.4999834122940925], [29.276383904749053, -3.293907159034063], [29.024926385216787, -2.8392579077301576], [29.632176141078588, -2.917857761246097], [29.93835900240794, -2.348486830254238], [30.469673645761223, -2.41385475710134], [30.527660000000026, -2.807619999999986]]]}}, {"type": "Feature", "properties": {"name": "Rwanda"}, "geometry": {"type": "Polygon", "coordinates": [[[30.816134881317712, -1.6989140763453887], [30.75830895358311, -2.2872502579883687], [30.469670000000008, -2.4138299999999617], [30.469673645761223, -2.41385475710134], [29.93835900240794, -2.348486830254238], [29.632176141078588, -2.917857761246097], [29.024926385216787, -2.8392579077301576], [29.117478875451553, -2.2922111954883846], [29.254834832483343, -2.2151099585089113], [29.291886834436614, -1.6200558406679872], [29.579466180140884, -1.3413131648856265], [29.821518588996014, -1.4433224422297855], [30.419104852019245, -1.1346591121504161], [30.816134881317712, -1.6989140763453887]]]}}, {"type": "Feature", "properties": {"name": "eSwatini"}, "geometry": {"type": "Polygon", "coordinates": [[[31.86806033705108, -27.177927341421277], [31.28277306491333, -27.285879408478998], [30.68596194837448, -26.743845310169533], [30.67660851412964, -26.398078301704608], [30.949666782359913, -26.02264902110415], [31.04407962415715, -25.731452325139443], [31.333157586397903, -25.66019052500895], [31.83777794772806, -25.84333180105135], [31.98577924981197, -26.291779880480227], [32.07166548028107, -26.73382008230491], [31.86806033705108, -27.177927341421277]]]}}, {"type": "Feature", "properties": {"name": "Madagascar"}, "geometry": {"type": "Polygon", "coordinates": [[[49.808980747279094, -12.895284925999555], [50.056510857957164, -13.555761407121985], [50.21743126811407, -14.758788750876796], [50.47653689962553, -15.226512139550543], [50.377111443895956, -15.706069431219127], [50.20027469259318, -16.000263360256767], [49.86060550313868, -15.414252618066918], [49.67260664246086, -15.710203545802479], [49.863344354050156, -16.451036879138776], [49.77456424337271, -16.8750420060936], [49.49861209493412, -17.106035658438273], [49.435618523970305, -17.953064060134366], [49.041792433473944, -19.118781019774445], [48.54854088724801, -20.496888116134127], [47.93074913919867, -22.391501153251085], [47.54772342305131, -23.781958916928517], [47.095761346226595, -24.941629733990453], [46.282477654817086, -25.178462823184105], [45.40950768411045, -25.60143442149309], [44.833573846217554, -25.34610116953894], [44.03972049334976, -24.988345228782308], [43.76376834491117, -24.46067717864999], [43.697777540874455, -23.574116306250602], [43.345654331237625, -22.776903985283873], [43.254187046081, -22.057413018484123], [43.43329756040464, -21.33647511158019], [43.893682895692926, -21.16330738697013], [43.896370070172104, -20.830459486578174], [44.37432539243966, -20.07236622485639], [44.46439741392439, -19.435454196859048], [44.23242190936617, -18.961994724200906], [44.042976108584156, -18.33138722094317], [43.96308434426091, -17.409944756746782], [44.31246870298628, -16.850495700754955], [44.4465173683514, -16.216219170804507], [44.94493655780653, -16.1793738745804], [45.50273196796499, -15.97437346767854], [45.87299360533626, -15.793454278224687], [46.31224327981721, -15.780018405828798], [46.882182651564285, -15.210182386946315], [47.70512983581236, -14.594302666891764], [48.005214878131255, -14.091232598530375], [47.869047479042166, -13.663868503476586], [48.29382775248138, -13.784067884987486], [48.84506025573879, -13.089174899958664], [48.86350874206698, -12.48786793381042], [49.194651320193316, -12.04055673589197], [49.54351891459575, -12.469832858940554], [49.808980747279094, -12.895284925999555]]]}}, {"type": "Feature", "properties": {"name": "Mozambique"}, "geometry": {"type": "Polygon", "coordinates": [[[35.31239790216904, -11.439146416879147], [36.51408165868426, -11.720938002166735], [36.775150994622805, -11.594537448780805], [37.471289999999954, -11.568759999999997], [37.827639999999974, -11.26878999999991], [38.42755659358775, -11.285202325081656], [39.52099999999996, -10.89688000000001], [40.31659000000002, -10.317099999999868], [40.316586229110854, -10.317097752817492], [40.31658857601719, -10.317096042525698], [40.47838748552303, -10.765440769089993], [40.437253045418686, -11.761710707245015], [40.56081139502857, -12.639176527561027], [40.59962039567975, -14.201975192931862], [40.775475294768995, -14.691764418194241], [40.4772506040126, -15.406294447493972], [40.08926395036522, -16.10077402106446], [39.45255862809705, -16.72089120856694], [38.53835086442152, -17.101023044505958], [37.41113284683888, -17.586368096591237], [36.28127933120936, -18.65968759529345], [35.89649661636406, -18.842260430580637], [35.198399692533144, -19.552811374593894], [34.78638349787005, -19.784011732667736], [34.70189253107284, -20.49704314543101], [35.176127150215365, -21.25436126066841], [35.37342776870574, -21.840837090748877], [35.385848253705404, -22.14], [35.562545536369086, -22.090000000000003], [35.533934767404304, -23.070787855727758], [35.37177412287238, -23.5353589820317], [35.60747033055563, -23.706563002214683], [35.45874555841962, -24.12260995859655], [35.04073489761066, -24.478350518493805], [34.21582400893547, -24.81631438568266], [33.01321007663901, -25.357573337507738], [32.574632195777866, -25.727318210556092], [32.66036339695009, -26.148584486599447], [32.91595503106569, -26.215867201443466], [32.830120477028885, -26.742191664336197], [32.07166548028107, -26.73382008230491], [31.98577924981197, -26.291779880480227], [31.83777794772806, -25.84333180105135], [31.75240848158188, -25.484283949487413], [31.930588820124253, -24.36941659922254], [31.670397983534656, -23.658969008073864], [31.19140913262129, -22.2515096981724], [32.244988234188014, -21.116488539313693], [32.50869306817344, -20.395292250248307], [32.65974327976258, -20.304290052982317], [32.772707960752626, -19.715592136313298], [32.61199425632489, -19.419382826416275], [32.65488569512715, -18.672089939043495], [32.84986087416439, -17.97905730557718], [32.847638787575846, -16.713398125884616], [32.32823896661023, -16.392074069893752], [31.8520406430406, -16.319417006091378], [31.636498243951195, -16.071990248277885], [31.17306399915768, -15.860943698797874], [30.338954705534544, -15.880839125230246], [30.27425581230511, -15.507786960515213], [30.17948123548183, -14.796099134991529], [33.214024692525214, -13.971860039936153], [33.789700148256685, -14.45183074306307], [34.064825473778626, -14.35995004644812], [34.45963341648854, -14.613009535381423], [34.51766604995231, -15.013708591372612], [34.307291294092096, -15.478641452702597], [34.38129194513405, -16.183559665596043], [35.033810255683534, -16.801299737213093], [35.339062941231646, -16.10744028083011], [35.77190473810836, -15.896858819240727], [35.68684533055594, -14.611045830954332], [35.26795617039801, -13.887834161029566], [34.907151320136165, -13.565424899960568], [34.55998904799935, -13.579997653866876], [34.28000613784198, -12.280025323132506], [34.55998904799935, -11.520020033415925], [35.31239790216904, -11.439146416879147]]]}}, {"type": "Feature", "properties": {"name": "Malawi"}, "geometry": {"type": "Polygon", "coordinates": [[[33.73972000000009, -9.417149999999992], [33.940837724096525, -9.693673841980285], [34.27999999999997, -10.160000000000025], [34.55998904799935, -11.520020033415925], [34.28000613784198, -12.280025323132506], [34.55998904799935, -13.579997653866876], [34.907151320136165, -13.565424899960568], [35.26795617039801, -13.887834161029566], [35.68684533055594, -14.611045830954332], [35.77190473810836, -15.896858819240727], [35.339062941231646, -16.10744028083011], [35.033810255683534, -16.801299737213093], [34.38129194513405, -16.183559665596043], [34.307291294092096, -15.478641452702597], [34.51766604995231, -15.013708591372612], [34.45963341648854, -14.613009535381423], [34.064825473778626, -14.35995004644812], [33.789700148256685, -14.45183074306307], [33.214024692525214, -13.971860039936153], [32.68816531752313, -13.712857761289277], [32.991764357237884, -12.783870537978274], [33.306422153463075, -12.435778090060218], [33.114289178201915, -11.607198174692314], [33.315310499817286, -10.796549981329697], [33.48568769708359, -10.525558770391115], [33.2313879737753, -9.6767216935648], [32.75937544122132, -9.23059905358906], [33.73972000000009, -9.417149999999992]]]}}, {"type": "Feature", "properties": {"name": "Tanzania"}, "geometry": {"type": "Polygon", "coordinates": [[[34.07261999999997, -1.0598199999999451], [37.69868999999994, -3.0969899999999484], [37.7669, -3.6771200000000004], [39.20222, -4.67677], [38.74053999999995, -5.9089499999999475], [38.79977000000008, -6.475660000000005], [39.44, -6.839999999999861], [39.47000000000014, -7.099999999999966], [39.19468999999998, -7.703899999999976], [39.25203000000005, -8.00780999999995], [39.18652000000009, -8.48550999999992], [39.53574000000009, -9.112369999999885], [39.94960000000003, -10.098400000000026], [40.316586229110854, -10.317097752817492], [40.31659000000002, -10.317099999999868], [39.52099999999996, -10.89688000000001], [38.42755659358775, -11.285202325081656], [37.827639999999974, -11.26878999999991], [37.471289999999954, -11.568759999999997], [36.775150994622805, -11.594537448780805], [36.51408165868426, -11.720938002166735], [35.31239790216904, -11.439146416879147], [34.55998904799935, -11.520020033415925], [34.27999999999997, -10.160000000000025], [33.940837724096525, -9.693673841980285], [33.73972000000009, -9.417149999999992], [32.75937544122132, -9.23059905358906], [32.19186486179194, -8.930358981973257], [31.556348097466497, -8.762048841998642], [31.15775133695005, -8.594578747317366], [30.740009731422095, -8.34000593035372], [30.74001549655179, -8.340007419470915], [30.199996779101696, -7.079980970898163], [29.620032179490014, -6.520015150583426], [29.419992710088167, -5.939998874539434], [29.519986606572928, -5.419978936386315], [29.339997592900346, -4.4999834122940925], [29.753512404099865, -4.452389418153302], [30.11632000000003, -4.090120000000013], [30.505539999999996, -3.5685799999999404], [30.752240000000086, -3.3593099999999936], [30.743010000000027, -3.034309999999948], [30.527660000000026, -2.807619999999986], [30.469673645761223, -2.41385475710134], [30.469670000000008, -2.4138299999999617], [30.75830895358311, -2.2872502579883687], [30.816134881317712, -1.6989140763453887], [30.419104852019245, -1.1346591121504161], [30.769860000000108, -1.0145499999999856], [31.866170000000068, -1.0273599999999306], [33.90371119710453, -0.9500000000000001], [34.07261999999997, -1.0598199999999451]]]}}, {"type": "Feature", "properties": {"name": "Kenya"}, "geometry": {"type": "Polygon", "coordinates": [[[37.7669, -3.6771200000000004], [37.69868999999994, -3.0969899999999484], [34.07261999999997, -1.0598199999999451], [33.90371119710453, -0.9500000000000001], [33.893568969666944, 0.1098135378618963], [34.18, 0.515], [34.6721, 1.1769399999999999], [35.03599, 1.90584], [34.59607, 3.0537400000001185], [34.47913, 3.5556000000000836], [34.005, 4.249884947362048], [34.62019626785388, 4.8471227420819885], [35.29800711823298, 5.506], [35.817447662353516, 5.338232082790797], [35.817447662353516, 4.7769656634618896], [36.159078632855646, 4.447864127672769], [36.85509323800812, 4.447864127672769], [38.120915, 3.598605], [38.43697, 3.58851], [38.67114, 3.6160700000000006], [38.89251, 3.5007400000000004], [39.55938425876585, 3.42206], [39.85494, 3.83879], [40.76848, 4.257020000000001], [41.1718, 3.9190899999999997], [41.85508309264397, 3.918911920483727], [40.98105, 2.7845199999999997], [40.993, -0.85829], [41.58513, -1.6832500000000001], [40.88477, -2.08255], [40.63785000000001, -2.49979], [40.26304000000001, -2.57309], [40.12119, -3.27768], [39.80006, -3.68116], [39.604890000000005, -4.3465300000000004], [39.20222, -4.67677], [37.7669, -3.6771200000000004]]]}}, {"type": "Feature", "properties": {"name": "Uganda"}, "geometry": {"type": "Polygon", "coordinates": [[[31.866170000000068, -1.0273599999999306], [30.769860000000108, -1.0145499999999856], [30.419104852019245, -1.1346591121504161], [29.821518588996014, -1.4433224422297855], [29.579466180140884, -1.3413131648856265], [29.58783776217217, -0.587405694179381], [29.819503208136638, -0.2053101538133717], [29.875778842902434, 0.5973798689763612], [30.086153598762706, 1.0623127303062887], [30.46850752129029, 1.5838054467797065], [30.85267011894806, 1.8493964705438088], [31.174149204235817, 2.204465236821264], [30.77334679538004, 2.339883327642127], [30.83385989759381, 3.509165961110341], [30.833852421715427, 3.5091716042224625], [31.24556000000007, 3.7819000000000074], [31.881449999999973, 3.558269999999993], [32.686420000000055, 3.7923200000000747], [33.3900000000001, 3.7899999999999636], [34.005, 4.249884947362048], [34.47913, 3.5556000000000836], [34.59607, 3.0537400000001185], [35.03599, 1.90584], [34.6721, 1.1769399999999999], [34.18, 0.515], [33.893568969666944, 0.1098135378618963], [33.90371119710453, -0.9500000000000001], [31.866170000000068, -1.0273599999999306]]]}}, {"type": "Feature", "properties": {"name": "Somalia"}, "geometry": {"type": "Polygon", "coordinates": [[[40.993, -0.85829], [40.98105, 2.7845199999999997], [41.85508309264397, 3.918911920483727], [42.128609999999995, 4.23413], [42.76967, 4.25259], [43.66086999999999, 4.957550000000083], [44.96360000000001, 5.00162], [47.78942, 8.003], [48.48673587422695, 8.837626247589995], [48.93812951029645, 9.451748968946617], [48.93823286316103, 9.973500067581512], [48.938491245322496, 10.982327378783467], [48.94200524271835, 11.394266058798138], [48.94820475850974, 11.410617281697963], [48.94820475850985, 11.41061728169797], [49.26776, 11.43033], [49.72862, 11.5789], [50.25878000000001, 11.67957], [50.73202, 12.021900000000002], [51.1112, 12.024640000000002], [51.13387, 11.74815], [51.04153, 11.16651], [51.04531, 10.6409], [50.834179999999996, 10.279720000000001], [50.55239, 9.19874], [50.07092, 8.08173], [49.45270000000001, 6.80466], [48.594550000000005, 5.339110000000001], [47.740790000000004, 4.2194], [46.56476, 2.85529], [45.563990000000004, 2.04576], [44.068149999999996, 1.0528300000000002], [43.13597, 0.2922], [42.04157000000001, -0.9191600000000001], [41.81095, -1.4464700000000001], [41.58513, -1.6832500000000001], [40.993, -0.85829]]]}}, {"type": "Feature", "properties": {"name": "Ethiopia"}, "geometry": {"type": "Polygon", "coordinates": [[[44.96360000000001, 5.00162], [43.66086999999999, 4.957550000000083], [42.76967, 4.25259], [42.128609999999995, 4.23413], [41.85508309264397, 3.918911920483727], [41.1718, 3.9190899999999997], [40.76848, 4.257020000000001], [39.85494, 3.83879], [39.55938425876585, 3.42206], [38.89251, 3.5007400000000004], [38.67114, 3.6160700000000006], [38.43697, 3.58851], [38.120915, 3.598605], [36.85509323800812, 4.447864127672769], [36.159078632855646, 4.447864127672769], [35.817447662353516, 4.7769656634618896], [35.817447662353516, 5.338232082790797], [35.29800711823298, 5.506], [34.70702, 6.594220000000121], [34.250320000000045, 6.8260700000000725], [34.07510000000002, 7.2259500000000685], [33.568290000000104, 7.7133400000000165], [32.954180000000065, 7.784970000000101], [33.29480000000012, 8.354580000000055], [33.82550000000015, 8.37916000000007], [33.97498000000007, 8.68455999999992], [33.961620000000096, 9.583580000000097], [34.25745000000006, 10.630089999999996], [34.73115000000013, 10.910170000000107], [34.83163000000013, 11.318960000000118], [35.26049000000006, 12.08286000000004], [35.86363, 12.578280000000063], [36.27022000000005, 13.563330000000121], [36.42951000000005, 14.422110000000032], [37.59377000000006, 14.213099999999997], [37.90607000000011, 14.959430000000168], [38.512950000000046, 14.50547000000006], [39.0994, 14.740640000000042], [39.34061000000008, 14.531549999999982], [40.02625000000012, 14.519589999999994], [40.896600000000035, 14.118640000000141], [41.15519999999998, 13.773329999999987], [41.59856000000002, 13.452090000000112], [42.00975, 12.865819999999928], [42.35156000000012, 12.542230000000131], [42.000000000000114, 12.100000000000136], [41.66176000000013, 11.631199999999978], [41.73959000000019, 11.355110000000138], [41.755570000000205, 11.050910000000101], [42.31414000000012, 11.034200000000055], [42.55493000000013, 11.105110000000195], [42.77685184100096, 10.92687856693442], [42.55875999999995, 10.57258000000013], [42.92812000000009, 10.021940000000143], [43.29699000000011, 9.540480000000173], [43.678750000000036, 9.18358000000012], [46.94834000000009, 7.99688000000009], [47.78942, 8.003], [44.96360000000001, 5.00162]]]}}, {"type": "Feature", "properties": {"name": "Somaliland"}, "geometry": {"type": "Polygon", "coordinates": [[[48.94820475850974, 11.410617281697963], [48.94200524271835, 11.394266058798138], [48.938491245322496, 10.982327378783467], [48.93823286316103, 9.973500067581512], [48.93812951029645, 9.451748968946617], [48.48673587422695, 8.837626247589995], [47.78942, 8.003], [46.94834000000009, 7.99688000000009], [43.678750000000036, 9.18358000000012], [43.29699000000011, 9.540480000000173], [42.92812000000009, 10.021940000000143], [42.55875999999995, 10.57258000000013], [42.77685184100096, 10.92687856693442], [43.14530480324214, 11.462039699748857], [43.470659620951665, 11.277709865763882], [43.66666832863484, 10.86416921634816], [44.11780358254282, 10.445538438351605], [44.614259067570856, 10.442205308468942], [45.55694054543915, 10.698029486529776], [46.645401238803004, 10.816549383991173], [47.525657586462785, 11.12722809492999], [48.02159630716778, 11.193063869669743], [48.37878380716927, 11.375481675660126], [48.94820641459347, 11.41062164961852], [48.94820475850985, 11.41061728169797], [48.94820475850974, 11.410617281697963]]]}}, {"type": "Feature", "properties": {"name": "Sri Lanka"}, "geometry": {"type": "Polygon", "coordinates": [[[81.63732221876059, 6.481775214051922], [81.21801964714433, 6.197141424988288], [80.34835696810441, 5.968369859232155], [79.87246870312853, 6.76346344647493], [79.69516686393513, 8.200843410673386], [80.14780073437964, 9.824077663609557], [80.83881798698656, 9.268426825391188], [81.30431928907177, 8.56420624433369], [81.7879590188914, 7.523055324733164], [81.63732221876059, 6.481775214051922]]]}}, {"type": "Feature", "properties": {"name": "Cambodia"}, "geometry": {"type": "Polygon", "coordinates": [[[102.34809939983302, 13.394247341358223], [102.98842207236163, 14.225721136934467], [104.28141808473661, 14.416743068901367], [105.21877689007889, 14.273211778210694], [106.04394616091552, 13.881091009979956], [106.49637332563088, 14.570583807834282], [107.38272749230109, 14.202440904186972], [107.61454796756243, 13.535530707244206], [107.49140302941089, 12.337205918827948], [105.81052371625313, 11.567614650921229], [106.24967003786946, 10.961811835163587], [105.19991499229235, 10.889309800658097], [104.33433475140347, 10.48654368737523], [103.4972799011397, 10.632555446815928], [103.09068973186726, 11.153660590047165], [102.5849324890267, 12.186594956913282], [102.34809939983302, 13.394247341358223]]]}}, {"type": "Feature", "properties": {"name": "Thailand"}, "geometry": {"type": "Polygon", "coordinates": [[[104.28141808473661, 14.416743068901367], [102.98842207236163, 14.225721136934467], [102.34809939983302, 13.394247341358223], [102.5849324890267, 12.186594956913282], [101.68715783081996, 12.645740057826572], [100.83180952352487, 12.627084865769206], [100.9784672383692, 13.412721665902566], [100.09779747925111, 13.406856390837433], [100.01873253784456, 12.307001044153354], [99.47892052612363, 10.846366685423547], [99.15377241414316, 9.963061428258555], [99.22239871622676, 9.239255479362427], [99.87383182169813, 9.20786204674512], [100.27964684448622, 8.295152899606052], [100.45927412313276, 7.429572658717177], [101.01732791545273, 6.856868597842478], [101.62307905477806, 6.74062246340192], [102.14118696493638, 6.221636053894628], [101.81428185425798, 5.8108084171742425], [101.15421878459387, 5.691384182147715], [101.07551557821336, 6.2048670516159214], [100.25959638875696, 6.6428248152895435], [100.0857568705271, 6.4644894474502905], [99.69069054565576, 6.8482127954335965], [99.51964155476963, 7.34345388430276], [98.9882528015123, 7.907993068875328], [98.503786248776, 8.382305202666288], [98.339661899817, 7.794511623562386], [98.15000939330582, 8.350007432483878], [98.25915001830626, 8.973922837759801], [98.55355065307305, 9.932959906448545], [99.03812055867398, 10.960545762572437], [99.58728600463972, 11.892762762901697], [99.19635379435167, 12.80474843998867], [99.21201175333609, 13.269293728076464], [99.09775516153876, 13.827502549693278], [98.43081912637987, 14.622027696180837], [98.1920740091914, 15.123702500870351], [98.53737592976572, 15.308497422746084], [98.90334842325676, 16.17782420497612], [98.49376102091135, 16.83783559820793], [97.85912275593486, 17.567946071843664], [97.37589643757354, 18.445437730375815], [97.79778283080441, 18.627080389881755], [98.25372399291561, 19.708203029860044], [98.95967573445488, 19.752980658440947], [99.54330936075931, 20.186597601802063], [100.11598758341785, 20.417849636308187], [100.54888105672688, 20.109237982661128], [100.60629357300316, 19.508344427971224], [101.2820146016517, 19.462584947176765], [101.03593143107777, 18.408928330961615], [101.05954756063517, 17.51249725999449], [102.11359175009248, 18.109101670804165], [102.41300499879162, 17.932781683824288], [102.99870568238771, 17.9616946476916], [103.20019209189374, 18.309632066312773], [103.9564766784853, 18.24095408779688], [104.7169470560925, 17.42885895433008], [104.7793205098688, 16.44186493577145], [105.58903852745016, 15.570316066952858], [105.54433841351769, 14.723933620660418], [105.21877689007889, 14.273211778210694], [104.28141808473661, 14.416743068901367]]]}}, {"type": "Feature", "properties": {"name": "Vietnam"}, "geometry": {"type": "Polygon", "coordinates": [[[105.19991499229235, 10.889309800658097], [106.24967003786946, 10.961811835163587], [105.81052371625313, 11.567614650921229], [107.49140302941089, 12.337205918827948], [107.61454796756243, 13.535530707244206], [107.38272749230109, 14.202440904186972], [107.5645251811039, 15.20217316330556], [107.3127059265456, 15.90853831630318], [106.55600792849569, 16.604283962464805], [105.92576216026403, 17.48531545660896], [105.09459842328152, 18.66697459561108], [103.89653201702671, 19.265180975821806], [104.18338789267894, 19.62466807706022], [104.8225736836971, 19.886641750563882], [104.43500044150805, 20.75873322192153], [103.20386111858645, 20.76656220141375], [102.75489627483466, 21.675137233969465], [102.17043582561358, 22.464753119389304], [102.7069922221001, 22.708795070887675], [103.50451460166056, 22.70375661873921], [104.47685835166448, 22.819150092046968], [105.32920942588663, 23.352063300056912], [105.81124718630522, 22.976892401617903], [106.72540327354847, 22.79426788989842], [106.56727339073532, 22.21820486092477], [107.04342003787264, 21.811898912029914], [108.05018029178294, 21.55237986906012], [106.7150679870901, 20.69685069425202], [105.88168216351903, 19.752050482659698], [105.66200564984631, 19.05816518806057], [106.42681684776602, 18.004120998603227], [107.36195356651974, 16.697456569887052], [108.26949507042963, 16.07974233648615], [108.87710656131748, 15.27669057867044], [109.33526981001722, 13.426028347217724], [109.20013593957398, 11.666859239137764], [108.36612999881545, 11.008320624226272], [107.22092858279524, 10.364483954301832], [106.40511274620343, 9.53083974856932], [105.15826378786511, 8.599759629750494], [104.79518517458239, 9.241038316276502], [105.07620161338562, 9.918490505406808], [104.33433475140347, 10.48654368737523], [105.19991499229235, 10.889309800658097]]]}}, {"type": "Feature", "properties": {"name": "Laos"}, "geometry": {"type": "Polygon", "coordinates": [[[106.49637332563088, 14.570583807834282], [106.04394616091552, 13.881091009979956], [105.21877689007889, 14.273211778210694], [105.54433841351769, 14.723933620660418], [105.58903852745016, 15.570316066952858], [104.7793205098688, 16.44186493577145], [104.7169470560925, 17.42885895433008], [103.9564766784853, 18.24095408779688], [103.20019209189374, 18.309632066312773], [102.99870568238771, 17.9616946476916], [102.41300499879162, 17.932781683824288], [102.11359175009248, 18.109101670804165], [101.05954756063517, 17.51249725999449], [101.03593143107777, 18.408928330961615], [101.2820146016517, 19.462584947176765], [100.60629357300316, 19.508344427971224], [100.54888105672688, 20.109237982661128], [100.11598758341785, 20.417849636308187], [100.32910119018953, 20.786121731036232], [101.18000532430754, 21.436572984294028], [101.27002566935997, 21.201651923095184], [101.80311974488293, 21.17436676684507], [101.65201785686152, 22.318198757409547], [102.17043582561358, 22.464753119389304], [102.75489627483466, 21.675137233969465], [103.20386111858645, 20.76656220141375], [104.43500044150805, 20.75873322192153], [104.8225736836971, 19.886641750563882], [104.18338789267894, 19.62466807706022], [103.89653201702671, 19.265180975821806], [105.09459842328152, 18.66697459561108], [105.92576216026403, 17.48531545660896], [106.55600792849569, 16.604283962464805], [107.3127059265456, 15.90853831630318], [107.5645251811039, 15.20217316330556], [107.38272749230109, 14.202440904186972], [106.49637332563088, 14.570583807834282]]]}}, {"type": "Feature", "properties": {"name": "Myanmar"}, "geometry": {"type": "Polygon", "coordinates": [[[99.54330936075931, 20.186597601802063], [98.95967573445488, 19.752980658440947], [98.25372399291561, 19.708203029860044], [97.79778283080441, 18.627080389881755], [97.37589643757354, 18.445437730375815], [97.85912275593486, 17.567946071843664], [98.49376102091135, 16.83783559820793], [98.90334842325676, 16.17782420497612], [98.53737592976572, 15.308497422746084], [98.1920740091914, 15.123702500870351], [98.43081912637987, 14.622027696180837], [99.09775516153876, 13.827502549693278], [99.21201175333609, 13.269293728076464], [99.19635379435167, 12.80474843998867], [99.58728600463972, 11.892762762901697], [99.03812055867398, 10.960545762572437], [98.55355065307305, 9.932959906448545], [98.45717410684873, 10.67526601810515], [98.76454552612078, 11.441291612183749], [98.42833865762985, 12.032986761925685], [98.50957400919268, 13.122377631070677], [98.1036039571077, 13.640459703012851], [97.77773237507517, 14.837285874892642], [97.59707156778276, 16.10056793869977], [97.1645398294998, 16.92873444260934], [96.505768670643, 16.42724050543285], [95.3693522481124, 15.7143899601826], [94.80840457558412, 15.80345429123764], [94.18880415240454, 16.037936102762018], [94.53348595579135, 17.277240301985728], [94.32481652219676, 18.2135139022499], [93.54098839719364, 19.366492621330025], [93.66325483599621, 19.726961574781996], [93.07827762245219, 19.855144965081976], [92.36855350135562, 20.670883287025347], [92.30323449093868, 21.47548533780982], [92.65225711463799, 21.324047552978485], [92.67272098182556, 22.041238918541254], [93.16612755734837, 22.278459580977103], [93.06029422401463, 22.70311066333557], [93.28632693885928, 23.043658352139005], [93.3251876159428, 24.078556423432204], [94.10674197792507, 23.85074087167348], [94.55265791217164, 24.675238348890336], [94.60324913938538, 25.162495428970402], [95.1551534362626, 26.001307277932085], [95.12476769407496, 26.5735720891323], [96.41936567585097, 27.264589341739224], [97.1339990580153, 27.083773505149964], [97.0519885599681, 27.69905894623315], [97.40256147663614, 27.882536119085444], [97.32711388549004, 28.26158274994634], [97.91198774616944, 28.335945136014345], [98.2462309102333, 27.74722138112918], [98.68269005737046, 27.50881216075062], [98.71209394734451, 26.743535874940267], [98.67183800658916, 25.918702500913525], [97.72460900267914, 25.083637193293], [97.60471967976198, 23.897404690033042], [98.66026248575577, 24.063286037689966], [98.89874922078278, 23.14272207284253], [99.5319922220874, 22.94903880461258], [99.24089887898725, 22.11831431730458], [99.98348921102149, 21.7429367131364], [100.41653771362738, 21.558839423096614], [101.15003299357825, 21.849984442629022], [101.18000532430754, 21.436572984294028], [100.32910119018953, 20.786121731036232], [100.11598758341785, 20.417849636308187], [99.54330936075931, 20.186597601802063]]]}}, {"type": "Feature", "properties": {"name": "India"}, "geometry": {"type": "Polygon", "coordinates": [[[97.40256147663614, 27.882536119085444], [97.0519885599681, 27.69905894623315], [97.1339990580153, 27.083773505149964], [96.41936567585097, 27.264589341739224], [95.12476769407496, 26.5735720891323], [95.1551534362626, 26.001307277932085], [94.60324913938538, 25.162495428970402], [94.55265791217164, 24.675238348890336], [94.10674197792507, 23.85074087167348], [93.3251876159428, 24.078556423432204], [93.28632693885928, 23.043658352139005], [93.06029422401463, 22.70311066333557], [93.16612755734837, 22.278459580977103], [92.67272098182556, 22.041238918541254], [92.14603478390681, 23.627498684172593], [91.86992760617132, 23.624346421802784], [91.70647505083211, 22.985263983649187], [91.15896325069973, 23.50352692310439], [91.46772993364368, 24.072639471934792], [91.91509280799443, 24.130413723237112], [92.37620161333481, 24.976692816664965], [91.79959598182208, 25.147431748957317], [90.87221072791212, 25.132600612889547], [89.92069258012185, 25.26974986419218], [89.83248091019962, 25.96508209889548], [89.35509402868729, 26.014407253518073], [88.56304935094977, 26.446525580342723], [88.2097892598025, 25.768065700782714], [88.93155398962308, 25.238692328384776], [88.30637251175602, 24.866079413344206], [88.08442223506242, 24.501657212821925], [88.69994022009092, 24.23371491138856], [88.52976972855379, 23.631141872649167], [88.87631188350309, 22.87914642993783], [89.03196129756623, 22.055708319582976], [88.88876590368542, 21.690588487224748], [88.20849734899522, 21.703171698487807], [86.97570438024027, 21.49556163175521], [87.03316857294887, 20.743307806882413], [86.49935102737379, 20.151638495356607], [85.0602657409097, 19.4785788029711], [83.94100589390001, 18.302009792549725], [83.18921715691785, 17.67122142177898], [82.19279218946592, 17.016636053937816], [82.19124189649719, 16.556664130107848], [81.69271935417748, 16.310219224507904], [80.79199913933014, 15.951972357644493], [80.32489586784388, 15.89918488205835], [80.02506920768644, 15.136414903214147], [80.2332735533904, 13.835770778859981], [80.28629357292186, 13.006260687710835], [79.8625468281285, 12.056215318240888], [79.85799930208682, 10.35727509199711], [79.340511509116, 10.30885427493962], [78.88534549348918, 9.546135972527722], [79.1897196796883, 9.216543687370148], [78.2779407083305, 8.933046779816934], [77.94116539908435, 8.252959092639742], [77.53989790233794, 7.965534776232332], [76.59297895702167, 8.89927623131419], [76.13006147655108, 10.299630031775521], [75.7464673196485, 11.308250637248307], [75.39610110870959, 11.781245022015824], [74.86481570831683, 12.741935736537897], [74.61671715688354, 13.99258291264968], [74.44385949086723, 14.617221787977698], [73.5341992532334, 15.99065216721496], [73.11990929554943, 17.928570054592498], [72.82090945830865, 19.208233547436166], [72.8244751321368, 20.419503282141534], [72.6305334817454, 21.356009426351008], [71.17527347197395, 20.757441311114235], [70.4704586119451, 20.877330634031384], [69.16413008003883, 22.0892980005727], [69.6449276060824, 22.450774644454338], [69.34959679553435, 22.84317963306269], [68.1766451353734, 23.69196503345671], [68.84259931831878, 24.35913361256094], [71.04324018746823, 24.3565239527302], [70.84469933460284, 25.21510203704352], [70.2828731627256, 25.72222870533983], [70.16892662952202, 26.491871649678842], [69.51439293811313, 26.940965684511372], [70.61649620960193, 27.989196275335868], [71.77766564320032, 27.913180243434525], [72.8237516620847, 28.961591701772054], [73.45063846221743, 29.97641347911987], [74.42138024282028, 30.979814764931177], [74.40592898956501, 31.69263947196528], [75.25864179881322, 32.2711054550405], [74.45155927927871, 32.7648996038055], [74.10429365427734, 33.44147329358685], [73.74994835805197, 34.31769887952785], [74.24020267120497, 34.748887030571254], [75.75706098826834, 34.50492259372132], [76.87172163280403, 34.65354401299274], [77.83745079947457, 35.494009507787766], [78.91226891471322, 34.32193634697579], [78.81108646028574, 33.50619802503242], [79.20889163606859, 32.994394639613716], [79.17612877799553, 32.48377981213771], [78.45844648632601, 32.61816437431273], [78.73889448437401, 31.515906073527063], [79.7213668151071, 30.88271474865473], [81.11125613802932, 30.183480943313402], [80.4767212259174, 29.72986522065534], [80.08842451367627, 28.79447011974014], [81.05720258985203, 28.416095282499043], [81.99998742058497, 27.925479234319994], [83.30424889519955, 27.36450572357556], [84.6750179381738, 27.234901231387536], [85.25177859898338, 26.726198431906344], [86.02439293817918, 26.63098460540857], [87.2274719583663, 26.397898057556077], [88.06023766474982, 26.41461538340249], [88.17480431514092, 26.81040517832595], [88.04313276566123, 27.445818589786825], [88.12044070836987, 27.876541652939594], [88.73032596227856, 28.086864732367516], [88.81424848832056, 27.299315904239364], [88.83564253128938, 27.098966376243762], [89.74452762243885, 26.719402981059957], [90.37327477413407, 26.87572418874288], [91.21751264848643, 26.808648179628022], [92.03348351437509, 26.83831045176356], [92.10371178585974, 27.452614040633208], [91.69665652869668, 27.771741848251665], [92.50311893104364, 27.89687632904645], [93.41334760943269, 28.640629380807226], [94.56599043170294, 29.277438055939985], [95.40480228066464, 29.03171662039213], [96.11767866413103, 29.452802028922466], [96.58659061074749, 28.83097951915434], [96.24883344928779, 28.411030992134442], [97.32711388549004, 28.26158274994634], [97.40256147663614, 27.882536119085444]]]}}, {"type": "Feature", "properties": {"name": "Bangladesh"}, "geometry": {"type": "Polygon", "coordinates": [[[92.65225711463799, 21.324047552978485], [92.30323449093868, 21.47548533780982], [92.36855350135562, 20.670883287025347], [92.08288618364614, 21.19219513598577], [92.02521528520839, 21.701569729086767], [91.83489098507744, 22.182935695885565], [91.41708702999766, 22.76501902922122], [90.49600630082728, 22.80501658781513], [90.58695682166098, 22.392793687422866], [90.27297081905556, 21.83636770272011], [89.84746707556428, 22.039146023033425], [89.70204959509493, 21.857115790285306], [89.41886274613549, 21.9661789006373], [89.03196129756623, 22.055708319582976], [88.87631188350309, 22.87914642993783], [88.52976972855379, 23.631141872649167], [88.69994022009092, 24.23371491138856], [88.08442223506242, 24.501657212821925], [88.30637251175602, 24.866079413344206], [88.93155398962308, 25.238692328384776], [88.2097892598025, 25.768065700782714], [88.56304935094977, 26.446525580342723], [89.35509402868729, 26.014407253518073], [89.83248091019962, 25.96508209889548], [89.92069258012185, 25.26974986419218], [90.87221072791212, 25.132600612889547], [91.79959598182208, 25.147431748957317], [92.37620161333481, 24.976692816664965], [91.91509280799443, 24.130413723237112], [91.46772993364368, 24.072639471934792], [91.15896325069973, 23.50352692310439], [91.70647505083211, 22.985263983649187], [91.86992760617132, 23.624346421802784], [92.14603478390681, 23.627498684172593], [92.67272098182556, 22.041238918541254], [92.65225711463799, 21.324047552978485]]]}}, {"type": "Feature", "properties": {"name": "Djibouti"}, "geometry": {"type": "Polygon", "coordinates": [[[42.77964236834475, 12.455415757695675], [43.08122602720016, 12.699638576707116], [43.31785241066467, 12.390148423711025], [43.286381463398925, 11.974928290245884], [42.715873650896526, 11.735640570518342], [43.14530480324214, 11.462039699748857], [42.77685184100096, 10.92687856693442], [42.55493000000013, 11.105110000000195], [42.31414000000012, 11.034200000000055], [41.755570000000205, 11.050910000000101], [41.73959000000019, 11.355110000000138], [41.66176000000013, 11.631199999999978], [42.000000000000114, 12.100000000000136], [42.35156000000012, 12.542230000000131], [42.77964236834475, 12.455415757695675]]]}}, {"type": "Feature", "properties": {"name": "Sudan"}, "geometry": {"type": "Polygon", "coordinates": [[[23.805813429466752, 8.666318874542526], [23.459012892355986, 8.954285793488893], [23.394779087017184, 9.265067857292223], [23.55724979014283, 9.681218166538684], [23.554304233502194, 10.089255275915308], [22.97754357269261, 10.71446259199854], [22.864165480244225, 11.142395127807546], [22.876219999999932, 11.384610000000123], [22.50869, 11.679360000000031], [22.497619999999984, 12.260240000000067], [22.288010000000043, 12.646049999999946], [21.93680999999998, 12.588180000000136], [22.037589999999966, 12.95545999999996], [22.296580000000006, 13.372319999999945], [22.18329, 13.78648000000004], [22.512020000000007, 14.093179999999961], [22.30350999999996, 14.326820000000055], [22.56795000000011, 14.944290000000137], [23.024590000000103, 15.680720000000065], [23.886890000000108, 15.610839999999996], [23.83766000000014, 19.580470000000105], [23.850000000000136, 20.000000000000057], [25.000000000000114, 20.003040000000055], [25.0, 22.0], [29.019999999999982, 22.0], [32.89999999999998, 22.0], [36.86622999999997, 22.0], [37.1887200000001, 21.018850000000043], [36.969409999999925, 20.83744000000013], [37.11470000000014, 19.807960000000094], [37.4817900000001, 18.61409000000009], [37.862760000000094, 18.36785999999995], [38.410089959473225, 17.998307399970315], [37.90400000000011, 17.427540000000022], [37.167470000000094, 17.263140000000135], [36.852530000000115, 16.956549999999993], [36.75389000000007, 16.291860000000042], [36.32321999999999, 14.822490000000016], [36.42951000000005, 14.422110000000032], [36.27022000000005, 13.563330000000121], [35.86363, 12.578280000000063], [35.26049000000006, 12.08286000000004], [34.83163000000013, 11.318960000000118], [34.73115000000013, 10.910170000000107], [34.25745000000006, 10.630089999999996], [33.961620000000096, 9.583580000000097], [33.97498000000007, 8.68455999999992], [33.963392794971185, 9.464285229420625], [33.82496348090751, 9.484060845715362], [33.84213085302815, 9.981914637215993], [33.72195924818311, 10.325262079630193], [33.206938084561784, 10.720111638406593], [33.086766479716744, 11.441141267476496], [33.206938084561784, 12.179338268667095], [32.743419037302544, 12.248007757149992], [32.67474954881965, 12.02483191958072], [32.073891524594785, 11.973329803218519], [32.31423473428475, 11.68148447716652], [32.400071594888345, 11.080626452941488], [31.850715687025513, 10.531270545078826], [31.35286189552488, 9.810240916008695], [30.837840731903384, 9.70723668328452], [29.996639497988554, 10.290927335388687], [29.61895731133285, 10.084918869940225], [29.515953078608618, 9.793073543888056], [29.000931914987177, 9.60423245056029], [28.966597170745786, 9.398223985111656], [27.970889587744352, 9.398223985111656], [27.833550610778786, 9.60423245056029], [27.112520981708883, 9.638567194801624], [26.752006167173818, 9.466893473594496], [26.477328213242515, 9.552730334198088], [25.962307049621018, 10.136420986302426], [25.790633328413946, 10.411098940233728], [25.069603699343986, 10.273759963267992], [24.794925745412684, 9.810240916008695], [24.53741516360202, 8.91753756573172], [24.19406772118765, 8.728696472403897], [23.886979580860668, 8.619729712933065], [24.567369012152085, 8.229187933785468], [23.805813429466752, 8.666318874542526]]]}}, {"type": "Feature", "properties": {"name": "Eritrea"}, "geometry": {"type": "Polygon", "coordinates": [[[36.32321999999999, 14.822490000000016], [36.75389000000007, 16.291860000000042], [36.852530000000115, 16.956549999999993], [37.167470000000094, 17.263140000000135], [37.90400000000011, 17.427540000000022], [38.410089959473225, 17.998307399970315], [38.990622999840014, 16.840626125551694], [39.26611006038803, 15.92272349696725], [39.814293654140215, 15.435647284400318], [41.17927493669765, 14.491079616753211], [41.73495161313235, 13.921036892141558], [42.27683068214486, 13.343992010954423], [42.58957645037526, 13.000421250861905], [43.08122602720016, 12.699638576707116], [42.77964236834475, 12.455415757695675], [42.35156000000012, 12.542230000000131], [42.00975, 12.865819999999928], [41.59856000000002, 13.452090000000112], [41.15519999999998, 13.773329999999987], [40.896600000000035, 14.118640000000141], [40.02625000000012, 14.519589999999994], [39.34061000000008, 14.531549999999982], [39.0994, 14.740640000000042], [38.512950000000046, 14.50547000000006], [37.90607000000011, 14.959430000000168], [37.59377000000006, 14.213099999999997], [36.42951000000005, 14.422110000000032], [36.32321999999999, 14.822490000000016]]]}}, {"type": "Feature", "properties": {"name": "Yemen"}, "geometry": {"type": "Polygon", "coordinates": [[[52.78218427919205, 17.349742336491232], [53.10857262554751, 16.651051133688952], [52.38520592632588, 16.382411200419654], [52.19172936382509, 15.93843313238402], [52.1681649107, 15.597420355689948], [51.172515089732485, 15.175249742081492], [49.57457645040315, 14.708766587782748], [48.67923058451416, 14.00320241948566], [48.23894738138742, 13.948089504446372], [47.938914015500785, 14.007233181204427], [47.354453566279716, 13.592219753468383], [46.717076450391744, 13.39969920496502], [45.87759280781027, 13.347764390511685], [45.62505008319988, 13.290946153206763], [45.406458774605255, 13.026905422411433], [45.14435591002086, 12.95393830001531], [44.989533318874415, 12.69958690027471], [44.49457645038285, 12.721652736863348], [44.17511274595449, 12.585950425664876], [43.48295861183713, 12.636800035040084], [43.22287112811213, 13.220950425667425], [43.25144819516953, 13.767583726450852], [43.08794396339806, 14.06263031662131], [42.892245314308724, 14.802249253798749], [42.60487267433362, 15.213335272680595], [42.80501549660005, 15.261962795467255], [42.70243777850066, 15.718885809791999], [42.823670688657415, 15.911742255105267], [42.77933230975097, 16.347891343648683], [43.21837527850275, 16.66688996018641], [43.11579756040336, 17.088440456607373], [43.380794305196105, 17.57998668056767], [43.79151858905192, 17.31997671149111], [44.06261315285508, 17.410358791569593], [45.21665123879719, 17.433328965723334], [45.39999922056876, 17.333335069238558], [46.366658563020536, 17.233315334537636], [46.74999433776165, 17.283338120996177], [47.000004917189756, 16.949999294497445], [47.46669477721763, 17.116681626854884], [48.18334354024134, 18.166669216377315], [49.11667158386487, 18.616667588774945], [52.00000980002224, 19.000003363516058], [52.78218427919205, 17.349742336491232]]]}}, {"type": "Feature", "properties": {"name": "Oman"}, "geometry": {"type": "MultiPolygon", "coordinates": [[[[55.234489373602884, 23.110992743415324], [55.525841098864475, 23.524869289640932], [55.52863162620824, 23.933604030853502], [55.98121382022046, 24.13054291431783], [55.804118686756226, 24.269604193615265], [55.88623253766801, 24.920830593357447], [56.396847365144005, 24.924732163995486], [56.845140415276006, 24.241673081961505], [57.4034525897574, 23.878594468678813], [58.13694786970825, 23.74793060962881], [58.72921146020542, 23.56566783293536], [59.18050174341033, 22.992395331305474], [59.45009769067703, 22.6602709009656], [59.80806033716286, 22.533611965418217], [59.806148309168066, 22.310524807214193], [59.442191196536385, 21.714540513592027], [59.28240766788991, 21.43388580981485], [58.86114139184656, 21.114034532144302], [58.48798587426694, 20.428985907467094], [58.034318475176605, 20.481437486243337], [57.826372511634105, 20.24300242764863], [57.665762160070955, 19.73600495043307], [57.788700392493325, 19.067570298737678], [57.694390903560645, 18.94470958096376], [57.234263950433814, 18.947991034414287], [56.60965091332193, 18.574267076079465], [56.51218916201947, 18.087113348863966], [56.28352094912793, 17.876066799383963], [55.66149173363064, 17.884128322821496], [55.26993940615512, 17.632309068263197], [55.27490034365513, 17.22835439703762], [54.79100223167404, 16.95069692633338], [54.23925296409371, 17.044980577049913], [53.570508253804576, 16.707662665264706], [53.10857262554751, 16.651051133688952], [52.78218427919205, 17.349742336491232], [52.00000980002224, 19.000003363516058], [54.99998172386236, 19.999994004796108], [55.666659376859826, 22.00000112557234], [55.208341098863194, 22.708329982997046], [55.234489373602884, 23.110992743415324]]], [[[56.07082075381456, 26.05546417897398], [56.36201744977927, 26.39593435312898], [56.48567915225374, 26.309117946878633], [56.39142133975335, 25.895990708921246], [56.261041701080956, 25.71460643157677], [56.07082075381456, 26.05546417897398]]]]}}, {"type": "Feature", "properties": {"name": "Saudi Arabia"}, "geometry": {"type": "Polygon", "coordinates": [[[36.06894087092206, 29.197494615184453], [36.50121422704359, 29.505253607698705], [36.74052778498725, 29.86528331147619], [37.503581984209035, 30.003776150018407], [37.66811974462638, 30.3386652694859], [37.998848911294374, 30.508499864213135], [37.00216556168101, 31.508412990844747], [39.00488569515255, 32.01021698661498], [39.19546837744497, 32.16100881604267], [40.399994337736246, 31.889991766887935], [41.889980910007836, 31.19000865327837], [44.70949873228474, 29.178891099559383], [46.568713413281756, 29.09902517345229], [47.45982181172283, 29.002519436147224], [47.708850538937384, 28.526062730416143], [48.416094191283946, 28.55200429942667], [48.80759484232718, 27.689627997339883], [49.29955447774583, 27.46121816660981], [49.47091352722566, 27.109999294538085], [50.15242231629088, 26.689663194275997], [50.212935418504685, 26.277026882425375], [50.11330325704594, 25.94397227630425], [50.239858839728754, 25.608049628190926], [50.527386509000735, 25.327808335872103], [50.66055667501689, 24.999895534764022], [50.81010827006958, 24.754742539971378], [51.11241539897702, 24.556330878186724], [51.38960778179063, 24.62738597258806], [51.57951867046327, 24.245497137951105], [51.61770755392698, 24.01421926522883], [52.000733270074335, 23.00115448657894], [55.006803012924905, 22.496947536707136], [55.208341098863194, 22.708329982997046], [55.666659376859826, 22.00000112557234], [54.99998172386236, 19.999994004796108], [52.00000980002224, 19.000003363516058], [49.11667158386487, 18.616667588774945], [48.18334354024134, 18.166669216377315], [47.46669477721763, 17.116681626854884], [47.000004917189756, 16.949999294497445], [46.74999433776165, 17.283338120996177], [46.366658563020536, 17.233315334537636], [45.39999922056876, 17.333335069238558], [45.21665123879719, 17.433328965723334], [44.06261315285508, 17.410358791569593], [43.79151858905192, 17.31997671149111], [43.380794305196105, 17.57998668056767], [43.11579756040336, 17.088440456607373], [43.21837527850275, 16.66688996018641], [42.77933230975097, 16.347891343648683], [42.649572788266084, 16.774635321514964], [42.34798912941071, 17.075805568912003], [42.270887892431226, 17.474721787989125], [41.75438195167396, 17.833046169500975], [41.22139122901558, 18.67159963630121], [40.93934126156654, 19.486485297111756], [40.247652215339826, 20.17463450772649], [39.80168460466095, 20.338862209550058], [39.139399448408284, 21.291904812092934], [39.023695916506796, 21.986875311770195], [39.06632897314759, 22.57965566659027], [38.49277225114008, 23.688451036060854], [38.02386030452362, 24.078685614512935], [37.483634881344386, 24.285494696545015], [37.154817742671185, 24.85848297779731], [37.209491408036, 25.084541530858107], [36.93162723160259, 25.60295949961018], [36.639603712721225, 25.826227525327223], [36.249136590323815, 26.57013560638488], [35.64018151219639, 27.376520494083422], [35.13018680190788, 28.06335195567472], [34.63233605320798, 28.058546047471566], [34.787778761541944, 28.6074272730597], [34.832220493312946, 28.957483425404845], [34.95603722508426, 29.356554673778845], [36.06894087092206, 29.197494615184453]]]}}, {"type": "Feature", "properties": {"name": "United Arab Emirates"}, "geometry": {"type": "Polygon", "coordinates": [[[51.757440626844186, 24.29407298430547], [51.79438927593287, 24.019826158132506], [52.57708051942561, 24.177439276622707], [53.404006788960146, 24.15131684009917], [54.00800092958758, 24.121757920828216], [54.69302371604863, 24.79789236093509], [55.43902469261414, 25.43914520924494], [56.07082075381456, 26.05546417897398], [56.261041701080956, 25.71460643157677], [56.396847365144005, 24.924732163995486], [55.88623253766801, 24.920830593357447], [55.804118686756226, 24.269604193615265], [55.98121382022046, 24.13054291431783], [55.52863162620824, 23.933604030853502], [55.525841098864475, 23.524869289640932], [55.234489373602884, 23.110992743415324], [55.208341098863194, 22.708329982997046], [55.006803012924905, 22.496947536707136], [52.000733270074335, 23.00115448657894], [51.61770755392698, 24.01421926522883], [51.57951867046327, 24.245497137951105], [51.757440626844186, 24.29407298430547]]]}}, {"type": "Feature", "properties": {"name": "Qatar"}, "geometry": {"type": "Polygon", "coordinates": [[[50.74391076030369, 25.482424221289396], [51.013351678273494, 26.006991685484195], [51.28646162293606, 26.11458201751587], [51.58907881043726, 25.80111277923338], [51.60670047384881, 25.21567047779874], [51.38960778179063, 24.62738597258806], [51.11241539897702, 24.556330878186724], [50.81010827006958, 24.754742539971378], [50.74391076030369, 25.482424221289396]]]}}, {"type": "Feature", "properties": {"name": "Egypt"}, "geometry": {"type": "Polygon", "coordinates": [[[32.89999999999998, 22.0], [29.019999999999982, 22.0], [25.0, 22.0], [25.0, 25.682499996361], [25.0, 29.23865452953346], [24.70007, 30.044190000000004], [24.957620000000002, 30.6616], [24.802869999999984, 31.089290000000005], [25.16482, 31.56915], [26.49533, 31.58568], [27.457620000000002, 31.32126], [28.450480000000002, 31.025769999999998], [28.913529999999998, 30.87005], [29.683419999999998, 31.186860000000003], [30.09503, 31.4734], [30.976930000000003, 31.55586], [31.687960000000004, 31.4296], [31.96041, 30.933600000000002], [32.19247, 31.26034], [32.99392, 31.024070000000002], [33.7734, 30.967460000000003], [34.26543474464621, 31.21935730952032], [34.265440000000005, 31.219359999999998], [34.823243288783814, 29.76108076171822], [34.9226, 29.50133], [34.64174, 29.099420000000002], [34.42655, 28.343989999999998], [34.15451, 27.8233], [33.92136, 27.6487], [33.58811, 27.97136], [33.13676, 28.417650000000002], [32.423230000000004, 29.851080000000003], [32.32046, 29.76043], [32.73482, 28.70523], [33.34876, 27.69989], [34.10455, 26.14227], [34.473870000000005, 25.598560000000003], [34.79507, 25.03375], [35.69241, 23.92671], [35.49372, 23.752370000000003], [35.52598, 23.10244], [36.690690000000004, 22.20485], [36.86622999999997, 22.0], [32.89999999999998, 22.0]]]}}, {"type": "Feature", "properties": {"name": "Kuwait"}, "geometry": {"type": "Polygon", "coordinates": [[[48.18318851094449, 29.534476630159762], [48.09394331237642, 29.306299343375002], [48.416094191283946, 28.55200429942667], [47.708850538937384, 28.526062730416143], [47.45982181172283, 29.002519436147224], [46.568713413281756, 29.09902517345229], [47.30262210469096, 30.059069932570722], [47.974519077349896, 29.975819200148504], [48.18318851094449, 29.534476630159762]]]}}, {"type": "Feature", "properties": {"name": "Jordan"}, "geometry": {"type": "Polygon", "coordinates": [[[35.71991824722275, 32.709192409794866], [36.834062127435544, 32.312937526980775], [38.792340529136084, 33.378686428352225], [39.19546837744497, 32.16100881604267], [39.00488569515255, 32.01021698661498], [37.00216556168101, 31.508412990844747], [37.998848911294374, 30.508499864213135], [37.66811974462638, 30.3386652694859], [37.503581984209035, 30.003776150018407], [36.74052778498725, 29.86528331147619], [36.50121422704359, 29.505253607698705], [36.06894087092206, 29.197494615184453], [34.95603722508426, 29.356554673778845], [34.92260257339143, 29.501326198844524], [35.420918409981965, 31.100065822874356], [35.397560662586045, 31.489086005167582], [35.5452519060762, 31.78250478772084], [35.54566531753454, 32.393992011030576], [35.71991824722275, 32.709192409794866]]]}}, {"type": "Feature", "properties": {"name": "Israel"}, "geometry": {"type": "Polygon", "coordinates": [[[35.54566531753454, 32.393992011030576], [35.183930291491436, 32.53251068778894], [34.97464074070933, 31.866582343059722], [35.22589155451243, 31.754341132121766], [34.970506626125996, 31.61677846936081], [34.92740848159457, 31.353435370401414], [35.397560662586045, 31.489086005167582], [35.420918409981965, 31.100065822874356], [34.92260257339143, 29.501326198844524], [34.823243288783814, 29.76108076171822], [34.265440000000005, 31.219359999999998], [34.26543474464621, 31.21935730952032], [34.26543338393569, 31.219360866820153], [34.55637169773891, 31.548823960896996], [34.48810713068136, 31.60553884533732], [34.75258711115117, 32.07292633720117], [34.95541710789678, 32.82737641044638], [35.098457472480675, 33.080539252244265], [35.126052687324545, 33.09090037691878], [35.460709262846706, 33.08904002535628], [35.55279666519081, 33.26427480725802], [35.82110070165024, 33.2774264592763], [35.836396925608625, 32.86812327730851], [35.70079796727475, 32.71601369885738], [35.71991824722275, 32.709192409794866], [35.54566531753454, 32.393992011030576]]]}}, {"type": "Feature", "properties": {"name": "Palestine"}, "geometry": {"type": "Polygon", "coordinates": [[[34.92740848159457, 31.353435370401414], [34.970506626125996, 31.61677846936081], [35.22589155451243, 31.754341132121766], [34.97464074070933, 31.866582343059722], [35.183930291491436, 32.53251068778894], [35.54566531753454, 32.393992011030576], [35.5452519060762, 31.78250478772084], [35.397560662586045, 31.489086005167582], [34.92740848159457, 31.353435370401414]]]}}, {"type": "Feature", "properties": {"name": "Iran"}, "geometry": {"type": "Polygon", "coordinates": [[[48.0145683123761, 30.452456773392598], [48.004698113808324, 30.985137437457244], [47.68528608581227, 30.984853217079632], [47.8492037290421, 31.70917593029867], [47.33466149271191, 32.46915538179911], [46.10936160663932, 33.017287299119005], [45.41669070819904, 33.967797756479584], [45.64845950702809, 34.748137722303014], [46.15178795755094, 35.09325877536429], [46.0763403664048, 35.67738332777549], [45.42061811705321, 35.977545884742824], [44.77267710159504, 37.17043692561684], [44.77267, 37.17045], [44.22575564960053, 37.97158437758935], [44.24370685040926, 38.0], [49.0206478020422, 38.0], [49.19961225769334, 37.582874253889884], [50.14777143738462, 37.37456655532134], [50.84235436381971, 36.8728142359834], [52.264024692601424, 36.7004216578577], [53.82578982932642, 36.965030829408235], [53.92159793479556, 37.19891836196126], [54.800303989486565, 37.392420762678185], [55.51157840355191, 37.96411713312317], [56.18037479027333, 37.93512665460743], [56.33326675007633, 38.0], [57.39419058595836, 38.0], [58.436154412678206, 37.5223094752438], [59.23476199731681, 37.41298798273034], [60.37763797388388, 36.52738312432837], [61.123070509694145, 36.491597194966246], [61.210817091725744, 35.650072333309225], [60.80319339380745, 34.40410187431986], [60.52842980331158, 33.676446031218006], [60.963700392506006, 33.52883230237626], [60.536077915290775, 32.98126882581157], [60.863654819588966, 32.18291962333443], [60.94194461451113, 31.548074652628753], [61.69931440618083, 31.379506130492672], [61.781221551363444, 30.735850328081238], [60.87424848820879, 29.829238999952608], [61.36930870956494, 29.303276272085924], [61.77186811711863, 28.6993338078908], [62.72783043808599, 28.25964488373539], [62.75542565292986, 27.378923448184988], [63.2338977395203, 27.21704702403071], [63.31663170761959, 26.756532497661667], [61.87418745305655, 26.239974880472104], [61.49736290878419, 25.0782370061185], [59.616134067630846, 25.380156561783778], [58.525761346272304, 25.60996165618573], [57.39725141788239, 25.73990204518364], [56.970765822177555, 26.966106268821363], [56.492138706290206, 27.143304755150197], [55.723710158110066, 26.964633490501043], [54.71508955263727, 26.480657863871514], [53.49309695823135, 26.81236888275305], [52.48359785340961, 27.580849107365495], [51.52076256694742, 27.865689602158298], [50.85294803243954, 28.814520575469388], [50.115008579311585, 30.147772528599717], [49.576850213423995, 29.985715236932407], [48.94133344909855, 30.317090359004037], [48.567971225789755, 29.926778265903522], [48.0145683123761, 30.452456773392598]]]}}, {"type": "Feature", "properties": {"name": "Iraq"}, "geometry": {"type": "Polygon", "coordinates": [[[38.792340529136084, 33.378686428352225], [41.006158888519934, 34.41937226006212], [41.383965285005814, 35.628316555314356], [41.289707472505455, 36.35881460219227], [41.83706424334096, 36.605853786763575], [42.34959109881177, 37.2298725449041], [42.77912560402183, 37.385263576805755], [43.9422587420473, 37.25622752537295], [44.29345177590287, 37.0015143906063], [44.77267710159504, 37.17043692561684], [45.42061811705321, 35.977545884742824], [46.0763403664048, 35.67738332777549], [46.15178795755094, 35.09325877536429], [45.64845950702809, 34.748137722303014], [45.41669070819904, 33.967797756479584], [46.10936160663932, 33.017287299119005], [47.33466149271191, 32.46915538179911], [47.8492037290421, 31.70917593029867], [47.68528608581227, 30.984853217079632], [48.004698113808324, 30.985137437457244], [48.0145683123761, 30.452456773392598], [48.567971225789755, 29.926778265903522], [47.974519077349896, 29.975819200148504], [47.30262210469096, 30.059069932570722], [46.568713413281756, 29.09902517345229], [44.70949873228474, 29.178891099559383], [41.889980910007836, 31.19000865327837], [40.399994337736246, 31.889991766887935], [39.19546837744497, 32.16100881604267], [38.792340529136084, 33.378686428352225]]]}}, {"type": "Feature", "properties": {"name": "Lebanon"}, "geometry": {"type": "Polygon", "coordinates": [[[35.55279666519081, 33.26427480725802], [35.460709262846706, 33.08904002535628], [35.126052687324545, 33.09090037691878], [35.48220665868013, 33.90545014091944], [35.9795923194894, 34.61005829521913], [35.99840254084364, 34.644914048800004], [36.4481942075121, 34.59393524834407], [36.61175011571589, 34.20178864189718], [36.066460402172055, 33.82491242119255], [35.82110070165024, 33.2774264592763], [35.55279666519081, 33.26427480725802]]]}}, {"type": "Feature", "properties": {"name": "Syria"}, "geometry": {"type": "Polygon", "coordinates": [[[35.70079796727475, 32.71601369885738], [35.836396925608625, 32.86812327730851], [35.82110070165024, 33.2774264592763], [36.066460402172055, 33.82491242119255], [36.61175011571589, 34.20178864189718], [36.4481942075121, 34.59393524834407], [35.99840254084364, 34.644914048800004], [35.905023227692226, 35.410009467097325], [36.149762811026534, 35.82153473565367], [36.417550083163036, 36.04061697035506], [36.6853890317318, 36.259699205056464], [36.7394942563414, 36.81752045343109], [37.06676110204583, 36.62303620050062], [38.1677274920242, 36.90121043552777], [38.6998913917659, 36.71292735447234], [39.52258019385255, 36.71605377862599], [40.67325931169569, 37.09127635349729], [41.21208947120305, 37.074352321921694], [42.34959109881177, 37.2298725449041], [41.83706424334096, 36.605853786763575], [41.289707472505455, 36.35881460219227], [41.383965285005814, 35.628316555314356], [41.006158888519934, 34.41937226006212], [38.792340529136084, 33.378686428352225], [36.834062127435544, 32.312937526980775], [35.71991824722275, 32.709192409794866], [35.70079796727475, 32.71601369885738]]]}}, {"type": "Feature", "properties": {"name": "Cyprus"}, "geometry": {"type": "Polygon", "coordinates": [[[32.919572381326134, 35.08783274997364], [33.19097700372305, 35.17312470147138], [33.3838334490363, 35.16271190036457], [33.45592207208347, 35.10142365166641], [33.47581749851585, 35.000344550103506], [33.5256852556775, 35.03868846286407], [33.675391880027064, 35.01786286065045], [33.86643965021011, 35.09359467217419], [33.97361657078346, 35.058506374648005], [34.00488081232004, 34.97809784600186], [32.97982710137845, 34.57186941175544], [32.49029625827754, 34.701654771456475], [32.25666710788596, 35.10323232679663], [32.73178022637745, 35.14002594658844], [32.919572381326134, 35.08783274997364]]]}}, {"type": "Feature", "properties": {"name": "N. Cyprus"}, "geometry": {"type": "Polygon", "coordinates": [[[32.80247358575275, 35.14550364841138], [32.946960890440806, 35.3867033961337], [33.667227003724946, 35.37321584730552], [34.576473829900465, 35.67159556735879], [33.900804477684204, 35.245755927057616], [33.97361657078346, 35.058506374648005], [33.86643965021011, 35.09359467217419], [33.675391880027064, 35.01786286065045], [33.5256852556775, 35.03868846286407], [33.47581749851585, 35.000344550103506], [33.45592207208347, 35.10142365166641], [33.3838334490363, 35.16271190036457], [33.19097700372305, 35.17312470147138], [32.919572381326134, 35.08783274997364], [32.73178022637745, 35.14002594658844], [32.80247358575275, 35.14550364841138]]]}}, {"type": "Feature", "properties": {"name": "Turkey"}, "geometry": {"type": "Polygon", "coordinates": [[[44.29345177590287, 37.0015143906063], [43.9422587420473, 37.25622752537295], [42.77912560402183, 37.385263576805755], [42.34959109881177, 37.2298725449041], [41.21208947120305, 37.074352321921694], [40.67325931169569, 37.09127635349729], [39.52258019385255, 36.71605377862599], [38.6998913917659, 36.71292735447234], [38.1677274920242, 36.90121043552777], [37.06676110204583, 36.62303620050062], [36.7394942563414, 36.81752045343109], [36.6853890317318, 36.259699205056464], [36.417550083163036, 36.04061697035506], [36.149762811026534, 35.82153473565367], [35.782084995269855, 36.27499542901485], [36.160821567537, 36.65060557712833], [35.55093631362831, 36.565442816711325], [34.714553256984345, 36.7955321314909], [34.026894972476384, 36.219960028624016], [32.509158156064075, 36.107563788389186], [31.699595167779567, 36.64427521417258], [30.621624790171097, 36.6778648951623], [30.391096225717064, 36.26298065850699], [29.69997562024554, 36.144357408180994], [28.732902866335422, 36.67683136651647], [27.641186557737317, 36.65882212986274], [27.048767937943264, 37.653360907536], [26.592297643111753, 38.0], [44.24370685040926, 38.0], [44.22575564960053, 37.97158437758935], [44.77267, 37.17045], [44.77267710159504, 37.17043692561684], [44.29345177590287, 37.0015143906063]]]}}, {"type": "Feature", "properties": {"name": "Bhutan"}, "geometry": {"type": "Polygon", "coordinates": [[[92.10371178585974, 27.452614040633208], [92.03348351437509, 26.83831045176356], [91.21751264848643, 26.808648179628022], [90.37327477413407, 26.87572418874288], [89.74452762243885, 26.719402981059957], [88.83564253128938, 27.098966376243762], [88.81424848832056, 27.299315904239364], [89.47581017452111, 28.042758897406397], [90.01582889197118, 28.296438503527217], [90.7305139505678, 28.064953925075756], [91.25885379431992, 28.040614325466294], [91.69665652869668, 27.771741848251665], [92.10371178585974, 27.452614040633208]]]}}, {"type": "Feature", "properties": {"name": "Nepal"}, "geometry": {"type": "Polygon", "coordinates": [[[88.04313276566123, 27.445818589786825], [88.17480431514092, 26.81040517832595], [88.06023766474982, 26.41461538340249], [87.2274719583663, 26.397898057556077], [86.02439293817918, 26.63098460540857], [85.25177859898338, 26.726198431906344], [84.6750179381738, 27.234901231387536], [83.30424889519955, 27.36450572357556], [81.99998742058497, 27.925479234319994], [81.05720258985203, 28.416095282499043], [80.08842451367627, 28.79447011974014], [80.4767212259174, 29.72986522065534], [81.11125613802932, 30.183480943313402], [81.52580447787474, 30.42271698660863], [82.32751264845088, 30.115268052688137], [83.33711510613719, 29.463731594352197], [83.89899295444673, 29.320226141877658], [84.23457970575015, 28.839893703724698], [85.01163821812304, 28.642773952747344], [85.82331994013151, 28.203575954698707], [86.9545170430006, 27.974261786403517], [88.12044070836987, 27.876541652939594], [88.04313276566123, 27.445818589786825]]]}}, {"type": "Feature", "properties": {"name": "Pakistan"}, "geometry": {"type": "Polygon", "coordinates": [[[76.87172163280403, 34.65354401299274], [75.75706098826834, 34.50492259372132], [74.24020267120497, 34.748887030571254], [73.74994835805197, 34.31769887952785], [74.10429365427734, 33.44147329358685], [74.45155927927871, 32.7648996038055], [75.25864179881322, 32.2711054550405], [74.40592898956501, 31.69263947196528], [74.42138024282028, 30.979814764931177], [73.45063846221743, 29.97641347911987], [72.8237516620847, 28.961591701772054], [71.77766564320032, 27.913180243434525], [70.61649620960193, 27.989196275335868], [69.51439293811313, 26.940965684511372], [70.16892662952202, 26.491871649678842], [70.2828731627256, 25.72222870533983], [70.84469933460284, 25.21510203704352], [71.04324018746823, 24.3565239527302], [68.84259931831878, 24.35913361256094], [68.1766451353734, 23.69196503345671], [67.44366661974547, 23.94484365487699], [67.14544192898907, 24.663611151624647], [66.37282758979327, 25.42514089609385], [64.53040774929113, 25.23703868255143], [62.90570071803461, 25.21840932871021], [61.49736290878419, 25.0782370061185], [61.87418745305655, 26.239974880472104], [63.31663170761959, 26.756532497661667], [63.2338977395203, 27.21704702403071], [62.75542565292986, 27.378923448184988], [62.72783043808599, 28.25964488373539], [61.77186811711863, 28.6993338078908], [61.36930870956494, 29.303276272085924], [60.87424848820879, 29.829238999952608], [62.54985680527278, 29.31857249604431], [63.55026085801117, 29.468330796826166], [64.14800215033125, 29.340819200145972], [64.35041873561852, 29.560030625928093], [65.0468620136161, 29.472180691031905], [66.34647260932442, 29.887943427036177], [66.38145755398602, 30.738899237586452], [66.93889122911847, 31.304911200479353], [67.68339358914747, 31.30315420178142], [67.79268924344478, 31.58293040620963], [68.55693200060932, 31.713310044882018], [68.92667687365767, 31.620189113892067], [69.31776411324256, 31.901412258424443], [69.26252200712256, 32.5019440780883], [69.68714725126486, 33.105498969041236], [70.3235941913716, 33.35853261975839], [69.9305432473596, 34.02012014417511], [70.8818030129884, 33.98885590263852], [71.15677330921346, 34.34891144463215], [71.11501875192164, 34.733125718722235], [71.61307620635071, 35.153203436822864], [71.49876793812109, 35.650563259416], [71.26234826038575, 36.074387518857804], [71.84629194528392, 36.50994232842986], [72.92002485544447, 36.72000702569632], [74.06755171091783, 36.83617564548845], [74.57589277537298, 37.02084137628346], [75.15802778514092, 37.13303091078912], [75.89689741405013, 36.666806138651836], [76.19284834178569, 35.89840342868783], [77.83745079947457, 35.494009507787766], [76.87172163280403, 34.65354401299274]]]}}, {"type": "Feature", "properties": {"name": "Afghanistan"}, "geometry": {"type": "Polygon", "coordinates": [[[67.07578209825962, 37.35614390720929], [67.82999962755952, 37.144994004864685], [68.13556237170138, 37.02311513930431], [68.85944583524594, 37.344335842430596], [69.19627282092438, 37.15114350030743], [69.51878543485796, 37.60899669041342], [70.11657840361033, 37.58822276463209], [70.27057417184014, 37.735164699854025], [70.34001579994454, 38.0], [71.25602921259639, 38.0], [71.23940392444817, 37.953265082341886], [71.54191775908478, 37.905774441065645], [71.44869347523024, 37.06564484308052], [71.8446382994506, 36.73817129164692], [72.1930408059624, 36.948287665345674], [72.63688968291729, 37.047558091778356], [73.26005577992501, 37.495256862939], [73.9486959166465, 37.4215662704908], [74.98000247589542, 37.419990139305895], [75.15802778514092, 37.13303091078912], [74.57589277537298, 37.02084137628346], [74.06755171091783, 36.83617564548845], [72.92002485544447, 36.72000702569632], [71.84629194528392, 36.50994232842986], [71.26234826038575, 36.074387518857804], [71.49876793812109, 35.650563259416], [71.61307620635071, 35.153203436822864], [71.11501875192164, 34.733125718722235], [71.15677330921346, 34.34891144463215], [70.8818030129884, 33.98885590263852], [69.9305432473596, 34.02012014417511], [70.3235941913716, 33.35853261975839], [69.68714725126486, 33.105498969041236], [69.26252200712256, 32.5019440780883], [69.31776411324256, 31.901412258424443], [68.92667687365767, 31.620189113892067], [68.55693200060932, 31.713310044882018], [67.79268924344478, 31.58293040620963], [67.68339358914747, 31.30315420178142], [66.93889122911847, 31.304911200479353], [66.38145755398602, 30.738899237586452], [66.34647260932442, 29.887943427036177], [65.0468620136161, 29.472180691031905], [64.35041873561852, 29.560030625928093], [64.14800215033125, 29.340819200145972], [63.55026085801117, 29.468330796826166], [62.54985680527278, 29.31857249604431], [60.87424848820879, 29.829238999952608], [61.781221551363444, 30.735850328081238], [61.69931440618083, 31.379506130492672], [60.94194461451113, 31.548074652628753], [60.863654819588966, 32.18291962333443], [60.536077915290775, 32.98126882581157], [60.963700392506006, 33.52883230237626], [60.52842980331158, 33.676446031218006], [60.80319339380745, 34.40410187431986], [61.210817091725744, 35.650072333309225], [62.230651483005886, 35.270663967422294], [62.98466230657661, 35.40404083916762], [63.19353844590035, 35.857165635718914], [63.98289594915871, 36.0079574651466], [64.5464791197339, 36.31207326918427], [64.7461051776774, 37.111817735333304], [65.58894778835784, 37.30521678318564], [65.74563073106683, 37.66116404881207], [66.21738488145934, 37.39379018813392], [66.51860680528867, 37.36278432875879], [67.07578209825962, 37.35614390720929]]]}}, {"type": "Feature", "properties": {"name": "China"}, "geometry": {"type": "MultiPolygon", "coordinates": [[[[108.65520796105616, 18.507681993071387], [108.62621748254044, 19.367887885001906], [109.11905561730804, 19.821038519769345], [110.21159874882281, 20.101253973872033], [110.78655073450221, 20.077534491450052], [111.01005130416458, 19.69592987719072], [110.57064660038677, 19.25587921800927], [110.33918786015147, 18.678395087147592], [109.47520958866365, 18.197700913968575], [108.65520796105616, 18.507681993071387]]], [[[111.84359215703248, 21.550493679281473], [110.78546552942407, 21.397143866455338], [110.44403934127168, 20.34103261970633], [109.88986128137361, 20.282457383703488], [109.62765506392466, 21.008227037026703], [109.86448815311832, 21.395050970947523], [108.5228129415244, 21.715212307211814], [108.05018029178294, 21.55237986906012], [107.04342003787264, 21.811898912029914], [106.56727339073532, 22.21820486092477], [106.72540327354847, 22.79426788989842], [105.81124718630522, 22.976892401617903], [105.32920942588663, 23.352063300056912], [104.47685835166448, 22.819150092046968], [103.50451460166056, 22.70375661873921], [102.7069922221001, 22.708795070887675], [102.17043582561358, 22.464753119389304], [101.65201785686152, 22.318198757409547], [101.80311974488293, 21.17436676684507], [101.27002566935997, 21.201651923095184], [101.18000532430754, 21.436572984294028], [101.15003299357825, 21.849984442629022], [100.41653771362738, 21.558839423096614], [99.98348921102149, 21.7429367131364], [99.24089887898725, 22.11831431730458], [99.5319922220874, 22.94903880461258], [98.89874922078278, 23.14272207284253], [98.66026248575577, 24.063286037689966], [97.60471967976198, 23.897404690033042], [97.72460900267914, 25.083637193293], [98.67183800658916, 25.918702500913525], [98.71209394734451, 26.743535874940267], [98.68269005737046, 27.50881216075062], [98.2462309102333, 27.74722138112918], [97.91198774616944, 28.335945136014345], [97.32711388549004, 28.26158274994634], [96.24883344928779, 28.411030992134442], [96.58659061074749, 28.83097951915434], [96.11767866413103, 29.452802028922466], [95.40480228066464, 29.03171662039213], [94.56599043170294, 29.277438055939985], [93.41334760943269, 28.640629380807226], [92.50311893104364, 27.89687632904645], [91.69665652869668, 27.771741848251665], [91.25885379431992, 28.040614325466294], [90.7305139505678, 28.064953925075756], [90.01582889197118, 28.296438503527217], [89.47581017452111, 28.042758897406397], [88.81424848832056, 27.299315904239364], [88.73032596227856, 28.086864732367516], [88.12044070836987, 27.876541652939594], [86.9545170430006, 27.974261786403517], [85.82331994013151, 28.203575954698707], [85.01163821812304, 28.642773952747344], [84.23457970575015, 28.839893703724698], [83.89899295444673, 29.320226141877658], [83.33711510613719, 29.463731594352197], [82.32751264845088, 30.115268052688137], [81.52580447787474, 30.42271698660863], [81.11125613802932, 30.183480943313402], [79.7213668151071, 30.88271474865473], [78.73889448437401, 31.515906073527063], [78.45844648632601, 32.61816437431273], [79.17612877799553, 32.48377981213771], [79.20889163606859, 32.994394639613716], [78.81108646028574, 33.50619802503242], [78.91226891471322, 34.32193634697579], [77.83745079947457, 35.494009507787766], [76.19284834178569, 35.89840342868783], [75.89689741405013, 36.666806138651836], [75.15802778514092, 37.13303091078912], [74.98000247589542, 37.419990139305895], [74.8299857929521, 37.9900070257014], [74.83088090421228, 38.0], [112.0, 38.0], [112.0, 21.60655192052552], [111.84359215703248, 21.550493679281473]]]]}}, {"type": "Feature", "properties": {"name": "Tajikistan"}, "geometry": {"type": "MultiPolygon", "coordinates": [[[[68.30482832461283, 38.0], [70.34001579994454, 38.0], [70.27057417184014, 37.735164699854025], [70.11657840361033, 37.58822276463209], [69.51878543485796, 37.60899669041342], [69.19627282092438, 37.15114350030743], [68.85944583524594, 37.344335842430596], [68.13556237170138, 37.02311513930431], [67.82999962755952, 37.144994004864685], [68.30482832461283, 38.0]]], [[[74.8299857929521, 37.9900070257014], [74.98000247589542, 37.419990139305895], [73.9486959166465, 37.4215662704908], [73.26005577992501, 37.495256862939], [72.63688968291729, 37.047558091778356], [72.1930408059624, 36.948287665345674], [71.8446382994506, 36.73817129164692], [71.44869347523024, 37.06564484308052], [71.54191775908478, 37.905774441065645], [71.23940392444817, 37.953265082341886], [71.25602921259639, 38.0], [74.83088090421228, 38.0], [74.8299857929521, 37.9900070257014]]]]}}, {"type": "Feature", "properties": {"name": "Turkmenistan"}, "geometry": {"type": "MultiPolygon", "coordinates": [[[[66.54615034370022, 37.97468496352687], [66.51860680528867, 37.36278432875879], [66.21738488145934, 37.39379018813392], [65.74563073106683, 37.66116404881207], [65.58894778835784, 37.30521678318564], [64.7461051776774, 37.111817735333304], [64.5464791197339, 36.31207326918427], [63.98289594915871, 36.0079574651466], [63.19353844590035, 35.857165635718914], [62.98466230657661, 35.40404083916762], [62.230651483005886, 35.270663967422294], [61.210817091725744, 35.650072333309225], [61.123070509694145, 36.491597194966246], [60.37763797388388, 36.52738312432837], [59.23476199731681, 37.41298798273034], [58.436154412678206, 37.5223094752438], [57.39419058595836, 38.0], [66.46747735380364, 38.0], [66.54615034370022, 37.97468496352687]]], [[[56.18037479027333, 37.93512665460743], [55.51157840355191, 37.96411713312317], [54.800303989486565, 37.392420762678185], [53.92159793479556, 37.19891836196126], [53.73551110211252, 37.90613617609169], [53.74856081928739, 38.0], [56.33326675007633, 38.0], [56.18037479027333, 37.93512665460743]]]]}}, {"type": "Feature", "properties": {"name": "Uzbekistan"}, "geometry": {"type": "Polygon", "coordinates": [[[67.82999962755952, 37.144994004864685], [67.07578209825962, 37.35614390720929], [66.51860680528867, 37.36278432875879], [66.54615034370022, 37.97468496352687], [66.46747735380364, 38.0], [68.30482832461283, 38.0], [67.82999962755952, 37.144994004864685]]]}}]}